# Blender v2.74 (sub 0) OBJ File: 'rounded-dice.blend'
# www.blender.org
mtllib rounded-dice.mtl
o 6_Sphere.014
v -0.578640 1.000000 -0.853435
v -0.586885 1.000000 -0.834154
v -0.619451 1.000000 -0.804175
v -0.671205 1.000000 -0.767581
v -0.592122 1.072140 -0.848520
v -0.599340 1.066648 -0.829613
v -0.628984 1.051010 -0.800700
v -0.676364 1.027607 -0.765701
v -0.630514 1.133297 -0.834524
v -0.634810 1.123150 -0.816683
v -0.656131 1.094255 -0.790803
v -0.691056 1.051010 -0.760345
v -0.736654 1.000000 -0.736490
v -0.687973 1.174161 -0.813578
v -0.687895 1.160904 -0.797331
v -0.696760 1.123150 -0.775992
v -0.713045 1.066648 -0.752329
v -0.755749 1.188510 -0.788871
v -0.750512 1.174161 -0.774504
v -0.744686 1.133297 -0.758522
v -0.738982 1.072140 -0.742874
v -0.823526 1.174161 -0.764163
v -0.813130 1.160903 -0.751678
v -0.792611 1.123150 -0.741051
v -0.764919 1.066648 -0.733419
v -0.880984 1.133297 -0.743217
v -0.866214 1.123150 -0.732326
v -0.833240 1.094255 -0.726240
v -0.786907 1.051010 -0.725403
v -0.919377 1.072140 -0.729222
v -0.901684 1.066648 -0.719396
v -0.860388 1.051010 -0.716343
v -0.801599 1.027606 -0.720047
v -0.932858 1.000000 -0.724307
v -0.914140 1.000000 -0.714855
v -0.869921 1.000000 -0.712868
v -0.806758 1.000000 -0.718166
v -0.919377 0.927860 -0.729222
v -0.901684 0.933351 -0.719396
v -0.860388 0.948989 -0.716343
v -0.801599 0.972393 -0.720047
v -0.880984 0.866703 -0.743217
v -0.866214 0.876850 -0.732326
v -0.833240 0.905745 -0.726240
v -0.786907 0.948989 -0.725403
v -0.823526 0.825839 -0.764163
v -0.813130 0.839096 -0.751678
v -0.792611 0.876850 -0.741051
v -0.764919 0.933351 -0.733419
v -0.755749 0.811490 -0.788871
v -0.750512 0.825839 -0.774504
v -0.744686 0.866703 -0.758522
v -0.738981 0.927860 -0.742874
v -0.687973 0.825839 -0.813578
v -0.687895 0.839096 -0.797331
v -0.696760 0.876850 -0.775993
v -0.713044 0.933351 -0.752329
v -0.630514 0.866703 -0.834524
v -0.634810 0.876850 -0.816683
v -0.656131 0.905745 -0.790804
v -0.691056 0.948989 -0.760345
v -0.592122 0.927860 -0.848520
v -0.599340 0.933352 -0.829613
v -0.628984 0.948989 -0.800700
v -0.676364 0.972393 -0.765701
v 0.247869 1.000000 -1.154732
v 0.239625 1.000000 -1.135451
v 0.207058 1.000000 -1.105473
v 0.155304 1.000000 -1.068879
v 0.234387 1.072140 -1.149818
v 0.227169 1.066648 -1.130911
v 0.197526 1.051010 -1.101998
v 0.150145 1.027607 -1.066998
v 0.195995 1.133297 -1.135822
v 0.191699 1.123150 -1.117981
v 0.170378 1.094255 -1.092101
v 0.135453 1.051010 -1.061643
v 0.089855 1.000000 -1.037787
v 0.138537 1.174161 -1.114876
v 0.138615 1.160904 -1.098629
v 0.129749 1.123150 -1.077290
v 0.113465 1.066648 -1.053627
v 0.070760 1.188510 -1.090169
v 0.075997 1.174161 -1.075802
v 0.081823 1.133297 -1.059819
v 0.087528 1.072140 -1.044172
v 0.002983 1.174161 -1.065461
v 0.013379 1.160903 -1.052975
v 0.033898 1.123150 -1.042349
v 0.061591 1.066648 -1.034717
v -0.054475 1.133297 -1.044515
v -0.039705 1.123150 -1.033624
v -0.006731 1.094255 -1.027538
v 0.039602 1.051010 -1.026701
v -0.092868 1.072140 -1.030519
v -0.075175 1.066648 -1.020694
v -0.033879 1.051010 -1.017641
v 0.024910 1.027606 -1.021345
v -0.106349 1.000000 -1.025605
v -0.087630 1.000000 -1.016153
v -0.043412 1.000000 -1.014166
v 0.019751 1.000000 -1.019464
v -0.092868 0.927860 -1.030519
v -0.075175 0.933351 -1.020694
v -0.033879 0.948989 -1.017641
v 0.024910 0.972393 -1.021345
v -0.054475 0.866703 -1.044515
v -0.039705 0.876850 -1.033624
v -0.006731 0.905745 -1.027538
v 0.039602 0.948989 -1.026701
v 0.002983 0.825839 -1.065461
v 0.013380 0.839096 -1.052976
v 0.033898 0.876850 -1.042349
v 0.061591 0.933351 -1.034717
v 0.070760 0.811490 -1.090169
v 0.075997 0.825839 -1.075802
v 0.081823 0.866703 -1.059819
v 0.087528 0.927860 -1.044172
v 0.138537 0.825839 -1.114876
v 0.138615 0.839096 -1.098629
v 0.129749 0.876850 -1.077290
v 0.113465 0.933351 -1.053627
v 0.195995 0.866703 -1.135822
v 0.191699 0.876850 -1.117981
v 0.170378 0.905745 -1.092101
v 0.135453 0.948989 -1.061643
v 0.234387 0.927860 -1.149818
v 0.227169 0.933352 -1.130911
v 0.197525 0.948989 -1.101998
v 0.150145 0.972393 -1.066998
v -0.578640 1.439857 -0.853435
v -0.586885 1.439857 -0.834154
v -0.619451 1.439857 -0.804175
v -0.671205 1.439857 -0.767581
v -0.592122 1.511997 -0.848520
v -0.599340 1.506506 -0.829613
v -0.628984 1.490868 -0.800700
v -0.676364 1.467464 -0.765701
v -0.630514 1.573154 -0.834524
v -0.634810 1.563008 -0.816683
v -0.656131 1.534112 -0.790803
v -0.691056 1.490868 -0.760345
v -0.736654 1.439857 -0.736489
v -0.687973 1.614018 -0.813578
v -0.687895 1.600761 -0.797331
v -0.696760 1.563007 -0.775992
v -0.713045 1.506506 -0.752329
v -0.755749 1.628368 -0.788871
v -0.750512 1.614018 -0.774504
v -0.744686 1.573154 -0.758522
v -0.738982 1.511997 -0.742874
v -0.823526 1.614018 -0.764163
v -0.813130 1.600761 -0.751678
v -0.792611 1.563007 -0.741051
v -0.764919 1.506506 -0.733419
v -0.880984 1.573154 -0.743217
v -0.866214 1.563007 -0.732326
v -0.833240 1.534112 -0.726240
v -0.786907 1.490868 -0.725403
v -0.919377 1.511997 -0.729222
v -0.901684 1.506506 -0.719396
v -0.860388 1.490868 -0.716343
v -0.801599 1.467464 -0.720047
v -0.932858 1.439857 -0.724307
v -0.914140 1.439857 -0.714855
v -0.869921 1.439857 -0.712868
v -0.806758 1.439857 -0.718166
v -0.919377 1.367717 -0.729222
v -0.901684 1.373209 -0.719396
v -0.860388 1.388847 -0.716343
v -0.801599 1.412251 -0.720047
v -0.880984 1.306560 -0.743217
v -0.866214 1.316707 -0.732326
v -0.833240 1.345602 -0.726240
v -0.786907 1.388847 -0.725403
v -0.823526 1.265696 -0.764163
v -0.813130 1.278954 -0.751678
v -0.792611 1.316707 -0.741051
v -0.764919 1.373209 -0.733419
v -0.755749 1.251347 -0.788871
v -0.750512 1.265696 -0.774504
v -0.744686 1.306560 -0.758522
v -0.738981 1.367718 -0.742874
v -0.687973 1.265696 -0.813578
v -0.687895 1.278954 -0.797331
v -0.696760 1.316707 -0.775992
v -0.713044 1.373209 -0.752329
v -0.630514 1.306560 -0.834524
v -0.634810 1.316707 -0.816683
v -0.656131 1.345602 -0.790803
v -0.691056 1.388847 -0.760345
v -0.592122 1.367718 -0.848520
v -0.599340 1.373209 -0.829613
v -0.628984 1.388847 -0.800700
v -0.676364 1.412251 -0.765701
v -0.578640 0.560143 -0.853435
v -0.586885 0.560143 -0.834154
v -0.619451 0.560143 -0.804175
v -0.671205 0.560143 -0.767581
v -0.592122 0.632282 -0.848520
v -0.599340 0.626791 -0.829613
v -0.628984 0.611153 -0.800700
v -0.676364 0.587749 -0.765701
v -0.630514 0.693439 -0.834524
v -0.634810 0.683293 -0.816683
v -0.656131 0.654398 -0.790804
v -0.691056 0.611153 -0.760345
v -0.736654 0.560143 -0.736490
v -0.687973 0.734303 -0.813578
v -0.687895 0.721046 -0.797331
v -0.696760 0.683293 -0.775992
v -0.713045 0.626791 -0.752329
v -0.755749 0.748653 -0.788871
v -0.750512 0.734303 -0.774504
v -0.744686 0.693439 -0.758522
v -0.738982 0.632282 -0.742874
v -0.823526 0.734303 -0.764163
v -0.813130 0.721046 -0.751678
v -0.792611 0.683293 -0.741051
v -0.764919 0.626791 -0.733419
v -0.880984 0.693439 -0.743217
v -0.866214 0.683293 -0.732326
v -0.833240 0.654398 -0.726240
v -0.786907 0.611153 -0.725403
v -0.919377 0.632282 -0.729222
v -0.901684 0.626791 -0.719396
v -0.860388 0.611153 -0.716343
v -0.801599 0.587749 -0.720047
v -0.932858 0.560143 -0.724307
v -0.914140 0.560142 -0.714855
v -0.869921 0.560143 -0.712868
v -0.806758 0.560143 -0.718166
v -0.919377 0.488003 -0.729222
v -0.901684 0.493494 -0.719396
v -0.860388 0.509132 -0.716343
v -0.801599 0.532536 -0.720047
v -0.880984 0.426846 -0.743217
v -0.866214 0.436992 -0.732326
v -0.833240 0.465887 -0.726240
v -0.786907 0.509132 -0.725403
v -0.823526 0.385982 -0.764163
v -0.813130 0.399239 -0.751678
v -0.792611 0.436992 -0.741051
v -0.764919 0.493494 -0.733419
v -0.755749 0.371632 -0.788871
v -0.750512 0.385982 -0.774504
v -0.744686 0.426846 -0.758522
v -0.738981 0.488003 -0.742874
v -0.687973 0.385982 -0.813578
v -0.687895 0.399239 -0.797331
v -0.696760 0.436992 -0.775993
v -0.713044 0.493494 -0.752329
v -0.630514 0.426846 -0.834524
v -0.634810 0.436992 -0.816683
v -0.656131 0.465887 -0.790804
v -0.691056 0.509132 -0.760345
v -0.592122 0.488003 -0.848520
v -0.599340 0.493494 -0.829613
v -0.628984 0.509132 -0.800700
v -0.676364 0.532536 -0.765701
v 0.247869 0.560143 -1.154733
v 0.239625 0.560143 -1.135451
v 0.207058 0.560143 -1.105473
v 0.155304 0.560143 -1.068879
v 0.234387 0.632282 -1.149818
v 0.227169 0.626791 -1.130911
v 0.197526 0.611153 -1.101998
v 0.150145 0.587749 -1.066999
v 0.195995 0.693439 -1.135822
v 0.191699 0.683293 -1.117981
v 0.170378 0.654398 -1.092101
v 0.135453 0.611153 -1.061643
v 0.089855 0.560143 -1.037787
v 0.138537 0.734303 -1.114876
v 0.138615 0.721046 -1.098629
v 0.129749 0.683293 -1.077290
v 0.113465 0.626791 -1.053627
v 0.070760 0.748653 -1.090169
v 0.075997 0.734303 -1.075802
v 0.081823 0.693439 -1.059819
v 0.087528 0.632282 -1.044172
v 0.002983 0.734303 -1.065461
v 0.013379 0.721046 -1.052975
v 0.033898 0.683293 -1.042349
v 0.061591 0.626791 -1.034717
v -0.054475 0.693439 -1.044515
v -0.039705 0.683293 -1.033624
v -0.006731 0.654398 -1.027538
v 0.039602 0.611153 -1.026701
v -0.092868 0.632282 -1.030519
v -0.075175 0.626791 -1.020694
v -0.033879 0.611153 -1.017641
v 0.024910 0.587749 -1.021345
v -0.106349 0.560143 -1.025605
v -0.087630 0.560142 -1.016153
v -0.043412 0.560143 -1.014166
v 0.019751 0.560143 -1.019464
v -0.092868 0.488003 -1.030519
v -0.075175 0.493494 -1.020694
v -0.033879 0.509132 -1.017641
v 0.024910 0.532536 -1.021345
v -0.054475 0.426846 -1.044515
v -0.039705 0.436992 -1.033624
v -0.006731 0.465887 -1.027538
v 0.039602 0.509132 -1.026701
v 0.002983 0.385982 -1.065461
v 0.013379 0.399239 -1.052976
v 0.033898 0.436992 -1.042349
v 0.061591 0.493494 -1.034717
v 0.070760 0.371632 -1.090169
v 0.075997 0.385982 -1.075802
v 0.081823 0.426846 -1.059820
v 0.087528 0.488003 -1.044172
v 0.138537 0.385982 -1.114876
v 0.138615 0.399239 -1.098629
v 0.129749 0.436992 -1.077290
v 0.113465 0.493494 -1.053627
v 0.195995 0.426846 -1.135822
v 0.191699 0.436992 -1.117981
v 0.170378 0.465887 -1.092101
v 0.135453 0.509132 -1.061643
v 0.234387 0.488003 -1.149818
v 0.227169 0.493494 -1.130911
v 0.197525 0.509132 -1.101998
v 0.150145 0.532536 -1.066999
v 0.247869 1.439857 -1.154732
v 0.239625 1.439857 -1.135451
v 0.207058 1.439857 -1.105473
v 0.155304 1.439857 -1.068879
v 0.234387 1.511997 -1.149818
v 0.227169 1.506506 -1.130911
v 0.197526 1.490868 -1.101998
v 0.150145 1.467464 -1.066998
v 0.195995 1.573154 -1.135822
v 0.191699 1.563008 -1.117981
v 0.170378 1.534112 -1.092101
v 0.135453 1.490868 -1.061643
v 0.089855 1.439857 -1.037787
v 0.138537 1.614018 -1.114876
v 0.138615 1.600761 -1.098629
v 0.129749 1.563007 -1.077290
v 0.113465 1.506506 -1.053627
v 0.070760 1.628368 -1.090169
v 0.075997 1.614018 -1.075802
v 0.081823 1.573154 -1.059819
v 0.087528 1.511997 -1.044172
v 0.002983 1.614018 -1.065461
v 0.013379 1.600761 -1.052975
v 0.033898 1.563007 -1.042349
v 0.061591 1.506506 -1.034717
v -0.054475 1.573154 -1.044515
v -0.039705 1.563007 -1.033624
v -0.006731 1.534112 -1.027538
v 0.039602 1.490868 -1.026701
v -0.092868 1.511997 -1.030519
v -0.075175 1.506506 -1.020694
v -0.033879 1.490868 -1.017641
v 0.024910 1.467464 -1.021345
v -0.106349 1.439857 -1.025605
v -0.087630 1.439857 -1.016153
v -0.043412 1.439857 -1.014166
v 0.019751 1.439857 -1.019464
v -0.092868 1.367717 -1.030519
v -0.075175 1.373209 -1.020694
v -0.033879 1.388847 -1.017641
v 0.024910 1.412251 -1.021345
v -0.054475 1.306560 -1.044515
v -0.039705 1.316707 -1.033624
v -0.006731 1.345602 -1.027538
v 0.039602 1.388847 -1.026701
v 0.002983 1.265696 -1.065461
v 0.013380 1.278954 -1.052975
v 0.033898 1.316707 -1.042349
v 0.061591 1.373209 -1.034717
v 0.070760 1.251347 -1.090169
v 0.075997 1.265696 -1.075802
v 0.081823 1.306560 -1.059819
v 0.087528 1.367718 -1.044172
v 0.138537 1.265696 -1.114876
v 0.138615 1.278954 -1.098629
v 0.129749 1.316707 -1.077290
v 0.113465 1.373209 -1.053627
v 0.195995 1.306560 -1.135822
v 0.191699 1.316707 -1.117981
v 0.170378 1.345602 -1.092101
v 0.135453 1.388847 -1.061643
v 0.234387 1.367718 -1.149818
v 0.227169 1.373209 -1.130911
v 0.197525 1.388847 -1.101998
v 0.150145 1.412251 -1.066998
v 0.265580 1.439857 -1.161189
v 0.250750 1.519211 -1.155783
v 0.208518 1.586484 -1.140388
v 0.145314 1.631434 -1.117347
v 0.070760 1.647219 -1.090169
v -0.003795 1.631434 -1.062990
v -0.066999 1.586484 -1.039950
v -0.109230 1.519211 -1.024554
v -0.124060 1.439857 -1.019148
v -0.109230 1.360503 -1.024554
v -0.066999 1.293231 -1.039950
v -0.003794 1.248280 -1.062990
v 0.070760 1.232496 -1.090169
v 0.145314 1.248280 -1.117347
v 0.208518 1.293231 -1.140388
v 0.250750 1.360504 -1.155783
v -0.560929 1.439857 -0.859891
v -0.575759 1.519211 -0.854485
v -0.617991 1.586484 -0.839090
v -0.681195 1.631434 -0.816049
v -0.755749 1.647219 -0.788871
v -0.830304 1.631434 -0.761692
v -0.893508 1.586484 -0.738652
v -0.935740 1.519211 -0.723257
v -0.950569 1.439857 -0.717851
v -0.935739 1.360503 -0.723257
v -0.893508 1.293231 -0.738652
v -0.830304 1.248280 -0.761693
v -0.755749 1.232496 -0.788871
v -0.681195 1.248280 -0.816049
v -0.617991 1.293231 -0.839090
v -0.575759 1.360504 -0.854485
v 0.265580 1.000000 -1.161189
v 0.250750 1.079354 -1.155783
v 0.208518 1.146626 -1.140388
v 0.145314 1.191577 -1.117347
v 0.070760 1.207361 -1.090169
v -0.003795 1.191577 -1.062990
v -0.066999 1.146626 -1.039950
v -0.109230 1.079354 -1.024554
v -0.124060 1.000000 -1.019148
v -0.109230 0.920646 -1.024555
v -0.066999 0.853373 -1.039950
v -0.003794 0.808423 -1.062990
v 0.070760 0.792639 -1.090169
v 0.145314 0.808423 -1.117347
v 0.208518 0.853373 -1.140388
v 0.250750 0.920646 -1.155783
v -0.560929 1.000000 -0.859891
v -0.575759 1.079354 -0.854485
v -0.617991 1.146626 -0.839090
v -0.681195 1.191577 -0.816049
v -0.755749 1.207361 -0.788871
v -0.830304 1.191577 -0.761693
v -0.893508 1.146626 -0.738652
v -0.935740 1.079354 -0.723257
v -0.950569 1.000000 -0.717851
v -0.935739 0.920646 -0.723257
v -0.893508 0.853373 -0.738652
v -0.830304 0.808423 -0.761693
v -0.755749 0.792639 -0.788871
v -0.681195 0.808423 -0.816049
v -0.617991 0.853373 -0.839090
v -0.575759 0.920646 -0.854485
v 0.265580 0.560143 -1.161189
v 0.250750 0.639496 -1.155783
v 0.208518 0.706769 -1.140388
v 0.145314 0.751719 -1.117347
v 0.070760 0.767504 -1.090169
v -0.003795 0.751719 -1.062990
v -0.066999 0.706769 -1.039950
v -0.109230 0.639496 -1.024555
v -0.124060 0.560143 -1.019148
v -0.109230 0.480789 -1.024555
v -0.066999 0.413516 -1.039950
v -0.003794 0.368566 -1.062991
v 0.070760 0.352781 -1.090169
v 0.145314 0.368566 -1.117347
v 0.208518 0.413516 -1.140388
v 0.250750 0.480789 -1.155783
v -0.560929 0.560143 -0.859891
v -0.575759 0.639496 -0.854485
v -0.617991 0.706769 -0.839090
v -0.681195 0.751719 -0.816049
v -0.755749 0.767504 -0.788871
v -0.830304 0.751719 -0.761693
v -0.893508 0.706769 -0.738652
v -0.935740 0.639496 -0.723257
v -0.950569 0.560143 -0.717851
v -0.935739 0.480789 -0.723257
v -0.893508 0.413516 -0.738652
v -0.830304 0.368566 -0.761693
v -0.755749 0.352781 -0.788871
v -0.681195 0.368566 -0.816049
v -0.617991 0.413516 -0.839090
v -0.575759 0.480789 -0.854485
v 0.165386 1.000000 1.004084
v 0.173630 1.000000 0.984802
v 0.206196 1.000000 0.954824
v 0.257950 1.000000 0.918230
v 0.178867 1.072140 0.999169
v 0.186086 1.066648 0.980262
v 0.215729 1.051010 0.951349
v 0.263109 1.027607 0.916350
v 0.217260 1.133297 0.985173
v 0.221556 1.123150 0.967332
v 0.242877 1.094255 0.941452
v 0.277802 1.051010 0.910994
v 0.323400 1.000000 0.887138
v 0.274718 1.174161 0.964227
v 0.274640 1.160904 0.947980
v 0.283506 1.123150 0.926641
v 0.299790 1.066648 0.902978
v 0.342495 1.188510 0.939520
v 0.337258 1.174161 0.925153
v 0.331431 1.133297 0.909171
v 0.325727 1.072140 0.893523
v 0.410272 1.174161 0.914812
v 0.399875 1.160903 0.902327
v 0.379357 1.123150 0.891700
v 0.351664 1.066648 0.884068
v 0.467730 1.133297 0.893866
v 0.452960 1.123150 0.882975
v 0.419986 1.094255 0.876889
v 0.373652 1.051010 0.876052
v 0.506122 1.072140 0.879871
v 0.488430 1.066648 0.870045
v 0.447133 1.051010 0.866992
v 0.388345 1.027606 0.870696
v 0.519604 1.000000 0.874956
v 0.500885 1.000000 0.865504
v 0.456666 1.000000 0.863517
v 0.393504 1.000000 0.868815
v 0.506122 0.927860 0.879871
v 0.488430 0.933351 0.870045
v 0.447133 0.948989 0.866992
v 0.388345 0.972393 0.870696
v 0.467730 0.866703 0.893866
v 0.452960 0.876850 0.882975
v 0.419986 0.905745 0.876889
v 0.373652 0.948989 0.876052
v 0.410271 0.825839 0.914812
v 0.399875 0.839096 0.902327
v 0.379357 0.876850 0.891700
v 0.351664 0.933351 0.884068
v 0.342495 0.811490 0.939520
v 0.337258 0.825839 0.925153
v 0.331431 0.866703 0.909171
v 0.325727 0.927860 0.893523
v 0.274718 0.825839 0.964227
v 0.274640 0.839096 0.947980
v 0.283506 0.876850 0.926641
v 0.299790 0.933351 0.902978
v 0.217260 0.866703 0.985173
v 0.221556 0.876850 0.967332
v 0.242877 0.905745 0.941452
v 0.277802 0.948989 0.910994
v 0.178867 0.927860 0.999169
v 0.186086 0.933352 0.980262
v 0.215729 0.948989 0.951349
v 0.263109 0.972393 0.916350
v 0.147675 1.000000 1.010540
v 0.162505 1.079354 1.005134
v 0.204736 1.146626 0.989739
v 0.267940 1.191577 0.966698
v 0.342495 1.207361 0.939520
v 0.417049 1.191577 0.912341
v 0.480253 1.146626 0.889301
v 0.522485 1.079354 0.873906
v 0.537315 1.000000 0.868500
v 0.522485 0.920646 0.873906
v 0.480253 0.853373 0.889301
v 0.417049 0.808423 0.912341
v 0.342495 0.792639 0.939520
v 0.267940 0.808423 0.966698
v 0.204736 0.853373 0.989739
v 0.162505 0.920646 1.005134
v -0.853435 1.439857 0.578640
v -0.834154 1.439857 0.586885
v -0.804175 1.439857 0.619451
v -0.767581 1.439857 0.671205
v -0.848520 1.511997 0.592122
v -0.829613 1.506506 0.599340
v -0.800700 1.490868 0.628984
v -0.765701 1.467464 0.676364
v -0.834524 1.573154 0.630514
v -0.816683 1.563008 0.634810
v -0.790803 1.534112 0.656131
v -0.760345 1.490868 0.691056
v -0.736490 1.439857 0.736654
v -0.813578 1.614018 0.687973
v -0.797331 1.600761 0.687895
v -0.775992 1.563008 0.696761
v -0.752329 1.506506 0.713045
v -0.788871 1.628368 0.755749
v -0.774504 1.614018 0.750512
v -0.758522 1.573154 0.744686
v -0.742874 1.511997 0.738982
v -0.764163 1.614018 0.823526
v -0.751678 1.600761 0.813130
v -0.741051 1.563007 0.792611
v -0.733419 1.506506 0.764919
v -0.743217 1.573154 0.880985
v -0.732326 1.563007 0.866214
v -0.726240 1.534112 0.833240
v -0.725403 1.490868 0.786907
v -0.729222 1.511997 0.919377
v -0.719396 1.506505 0.901684
v -0.716343 1.490868 0.860388
v -0.720047 1.467464 0.801599
v -0.724307 1.439857 0.932859
v -0.714855 1.439857 0.914140
v -0.712868 1.439857 0.869921
v -0.718166 1.439857 0.806758
v -0.729222 1.367717 0.919377
v -0.719396 1.373209 0.901684
v -0.716343 1.388847 0.860388
v -0.720047 1.412251 0.801599
v -0.743217 1.306560 0.880984
v -0.732326 1.316707 0.866214
v -0.726240 1.345602 0.833240
v -0.725403 1.388847 0.786907
v -0.764163 1.265696 0.823526
v -0.751678 1.278954 0.813130
v -0.741051 1.316707 0.792611
v -0.733419 1.373209 0.764919
v -0.788871 1.251347 0.755749
v -0.774504 1.265696 0.750512
v -0.758522 1.306560 0.744686
v -0.742874 1.367718 0.738982
v -0.813578 1.265696 0.687973
v -0.797331 1.278954 0.687895
v -0.775992 1.316707 0.696760
v -0.752329 1.373209 0.713045
v -0.834524 1.306560 0.630514
v -0.816683 1.316707 0.634810
v -0.790803 1.345602 0.656131
v -0.760345 1.388847 0.691056
v -0.848520 1.367718 0.592122
v -0.829613 1.373209 0.599340
v -0.800700 1.388847 0.628984
v -0.765701 1.412251 0.676364
v -0.853435 0.560143 0.578640
v -0.834154 0.560143 0.586885
v -0.804175 0.560143 0.619451
v -0.767581 0.560143 0.671205
v -0.848520 0.632282 0.592122
v -0.829613 0.626791 0.599340
v -0.800700 0.611153 0.628984
v -0.765701 0.587749 0.676364
v -0.834524 0.693439 0.630514
v -0.816683 0.683293 0.634810
v -0.790803 0.654398 0.656131
v -0.760345 0.611153 0.691056
v -0.736490 0.560143 0.736654
v -0.813578 0.734303 0.687973
v -0.797331 0.721046 0.687895
v -0.775992 0.683293 0.696761
v -0.752329 0.626791 0.713045
v -0.788871 0.748653 0.755749
v -0.774504 0.734303 0.750512
v -0.758522 0.693439 0.744686
v -0.742874 0.632282 0.738982
v -0.764163 0.734303 0.823526
v -0.751678 0.721046 0.813130
v -0.741051 0.683293 0.792611
v -0.733419 0.626791 0.764919
v -0.743217 0.693439 0.880985
v -0.732326 0.683293 0.866215
v -0.726240 0.654398 0.833241
v -0.725403 0.611153 0.786907
v -0.729222 0.632282 0.919377
v -0.719396 0.626791 0.901684
v -0.716343 0.611153 0.860388
v -0.720047 0.587749 0.801599
v -0.724307 0.560143 0.932859
v -0.714855 0.560142 0.914140
v -0.712868 0.560143 0.869921
v -0.718166 0.560143 0.806758
v -0.729222 0.488003 0.919377
v -0.719396 0.493494 0.901684
v -0.716343 0.509132 0.860388
v -0.720047 0.532536 0.801599
v -0.743217 0.426846 0.880984
v -0.732326 0.436992 0.866214
v -0.726240 0.465887 0.833240
v -0.725403 0.509132 0.786907
v -0.764163 0.385982 0.823526
v -0.751678 0.399239 0.813130
v -0.741051 0.436992 0.792611
v -0.733419 0.493494 0.764919
v -0.788871 0.371632 0.755749
v -0.774504 0.385982 0.750512
v -0.758522 0.426846 0.744686
v -0.742874 0.488003 0.738982
v -0.813578 0.385982 0.687973
v -0.797331 0.399239 0.687895
v -0.775992 0.436992 0.696761
v -0.752329 0.493494 0.713045
v -0.834524 0.426846 0.630514
v -0.816683 0.436992 0.634810
v -0.790804 0.465887 0.656131
v -0.760345 0.509132 0.691056
v -0.848520 0.488003 0.592122
v -0.829613 0.493494 0.599340
v -0.800700 0.509132 0.628984
v -0.765701 0.532536 0.676364
v -1.154732 0.560143 -0.247869
v -1.135451 0.560143 -0.239624
v -1.105473 0.560143 -0.207058
v -1.068879 0.560143 -0.155304
v -1.149818 0.632282 -0.234387
v -1.130911 0.626791 -0.227169
v -1.101998 0.611153 -0.197525
v -1.066999 0.587749 -0.150145
v -1.135822 0.693439 -0.195995
v -1.117981 0.683293 -0.191699
v -1.092101 0.654398 -0.170378
v -1.061643 0.611153 -0.135453
v -1.037787 0.560143 -0.089855
v -1.114876 0.734303 -0.138536
v -1.098629 0.721046 -0.138614
v -1.077290 0.683293 -0.129749
v -1.053627 0.626791 -0.113465
v -1.090169 0.748653 -0.070760
v -1.075802 0.734303 -0.075997
v -1.059819 0.693439 -0.081823
v -1.044172 0.632282 -0.087528
v -1.065461 0.734303 -0.002983
v -1.052976 0.721046 -0.013379
v -1.042349 0.683293 -0.033898
v -1.034717 0.626791 -0.061590
v -1.044515 0.693439 0.054475
v -1.033624 0.683293 0.039705
v -1.027538 0.654398 0.006731
v -1.026701 0.611153 -0.039602
v -1.030519 0.632282 0.092868
v -1.020694 0.626791 0.075175
v -1.017641 0.611153 0.033879
v -1.021345 0.587749 -0.024910
v -1.025605 0.560143 0.106349
v -1.016153 0.560143 0.087631
v -1.014166 0.560143 0.043412
v -1.019464 0.560143 -0.019751
v -1.030519 0.488003 0.092868
v -1.020694 0.493494 0.075175
v -1.017641 0.509132 0.033879
v -1.021345 0.532536 -0.024910
v -1.044515 0.426846 0.054475
v -1.033624 0.436992 0.039705
v -1.027538 0.465887 0.006731
v -1.026701 0.509132 -0.039602
v -1.065461 0.385982 -0.002983
v -1.052976 0.399239 -0.013379
v -1.042349 0.436992 -0.033898
v -1.034717 0.493494 -0.061591
v -1.090169 0.371632 -0.070760
v -1.075802 0.385982 -0.075997
v -1.059819 0.426846 -0.081823
v -1.044172 0.488003 -0.087528
v -1.114876 0.385982 -0.138537
v -1.098629 0.399239 -0.138615
v -1.077290 0.436992 -0.129749
v -1.053627 0.493494 -0.113465
v -1.135822 0.426846 -0.195995
v -1.117981 0.436992 -0.191699
v -1.092101 0.465887 -0.170378
v -1.061643 0.509132 -0.135453
v -1.149818 0.488003 -0.234387
v -1.130911 0.493494 -0.227169
v -1.101998 0.509132 -0.197525
v -1.066999 0.532536 -0.150145
v -1.154732 1.439857 -0.247869
v -1.135451 1.439857 -0.239624
v -1.105473 1.439857 -0.207058
v -1.068879 1.439857 -0.155304
v -1.149818 1.511997 -0.234387
v -1.130911 1.506506 -0.227169
v -1.101998 1.490868 -0.197525
v -1.066998 1.467464 -0.150145
v -1.135822 1.573154 -0.195995
v -1.117981 1.563008 -0.191699
v -1.092101 1.534112 -0.170378
v -1.061643 1.490868 -0.135453
v -1.037787 1.439857 -0.089855
v -1.114876 1.614018 -0.138536
v -1.098629 1.600761 -0.138614
v -1.077290 1.563008 -0.129749
v -1.053627 1.506506 -0.113465
v -1.090169 1.628368 -0.070760
v -1.075802 1.614018 -0.075997
v -1.059819 1.573154 -0.081823
v -1.044172 1.511997 -0.087528
v -1.065461 1.614018 -0.002983
v -1.052975 1.600761 -0.013379
v -1.042349 1.563007 -0.033898
v -1.034717 1.506506 -0.061591
v -1.044515 1.573154 0.054475
v -1.033624 1.563007 0.039705
v -1.027538 1.534112 0.006731
v -1.026701 1.490868 -0.039602
v -1.030519 1.511997 0.092868
v -1.020694 1.506505 0.075175
v -1.017641 1.490868 0.033879
v -1.021345 1.467464 -0.024910
v -1.025605 1.439857 0.106349
v -1.016153 1.439857 0.087631
v -1.014166 1.439857 0.043412
v -1.019464 1.439857 -0.019751
v -1.030519 1.367717 0.092868
v -1.020694 1.373209 0.075175
v -1.017641 1.388847 0.033879
v -1.021345 1.412251 -0.024910
v -1.044515 1.306560 0.054475
v -1.033624 1.316707 0.039705
v -1.027538 1.345602 0.006731
v -1.026701 1.388847 -0.039602
v -1.065461 1.265696 -0.002983
v -1.052976 1.278954 -0.013379
v -1.042349 1.316707 -0.033898
v -1.034717 1.373209 -0.061591
v -1.090169 1.251347 -0.070760
v -1.075802 1.265696 -0.075997
v -1.059819 1.306560 -0.081823
v -1.044172 1.367718 -0.087528
v -1.114876 1.265696 -0.138537
v -1.098629 1.278954 -0.138615
v -1.077290 1.316707 -0.129749
v -1.053627 1.373209 -0.113465
v -1.135822 1.306560 -0.195995
v -1.117981 1.316707 -0.191699
v -1.092101 1.345602 -0.170378
v -1.061643 1.388847 -0.135453
v -1.149818 1.367718 -0.234387
v -1.130911 1.373209 -0.227169
v -1.101998 1.388847 -0.197525
v -1.066998 1.412251 -0.150145
v -1.004084 1.000000 0.165386
v -0.984802 1.000000 0.173630
v -0.954824 1.000000 0.206196
v -0.918230 1.000000 0.257950
v -0.999169 1.072140 0.178867
v -0.980262 1.066648 0.186086
v -0.951349 1.051010 0.215729
v -0.916350 1.027607 0.263110
v -0.985173 1.133297 0.217260
v -0.967332 1.123150 0.221556
v -0.941453 1.094255 0.242877
v -0.910994 1.051010 0.277802
v -0.887138 1.000000 0.323400
v -0.964227 1.174161 0.274718
v -0.947980 1.160904 0.274640
v -0.926641 1.123150 0.283506
v -0.902978 1.066648 0.299790
v -0.939520 1.188510 0.342495
v -0.925153 1.174161 0.337258
v -0.909171 1.133297 0.331431
v -0.893523 1.072140 0.325727
v -0.914812 1.174161 0.410272
v -0.902326 1.160903 0.399875
v -0.891700 1.123150 0.379357
v -0.884068 1.066648 0.351664
v -0.893866 1.133297 0.467730
v -0.882975 1.123150 0.452960
v -0.876889 1.094255 0.419986
v -0.876052 1.051010 0.373652
v -0.879870 1.072140 0.506122
v -0.870045 1.066648 0.488430
v -0.866992 1.051010 0.447133
v -0.870696 1.027606 0.388345
v -0.874956 1.000000 0.519604
v -0.865504 1.000000 0.500885
v -0.863517 1.000000 0.456666
v -0.868815 1.000000 0.393504
v -0.879871 0.927860 0.506122
v -0.870045 0.933351 0.488430
v -0.866992 0.948989 0.447133
v -0.870696 0.972393 0.388345
v -0.893866 0.866703 0.467730
v -0.882975 0.876850 0.452960
v -0.876889 0.905745 0.419986
v -0.876052 0.948989 0.373652
v -0.914812 0.825839 0.410272
v -0.902327 0.839096 0.399875
v -0.891700 0.876850 0.379357
v -0.884068 0.933351 0.351664
v -0.939520 0.811490 0.342495
v -0.925153 0.825839 0.337258
v -0.909171 0.866703 0.331431
v -0.893523 0.927860 0.325727
v -0.964227 0.825839 0.274718
v -0.947980 0.839096 0.274640
v -0.926641 0.876850 0.283506
v -0.902978 0.933351 0.299790
v -0.985173 0.866703 0.217260
v -0.967332 0.876850 0.221556
v -0.941453 0.905745 0.242877
v -0.910994 0.948989 0.277802
v -0.999169 0.927860 0.178867
v -0.980262 0.933352 0.186086
v -0.951349 0.948989 0.215729
v -0.916350 0.972393 0.263110
v -1.161189 1.439857 -0.265580
v -1.155783 1.519211 -0.250750
v -1.140388 1.586484 -0.208518
v -1.117347 1.631434 -0.145314
v -1.090169 1.647219 -0.070760
v -1.062990 1.631434 0.003795
v -1.039950 1.586484 0.066999
v -1.024554 1.519211 0.109230
v -1.019148 1.439857 0.124060
v -1.024554 1.360503 0.109230
v -1.039950 1.293231 0.066999
v -1.062990 1.248280 0.003795
v -1.090169 1.232496 -0.070760
v -1.117347 1.248280 -0.145314
v -1.140388 1.293231 -0.208518
v -1.155783 1.360504 -0.250750
v -0.859891 1.439857 0.560929
v -0.854485 1.519211 0.575759
v -0.839090 1.586484 0.617991
v -0.816049 1.631434 0.681195
v -0.788871 1.647219 0.755750
v -0.761692 1.631434 0.830304
v -0.738652 1.586484 0.893508
v -0.723257 1.519211 0.935740
v -0.717851 1.439857 0.950570
v -0.723257 1.360503 0.935740
v -0.738652 1.293231 0.893508
v -0.761693 1.248280 0.830304
v -0.788871 1.232496 0.755749
v -0.816049 1.248280 0.681195
v -0.839090 1.293231 0.617991
v -0.854485 1.360504 0.575759
v -1.010540 1.000000 0.147675
v -1.005134 1.079354 0.162505
v -0.989739 1.146626 0.204736
v -0.966698 1.191577 0.267940
v -0.939520 1.207361 0.342495
v -0.912341 1.191577 0.417049
v -0.889301 1.146626 0.480253
v -0.873906 1.079354 0.522485
v -0.868500 1.000000 0.537315
v -0.873906 0.920646 0.522485
v -0.889301 0.853373 0.480253
v -0.912341 0.808423 0.417049
v -0.939520 0.792639 0.342495
v -0.966698 0.808423 0.267940
v -0.989739 0.853373 0.204736
v -1.005134 0.920646 0.162505
v -1.161189 0.560143 -0.265580
v -1.155783 0.639496 -0.250750
v -1.140388 0.706769 -0.208518
v -1.117347 0.751719 -0.145314
v -1.090169 0.767504 -0.070760
v -1.062990 0.751719 0.003795
v -1.039950 0.706769 0.066999
v -1.024554 0.639496 0.109230
v -1.019148 0.560143 0.124060
v -1.024554 0.480789 0.109230
v -1.039950 0.413516 0.066999
v -1.062990 0.368566 0.003795
v -1.090169 0.352781 -0.070760
v -1.117347 0.368566 -0.145314
v -1.140388 0.413516 -0.208518
v -1.155783 0.480789 -0.250750
v -0.859891 0.560143 0.560929
v -0.854485 0.639496 0.575759
v -0.839090 0.706769 0.617991
v -0.816049 0.751719 0.681195
v -0.788871 0.767504 0.755749
v -0.761692 0.751719 0.830304
v -0.738652 0.706769 0.893508
v -0.723257 0.639496 0.935740
v -0.717851 0.560142 0.950569
v -0.723257 0.480789 0.935740
v -0.738652 0.413516 0.893508
v -0.761693 0.368566 0.830304
v -0.788871 0.352781 0.755749
v -0.816049 0.368566 0.681195
v -0.839090 0.413516 0.617991
v -0.854485 0.480789 0.575759
v 1.025605 0.560143 -0.106350
v 1.016153 0.560143 -0.087631
v 1.014166 0.560143 -0.043412
v 1.019464 0.560143 0.019751
v 1.030519 0.488003 -0.092868
v 1.020693 0.493494 -0.075175
v 1.017641 0.509132 -0.033879
v 1.021345 0.532536 0.024910
v 1.044515 0.426846 -0.054476
v 1.033624 0.436993 -0.039705
v 1.027537 0.465888 -0.006731
v 1.026701 0.509132 0.039602
v 1.037787 0.560143 0.089855
v 1.065461 0.385982 0.002983
v 1.052975 0.399239 0.013379
v 1.042349 0.436993 0.033898
v 1.034716 0.493494 0.061590
v 1.090169 0.371633 0.070760
v 1.075802 0.385982 0.075997
v 1.059819 0.426846 0.081823
v 1.044172 0.488003 0.087527
v 1.114876 0.385982 0.138536
v 1.098629 0.399239 0.138614
v 1.077290 0.436993 0.129748
v 1.053627 0.493494 0.113464
v 1.135822 0.426846 0.195995
v 1.117980 0.436993 0.191699
v 1.092101 0.465888 0.170378
v 1.061643 0.509132 0.135453
v 1.149818 0.488003 0.234387
v 1.130911 0.493495 0.227169
v 1.101998 0.509132 0.197525
v 1.066998 0.532536 0.150145
v 1.154732 0.560143 0.247869
v 1.135451 0.560143 0.239624
v 1.105473 0.560143 0.207058
v 1.068879 0.560143 0.155304
v 1.149818 0.632283 0.234387
v 1.130911 0.626791 0.227169
v 1.101998 0.611153 0.197525
v 1.066998 0.587750 0.150145
v 1.135822 0.693440 0.195995
v 1.117980 0.683293 0.191699
v 1.092101 0.654398 0.170378
v 1.061643 0.611153 0.135453
v 1.114876 0.734304 0.138536
v 1.098629 0.721047 0.138614
v 1.077290 0.683293 0.129748
v 1.053627 0.626791 0.113464
v 1.090169 0.748653 0.070759
v 1.075802 0.734304 0.075997
v 1.059819 0.693440 0.081823
v 1.044172 0.632283 0.087527
v 1.065461 0.734304 0.002983
v 1.052975 0.721047 0.013379
v 1.042349 0.683293 0.033898
v 1.034716 0.626791 0.061590
v 1.044515 0.693440 -0.054476
v 1.033624 0.683293 -0.039705
v 1.027537 0.654398 -0.006731
v 1.026701 0.611153 0.039602
v 1.030519 0.632283 -0.092868
v 1.020693 0.626791 -0.075176
v 1.017641 0.611153 -0.033879
v 1.021345 0.587750 0.024910
v 0.724307 1.439858 -0.932859
v 0.714855 1.439858 -0.914140
v 0.712868 1.439857 -0.869921
v 0.718166 1.439857 -0.806759
v 0.729221 1.367718 -0.919377
v 0.719396 1.373209 -0.901685
v 0.716343 1.388847 -0.860388
v 0.720047 1.412251 -0.801599
v 0.743217 1.306561 -0.880985
v 0.732326 1.316707 -0.866215
v 0.726240 1.345602 -0.833241
v 0.725403 1.388847 -0.786907
v 0.736489 1.439857 -0.736655
v 0.764163 1.265697 -0.823526
v 0.751678 1.278954 -0.813130
v 0.741051 1.316707 -0.792612
v 0.733419 1.373209 -0.764919
v 0.788871 1.251347 -0.755750
v 0.774504 1.265697 -0.750513
v 0.758521 1.306561 -0.744686
v 0.742874 1.367718 -0.738982
v 0.813578 1.265697 -0.687973
v 0.797331 1.278954 -0.687895
v 0.775992 1.316707 -0.696761
v 0.752329 1.373209 -0.713045
v 0.834524 1.306561 -0.630515
v 0.816683 1.316707 -0.634810
v 0.790803 1.345602 -0.656132
v 0.760345 1.388847 -0.691057
v 0.848520 1.367718 -0.592122
v 0.829613 1.373209 -0.599340
v 0.800700 1.388847 -0.628984
v 0.765701 1.412251 -0.676364
v 0.853434 1.439858 -0.578641
v 0.834153 1.439858 -0.586885
v 0.804175 1.439858 -0.619451
v 0.767581 1.439858 -0.671205
v 0.848520 1.511997 -0.592122
v 0.829613 1.506506 -0.599341
v 0.800700 1.490868 -0.628984
v 0.765701 1.467464 -0.676364
v 0.834524 1.573154 -0.630515
v 0.816683 1.563008 -0.634811
v 0.790803 1.534113 -0.656132
v 0.760345 1.490868 -0.691057
v 0.813578 1.614018 -0.687973
v 0.797331 1.600761 -0.687895
v 0.775992 1.563008 -0.696761
v 0.752329 1.506506 -0.713045
v 0.788871 1.628368 -0.755750
v 0.774504 1.614018 -0.750513
v 0.758521 1.573154 -0.744686
v 0.742874 1.511997 -0.738982
v 0.764163 1.614018 -0.823527
v 0.751677 1.600761 -0.813130
v 0.741051 1.563008 -0.792612
v 0.733419 1.506506 -0.764919
v 0.743217 1.573154 -0.880985
v 0.732326 1.563008 -0.866215
v 0.726240 1.534113 -0.833241
v 0.725403 1.490868 -0.786907
v 0.729221 1.511997 -0.919377
v 0.719396 1.506506 -0.901685
v 0.716343 1.490868 -0.860388
v 0.720047 1.467464 -0.801599
v 1.019148 0.560143 -0.124061
v 1.024554 0.480789 -0.109231
v 1.039950 0.413516 -0.066999
v 1.062990 0.368566 -0.003795
v 1.090169 0.352781 0.070760
v 1.117347 0.368566 0.145314
v 1.140388 0.413516 0.208518
v 1.155783 0.480789 0.250750
v 1.161189 0.560143 0.265579
v 1.155783 0.639497 0.250750
v 1.140387 0.706769 0.208518
v 1.117347 0.751720 0.145314
v 1.090169 0.767504 0.070759
v 1.062990 0.751720 -0.003795
v 1.039950 0.706769 -0.066999
v 1.024554 0.639497 -0.109231
v 0.717850 1.439858 -0.950570
v 0.723257 1.360504 -0.935740
v 0.738652 1.293231 -0.893508
v 0.761692 1.248281 -0.830304
v 0.788871 1.232496 -0.755750
v 0.816049 1.248281 -0.681195
v 0.839090 1.293231 -0.617991
v 0.854485 1.360504 -0.575759
v 0.859891 1.439858 -0.560930
v 0.854485 1.519211 -0.575760
v 0.839090 1.586484 -0.617991
v 0.816049 1.631435 -0.681195
v 0.788871 1.647219 -0.755750
v 0.761692 1.631434 -0.830304
v 0.738652 1.586484 -0.893508
v 0.723256 1.519211 -0.935740
v -0.327169 0.000000 0.386794
v -0.322255 0.015291 0.400276
v -0.308259 0.032303 0.438668
v -0.287313 0.048958 0.496127
v -0.390031 0.000000 0.424983
v -0.380332 0.015291 0.435558
v -0.352709 0.032303 0.465672
v -0.311369 0.048958 0.510741
v -0.433494 0.000000 0.484322
v -0.420486 0.015291 0.490380
v -0.383442 0.032303 0.507631
v -0.328002 0.048958 0.533449
v -0.262605 0.055753 0.563903
v -0.450941 0.000000 0.555776
v -0.436604 0.015291 0.556395
v -0.395778 0.032303 0.558156
v -0.334678 0.048958 0.560793
v -0.439715 0.000000 0.628467
v -0.426233 0.015291 0.623553
v -0.387841 0.032303 0.609557
v -0.330382 0.048958 0.588611
v -0.401525 0.000000 0.691329
v -0.390951 0.015291 0.681630
v -0.360837 0.032303 0.654007
v -0.315768 0.048958 0.612667
v -0.342187 0.000000 0.734792
v -0.336129 0.015291 0.721784
v -0.318878 0.032303 0.684740
v -0.293060 0.048958 0.629300
v -0.270733 0.000000 0.752239
v -0.270114 0.015291 0.737902
v -0.268353 0.032303 0.697076
v -0.265716 0.048958 0.635976
v -0.198042 0.000000 0.741012
v -0.202956 0.015291 0.727531
v -0.216952 0.032303 0.689138
v -0.237898 0.048958 0.631680
v -0.135180 0.000000 0.702823
v -0.144879 0.015291 0.692249
v -0.172502 0.032303 0.662135
v -0.213842 0.048958 0.617066
v -0.091717 0.000000 0.643485
v -0.104725 0.015291 0.637427
v -0.141769 0.032303 0.620176
v -0.197209 0.048958 0.594358
v -0.074270 0.000000 0.572031
v -0.088607 0.015291 0.571412
v -0.129433 0.032303 0.569650
v -0.190533 0.048958 0.567014
v -0.085496 0.000000 0.499339
v -0.098978 0.015291 0.504254
v -0.137370 0.032303 0.518250
v -0.194829 0.048958 0.539196
v -0.123686 0.000000 0.436477
v -0.134260 0.015291 0.446177
v -0.164374 0.032303 0.473800
v -0.209443 0.048958 0.515140
v -0.183024 0.000000 0.393015
v -0.189082 0.015291 0.406023
v -0.206333 0.032303 0.443067
v -0.232151 0.048958 0.498507
v -0.254478 0.000000 0.375568
v -0.255097 0.015291 0.389905
v -0.256859 0.032303 0.430731
v -0.259495 0.048958 0.491831
v 0.499340 -0.000000 0.085496
v 0.504254 0.015291 0.098978
v 0.518250 0.032303 0.137371
v 0.539196 0.048958 0.194829
v 0.436478 0.000000 0.123685
v 0.446177 0.015291 0.134260
v 0.473800 0.032303 0.164374
v 0.515140 0.048958 0.209443
v 0.393015 0.000000 0.183024
v 0.406023 0.015291 0.189082
v 0.443067 0.032303 0.206333
v 0.498507 0.048958 0.232151
v 0.563904 0.055753 0.262606
v 0.375569 0.000000 0.254478
v 0.389905 0.015291 0.255097
v 0.430731 0.032303 0.256859
v 0.491831 0.048958 0.259495
v 0.386795 0.000000 0.327169
v 0.400276 0.015291 0.322255
v 0.438669 0.032303 0.308259
v 0.496127 0.048958 0.287313
v 0.424984 0.000000 0.390031
v 0.435558 0.015291 0.380332
v 0.465672 0.032303 0.352709
v 0.510741 0.048958 0.311369
v 0.484322 0.000000 0.433494
v 0.490380 0.015291 0.420486
v 0.507631 0.032303 0.383442
v 0.533449 0.048958 0.328002
v 0.555776 0.000000 0.450941
v 0.556395 0.015291 0.436604
v 0.558157 0.032303 0.395778
v 0.560793 0.048958 0.334678
v 0.628468 0.000000 0.439715
v 0.623553 0.015291 0.426233
v 0.609557 0.032303 0.387841
v 0.588611 0.048958 0.330382
v 0.691330 0.000000 0.401525
v 0.681630 0.015291 0.390951
v 0.654007 0.032303 0.360837
v 0.612668 0.048958 0.315768
v 0.734792 -0.000000 0.342187
v 0.721784 0.015291 0.336129
v 0.684740 0.032303 0.318878
v 0.629300 0.048958 0.293060
v 0.752239 -0.000000 0.270733
v 0.737903 0.015291 0.270114
v 0.697077 0.032303 0.268353
v 0.635976 0.048958 0.265716
v 0.741013 -0.000000 0.198042
v 0.727531 0.015291 0.202956
v 0.689139 0.032303 0.216952
v 0.631680 0.048958 0.237898
v 0.702824 -0.000000 0.135179
v 0.692249 0.015291 0.144879
v 0.662135 0.032303 0.172502
v 0.617066 0.048958 0.213842
v 0.643485 -0.000000 0.091717
v 0.637427 0.015291 0.104725
v 0.620176 0.032303 0.141769
v 0.594358 0.048958 0.197209
v 0.572031 -0.000000 0.074270
v 0.571413 0.015291 0.088607
v 0.569651 0.032303 0.129433
v 0.567014 0.048958 0.190533
v 0.198042 -0.000000 -0.741013
v 0.202957 0.015291 -0.727531
v 0.216952 0.032303 -0.689139
v 0.237898 0.048958 -0.631680
v 0.135180 -0.000000 -0.702824
v 0.144880 0.015291 -0.692249
v 0.172502 0.032303 -0.662135
v 0.213842 0.048958 -0.617066
v 0.091717 -0.000000 -0.643485
v 0.104725 0.015291 -0.637428
v 0.141769 0.032303 -0.620176
v 0.197210 0.048958 -0.594358
v 0.262606 0.055753 -0.563904
v 0.074271 -0.000000 -0.572031
v 0.088607 0.015291 -0.571413
v 0.129433 0.032303 -0.569651
v 0.190533 0.048958 -0.567014
v 0.085497 -0.000000 -0.499340
v 0.098978 0.015291 -0.504254
v 0.137371 0.032303 -0.518250
v 0.194829 0.048958 -0.539196
v 0.123686 -0.000000 -0.436478
v 0.134260 0.015291 -0.446178
v 0.164375 0.032303 -0.473800
v 0.209443 0.048958 -0.515140
v 0.183024 -0.000000 -0.393015
v 0.189082 0.015291 -0.406023
v 0.206333 0.032303 -0.443067
v 0.232151 0.048958 -0.498507
v 0.254478 -0.000000 -0.375569
v 0.255097 0.015291 -0.389905
v 0.256859 0.032303 -0.430731
v 0.259496 0.048958 -0.491831
v 0.327170 -0.000000 -0.386795
v 0.322255 0.015291 -0.400276
v 0.308259 0.032303 -0.438669
v 0.287313 0.048958 -0.496127
v 0.390032 -0.000000 -0.424984
v 0.380332 0.015291 -0.435558
v 0.352710 0.032303 -0.465672
v 0.311370 0.048958 -0.510741
v 0.433494 -0.000000 -0.484322
v 0.420486 0.015291 -0.490380
v 0.383442 0.032303 -0.507631
v 0.328002 0.048958 -0.533449
v 0.450941 -0.000000 -0.555776
v 0.436605 0.015291 -0.556395
v 0.395779 0.032303 -0.558157
v 0.334678 0.048958 -0.560794
v 0.439715 -0.000000 -0.628468
v 0.426233 0.015291 -0.623553
v 0.387841 0.032303 -0.609557
v 0.330382 0.048958 -0.588611
v 0.401526 -0.000000 -0.691330
v 0.390951 0.015291 -0.681630
v 0.360837 0.032303 -0.654007
v 0.315768 0.048958 -0.612668
v 0.342187 -0.000000 -0.734792
v 0.336129 0.015291 -0.721784
v 0.318878 0.032303 -0.684740
v 0.293060 0.048958 -0.629300
v 0.270733 -0.000000 -0.752239
v 0.270115 0.015291 -0.737903
v 0.268353 0.032303 -0.697077
v 0.265716 0.048958 -0.635976
v -0.628467 0.000000 -0.439715
v -0.623553 0.015291 -0.426233
v -0.609557 0.032303 -0.387841
v -0.588611 0.048958 -0.330383
v -0.691329 0.000000 -0.401526
v -0.681630 0.015291 -0.390951
v -0.654007 0.032303 -0.360837
v -0.612667 0.048958 -0.315768
v -0.734792 0.000000 -0.342187
v -0.721784 0.015291 -0.336130
v -0.684740 0.032303 -0.318878
v -0.629300 0.048958 -0.293060
v -0.563903 0.055753 -0.262606
v -0.752238 0.000000 -0.270733
v -0.737902 0.015291 -0.270115
v -0.697076 0.032303 -0.268353
v -0.635976 0.048958 -0.265716
v -0.741013 0.000000 -0.198042
v -0.727531 0.015291 -0.202957
v -0.689138 0.032303 -0.216952
v -0.631680 0.048958 -0.237898
v -0.702823 0.000000 -0.135180
v -0.692249 0.015291 -0.144880
v -0.662135 0.032303 -0.172502
v -0.617066 0.048958 -0.213842
v -0.643485 0.000000 -0.091717
v -0.637427 0.015291 -0.104725
v -0.620176 0.032303 -0.141769
v -0.594358 0.048958 -0.197210
v -0.572031 0.000000 -0.074271
v -0.571412 0.015291 -0.088607
v -0.569650 0.032303 -0.129433
v -0.567014 0.048958 -0.190533
v -0.499340 0.000000 -0.085497
v -0.504254 0.015291 -0.098978
v -0.518250 0.032303 -0.137371
v -0.539196 0.048958 -0.194829
v -0.436477 0.000000 -0.123686
v -0.446177 0.015291 -0.134261
v -0.473800 0.032303 -0.164375
v -0.515140 0.048958 -0.209443
v -0.393015 0.000000 -0.183024
v -0.406023 0.015291 -0.189082
v -0.443067 0.032303 -0.206333
v -0.498507 0.048958 -0.232151
v -0.375568 0.000000 -0.254478
v -0.389905 0.015291 -0.255097
v -0.430730 0.032303 -0.256859
v -0.491831 0.048958 -0.259496
v -0.386794 0.000000 -0.327170
v -0.400276 0.015291 -0.322255
v -0.438668 0.032303 -0.308259
v -0.496127 0.048958 -0.287313
v -0.424984 0.000000 -0.390032
v -0.435558 0.015291 -0.380332
v -0.465672 0.032303 -0.352710
v -0.510741 0.048958 -0.311370
v -0.484322 0.000000 -0.433494
v -0.490380 0.015291 -0.420486
v -0.507631 0.032303 -0.383442
v -0.533449 0.048958 -0.328002
v -0.555776 0.000000 -0.450941
v -0.556395 0.015291 -0.436605
v -0.558156 0.032303 -0.395779
v -0.560793 0.048958 -0.334678
v -0.634924 0.000000 -0.457426
v -0.704072 0.000000 -0.415418
v -0.751881 0.000000 -0.350145
v -0.771072 0.000000 -0.271546
v -0.758723 0.000000 -0.191586
v -0.716715 0.000000 -0.122437
v -0.651443 0.000000 -0.074628
v -0.572844 0.000000 -0.055437
v -0.492883 0.000000 -0.067786
v -0.423735 0.000000 -0.109794
v -0.375926 0.000000 -0.175066
v -0.356735 0.000000 -0.253666
v -0.369083 0.000000 -0.333626
v -0.411092 0.000000 -0.402775
v -0.476364 0.000000 -0.450583
v -0.554963 0.000000 -0.469774
v -0.333626 0.000000 0.369083
v -0.402774 0.000000 0.411091
v -0.450583 0.000000 0.476364
v -0.469774 0.000000 0.554963
v -0.457426 0.000000 0.634924
v -0.415417 0.000000 0.704072
v -0.350145 0.000000 0.751881
v -0.271546 0.000000 0.771072
v -0.191585 0.000000 0.758723
v -0.122437 0.000000 0.716715
v -0.074628 0.000000 0.651443
v -0.055437 0.000000 0.572843
v -0.067785 0.000000 0.492883
v -0.109794 0.000000 0.423735
v -0.175066 0.000000 0.375926
v -0.253665 0.000000 0.356735
v 0.191586 -0.000000 -0.758724
v 0.122437 -0.000000 -0.716716
v 0.074628 -0.000000 -0.651443
v 0.055437 -0.000000 -0.572844
v 0.067786 -0.000000 -0.492883
v 0.109794 -0.000000 -0.423735
v 0.175066 -0.000000 -0.375926
v 0.253666 -0.000000 -0.356735
v 0.333626 -0.000000 -0.369084
v 0.402774 -0.000000 -0.411092
v 0.450583 -0.000000 -0.476364
v 0.469774 -0.000000 -0.554964
v 0.457426 -0.000000 -0.634924
v 0.415418 -0.000000 -0.704072
v 0.350145 -0.000000 -0.751881
v 0.271546 -0.000000 -0.771072
v 0.492883 -0.000000 0.067785
v 0.423735 0.000000 0.109793
v 0.375926 0.000000 0.175066
v 0.356735 0.000000 0.253665
v 0.369084 0.000000 0.333626
v 0.411092 0.000000 0.402774
v 0.476364 0.000000 0.450583
v 0.554963 0.000000 0.469774
v 0.634924 0.000000 0.457425
v 0.704072 0.000000 0.415417
v 0.751881 -0.000000 0.350145
v 0.771072 -0.000000 0.271546
v 0.758724 -0.000000 0.191585
v 0.716716 -0.000000 0.122437
v 0.651443 -0.000000 0.074628
v 0.572844 -0.000000 0.055437
v -0.327170 2.000000 0.386794
v -0.322255 1.984709 0.400276
v -0.308259 1.967697 0.438668
v -0.287313 1.951042 0.496127
v -0.254478 2.000000 0.375569
v -0.255097 1.984709 0.389905
v -0.256859 1.967697 0.430731
v -0.259496 1.951042 0.491831
v -0.183024 2.000000 0.393015
v -0.189082 1.984709 0.406023
v -0.206333 1.967697 0.443067
v -0.232151 1.951042 0.498507
v -0.262606 1.944247 0.563904
v -0.123686 2.000000 0.436478
v -0.134261 1.984709 0.446177
v -0.164375 1.967697 0.473800
v -0.209444 1.951042 0.515140
v -0.085497 2.000000 0.499340
v -0.098978 1.984709 0.504254
v -0.137371 1.967697 0.518250
v -0.194829 1.951042 0.539196
v -0.074271 2.000000 0.572031
v -0.088607 1.984709 0.571412
v -0.129433 1.967697 0.569651
v -0.190533 1.951042 0.567014
v -0.091717 2.000000 0.643485
v -0.104725 1.984709 0.637427
v -0.141769 1.967697 0.620176
v -0.197210 1.951042 0.594358
v -0.135180 2.000000 0.702824
v -0.144880 1.984709 0.692249
v -0.172502 1.967697 0.662135
v -0.213842 1.951042 0.617066
v -0.198042 2.000000 0.741013
v -0.202957 1.984709 0.727531
v -0.216952 1.967697 0.689139
v -0.237898 1.951042 0.631680
v -0.270734 2.000000 0.752239
v -0.270115 1.984709 0.737903
v -0.268353 1.967697 0.697076
v -0.265716 1.951042 0.635976
v -0.342188 2.000000 0.734792
v -0.336130 1.984709 0.721784
v -0.318879 1.967697 0.684740
v -0.293060 1.951042 0.629300
v -0.401526 2.000000 0.691329
v -0.390951 1.984709 0.681630
v -0.360837 1.967697 0.654007
v -0.315768 1.951042 0.612667
v -0.439715 2.000000 0.628467
v -0.426234 1.984709 0.623553
v -0.387841 1.967697 0.609557
v -0.330383 1.951042 0.588611
v -0.450941 2.000000 0.555776
v -0.436605 1.984709 0.556395
v -0.395779 1.967697 0.558157
v -0.334679 1.951042 0.560793
v -0.433495 2.000000 0.484322
v -0.420486 1.984709 0.490380
v -0.383442 1.967697 0.507631
v -0.328002 1.951042 0.533449
v -0.390032 2.000000 0.424984
v -0.380332 1.984709 0.435558
v -0.352710 1.967697 0.465672
v -0.311370 1.951042 0.510741
v 0.198042 2.000000 -0.741013
v 0.202956 1.984709 -0.727531
v 0.216952 1.967697 -0.689139
v 0.237898 1.951042 -0.631680
v 0.270733 2.000000 -0.752239
v 0.270114 1.984709 -0.737903
v 0.268352 1.967697 -0.697077
v 0.265716 1.951042 -0.635976
v 0.342187 2.000000 -0.734792
v 0.336129 1.984709 -0.721784
v 0.318878 1.967697 -0.684740
v 0.293060 1.951042 -0.629300
v 0.262605 1.944247 -0.563904
v 0.401525 2.000000 -0.691329
v 0.390951 1.984709 -0.681630
v 0.360837 1.967697 -0.654007
v 0.315768 1.951042 -0.612667
v 0.439714 2.000000 -0.628467
v 0.426233 1.984709 -0.623553
v 0.387840 1.967697 -0.609557
v 0.330382 1.951042 -0.588611
v 0.450940 2.000000 -0.555776
v 0.436604 1.984709 -0.556395
v 0.395778 1.967697 -0.558157
v 0.334678 1.951042 -0.560793
v 0.433494 2.000000 -0.484322
v 0.420486 1.984709 -0.490380
v 0.383442 1.967697 -0.507631
v 0.328002 1.951042 -0.533449
v 0.390031 2.000000 -0.424984
v 0.380332 1.984709 -0.435558
v 0.352709 1.967697 -0.465672
v 0.311369 1.951042 -0.510741
v 0.327169 2.000000 -0.386794
v 0.322254 1.984709 -0.400276
v 0.308259 1.967697 -0.438668
v 0.287313 1.951042 -0.496127
v 0.254478 2.000000 -0.375569
v 0.255096 1.984709 -0.389905
v 0.256858 1.967697 -0.430731
v 0.259495 1.951042 -0.491831
v 0.183024 2.000000 -0.393015
v 0.189082 1.984709 -0.406023
v 0.206333 1.967697 -0.443067
v 0.232151 1.951042 -0.498507
v 0.123685 2.000000 -0.436478
v 0.134260 1.984709 -0.446177
v 0.164374 1.967697 -0.473800
v 0.209443 1.951042 -0.515140
v 0.085496 2.000000 -0.499340
v 0.098978 1.984709 -0.504254
v 0.137370 1.967697 -0.518250
v 0.194829 1.951042 -0.539196
v 0.074270 2.000000 -0.572031
v 0.088606 1.984709 -0.571412
v 0.129432 1.967697 -0.569651
v 0.190533 1.951042 -0.567014
v 0.091717 2.000000 -0.643485
v 0.104725 1.984709 -0.637427
v 0.141769 1.967697 -0.620176
v 0.197209 1.951042 -0.594358
v 0.135179 2.000000 -0.702824
v 0.144879 1.984709 -0.692249
v 0.172502 1.967697 -0.662135
v 0.213842 1.951042 -0.617066
v -0.064564 2.000000 -0.177109
v -0.059650 1.984709 -0.163628
v -0.045654 1.967697 -0.125235
v -0.024708 1.951042 -0.067777
v 0.008127 2.000000 -0.188335
v 0.007509 1.984709 -0.173999
v 0.005747 1.967697 -0.133173
v 0.003110 1.951042 -0.072073
v 0.079581 2.000000 -0.170889
v 0.073523 1.984709 -0.157881
v 0.056272 1.967697 -0.120837
v 0.030454 1.951042 -0.065396
v -0.000000 1.944247 0.000000
v 0.138920 2.000000 -0.127426
v 0.128345 1.984709 -0.117726
v 0.098231 1.967697 -0.090104
v 0.053162 1.951042 -0.048764
v 0.177109 2.000000 -0.064564
v 0.163627 1.984709 -0.059649
v 0.125235 1.967697 -0.045654
v 0.067776 1.951042 -0.024707
v 0.188335 2.000000 0.008128
v 0.173999 1.984709 0.007509
v 0.133173 1.967697 0.005747
v 0.072072 1.951042 0.003110
v 0.170888 2.000000 0.079582
v 0.157880 1.984709 0.073524
v 0.120836 1.967697 0.056273
v 0.065396 1.951042 0.030455
v 0.127426 2.000000 0.138920
v 0.117726 1.984709 0.128345
v 0.090103 1.967697 0.098231
v 0.048763 1.951042 0.053162
v 0.064564 2.000000 0.177109
v 0.059649 1.984709 0.163628
v 0.045653 1.967697 0.125235
v 0.024707 1.951042 0.067777
v -0.008128 2.000000 0.188335
v -0.007509 1.984709 0.173999
v -0.005747 1.967697 0.133173
v -0.003111 1.951042 0.072073
v -0.079582 2.000000 0.170889
v -0.073524 1.984709 0.157880
v -0.056273 1.967697 0.120836
v -0.030455 1.951042 0.065396
v -0.138920 2.000000 0.127426
v -0.128346 1.984709 0.117726
v -0.098232 1.967697 0.090104
v -0.053163 1.951042 0.048764
v -0.177109 2.000000 0.064564
v -0.163628 1.984709 0.059649
v -0.125235 1.967697 0.045653
v -0.067777 1.951042 0.024707
v -0.188335 2.000000 -0.008128
v -0.173999 1.984709 -0.007509
v -0.133173 1.967697 -0.005747
v -0.072073 1.951042 -0.003110
v -0.170889 2.000000 -0.079582
v -0.157881 1.984709 -0.073524
v -0.120837 1.967697 -0.056273
v -0.065396 1.951042 -0.030455
v -0.127426 2.000000 -0.138920
v -0.117726 1.984709 -0.128345
v -0.090104 1.967697 -0.098231
v -0.048764 1.951042 -0.053162
v 0.191585 2.000000 -0.758724
v 0.271546 2.000000 -0.771072
v 0.350145 2.000000 -0.751881
v 0.415417 2.000000 -0.704072
v 0.457425 2.000000 -0.634924
v 0.469774 2.000000 -0.554963
v 0.450583 2.000000 -0.476364
v 0.402774 2.000000 -0.411092
v 0.333625 2.000000 -0.369084
v 0.253665 2.000000 -0.356735
v 0.175066 2.000000 -0.375926
v 0.109793 2.000000 -0.423735
v 0.067785 2.000000 -0.492883
v 0.055437 2.000000 -0.572844
v 0.074628 2.000000 -0.651443
v 0.122437 2.000000 -0.716716
v -0.071021 2.000000 -0.194820
v 0.008940 2.000000 -0.207169
v 0.087539 2.000000 -0.187978
v 0.152812 2.000000 -0.140169
v 0.194820 2.000000 -0.071020
v 0.207168 2.000000 0.008940
v 0.187977 2.000000 0.087540
v 0.140168 2.000000 0.152812
v 0.071020 2.000000 0.194820
v -0.008941 2.000000 0.207168
v -0.087540 2.000000 0.187977
v -0.152812 2.000000 0.140169
v -0.194820 2.000000 0.071020
v -0.207169 2.000000 -0.008940
v -0.187978 2.000000 -0.087540
v -0.140169 2.000000 -0.152812
v -0.333626 2.000000 0.369083
v -0.253666 2.000000 0.356735
v -0.175066 2.000000 0.375926
v -0.109794 2.000000 0.423735
v -0.067786 2.000000 0.492883
v -0.055437 2.000000 0.572844
v -0.074628 2.000000 0.651443
v -0.122437 2.000000 0.716716
v -0.191586 2.000000 0.758724
v -0.271546 2.000000 0.771072
v -0.350146 2.000000 0.751881
v -0.415418 2.000000 0.704072
v -0.457426 2.000000 0.634924
v -0.469774 2.000000 0.554963
v -0.450583 2.000000 0.476364
v -0.402774 2.000000 0.411092
v 1.177076 1.693607 0.309163
v 1.125874 1.816165 0.168708
v 1.045758 1.930572 -0.051064
v 0.939519 1.980909 -0.342495
v 0.833281 1.930572 -0.633925
v 0.753164 1.816165 -0.853697
v 0.701963 1.693607 -0.994153
v 1.219052 1.544110 0.424309
v 0.659987 1.544110 -1.109298
v 1.258236 1.310191 0.531796
v 0.620804 1.310191 -1.216785
v 1.275476 1.000000 0.579088
v 0.603563 1.000000 -1.264078
v 1.258236 0.689809 0.531796
v 0.620804 0.689809 -1.216786
v 1.219052 0.455890 0.424309
v 0.659987 0.455890 -1.109298
v 1.177077 0.306393 0.309163
v 1.125875 0.183834 0.168707
v 1.045758 0.069428 -0.051065
v 0.939520 0.019091 -0.342495
v 0.833281 0.069428 -0.633925
v 0.753165 0.183834 -0.853697
v 0.701963 0.306393 -0.994153
v -0.994153 0.306393 -0.701963
v -0.853697 0.183834 -0.753165
v -0.633925 0.069428 -0.833281
v -0.342495 0.019091 -0.939520
v -0.051065 0.069428 -1.045758
v 0.168708 0.183835 -1.125875
v 0.309163 0.306393 -1.177077
v -1.109298 0.455890 -0.659987
v 0.424309 0.455890 -1.219052
v -1.216785 0.689809 -0.620804
v 0.531796 0.689809 -1.258236
v -1.264078 1.000000 -0.603563
v 0.579088 1.000000 -1.275476
v -1.216785 1.310191 -0.620804
v 0.531796 1.310191 -1.258236
v -1.109298 1.544110 -0.659987
v 0.424309 1.544110 -1.219052
v -0.994153 1.693607 -0.701963
v -0.853697 1.816165 -0.753165
v -0.633925 1.930572 -0.833281
v -0.342495 1.980909 -0.939520
v -0.051065 1.930572 -1.045758
v 0.168707 1.816165 -1.125875
v 0.309163 1.693607 -1.177077
v -0.701963 0.306393 0.994153
v -0.753165 0.183835 0.853697
v -0.833281 0.069428 0.633925
v -0.939520 0.019091 0.342495
v -1.045758 0.069428 0.051065
v -1.125875 0.183834 -0.168707
v -1.177077 0.306393 -0.309163
v -0.659987 0.455890 1.109298
v -1.219052 0.455890 -0.424309
v -0.620804 0.689809 1.216785
v -1.258236 0.689809 -0.531796
v -0.603564 1.000000 1.264078
v -1.275476 1.000000 -0.579088
v -0.620804 1.310191 1.216785
v -1.258236 1.310191 -0.531796
v -0.659988 1.544111 1.109298
v -1.219052 1.544110 -0.424309
v -0.701963 1.693607 0.994152
v -0.753165 1.816165 0.853697
v -0.833281 1.930572 0.633925
v -0.939520 1.980909 0.342495
v -1.045758 1.930572 0.051064
v -1.125875 1.816165 -0.168708
v -1.177077 1.693607 -0.309163
v 1.002911 0.297071 0.698770
v 0.854953 0.181830 0.752707
v 0.632414 0.074253 0.833832
v 0.342495 0.026922 0.939520
v 0.052576 0.074253 1.045208
v -0.169963 0.181829 1.126333
v -0.317921 0.297071 1.180269
v 1.111182 0.454553 0.659301
v -0.426192 0.454553 1.219739
v 1.212252 0.691418 0.622456
v -0.527263 0.691418 1.256583
v 1.256721 1.000000 0.606245
v -0.571732 1.000000 1.272794
v 1.212252 1.308582 0.622456
v -0.527263 1.308582 1.256583
v 1.111182 1.545447 0.659301
v -0.426193 1.545447 1.219738
v 1.002910 1.702929 0.698770
v 0.854953 1.818171 0.752707
v 0.632414 1.925747 0.833832
v 0.342495 1.973078 0.939520
v 0.052575 1.925747 1.045208
v -0.169964 1.818171 1.126332
v -0.317921 1.702929 1.180269
v 0.894028 2.000000 0.416343
v 0.791517 2.000000 0.581023
v 0.608872 2.000000 0.766448
v 0.334876 2.000000 0.918620
v 0.027229 2.000000 0.978481
v -0.231899 2.000000 0.954102
v -0.416343 2.000000 0.894028
v 0.954101 2.000000 0.231899
v -0.581023 2.000000 0.791517
v 0.978481 2.000000 -0.027229
v -0.766448 2.000000 0.608872
v 0.918620 2.000000 -0.334876
v -0.918620 2.000000 0.334876
v 0.766448 2.000000 -0.608872
v -0.978482 2.000000 0.027229
v 0.581023 2.000000 -0.791517
v -0.954102 2.000000 -0.231899
v 0.416342 2.000000 -0.894028
v 0.231899 2.000000 -0.954102
v -0.027229 2.000000 -0.978481
v -0.334876 2.000000 -0.918620
v -0.608872 2.000000 -0.766448
v -0.791517 2.000000 -0.581023
v -0.894028 2.000000 -0.416343
v 0.889215 0.000000 0.414101
v 0.953159 0.000000 0.231670
v 0.980529 0.000000 -0.027286
v 0.921583 0.000000 -0.335956
v 0.768052 0.000000 -0.610146
v 0.580449 -0.000000 -0.790735
v 0.414101 -0.000000 -0.889215
v 0.790735 0.000000 0.580448
v 0.231670 0.000000 -0.953158
v 0.610147 0.000000 0.768052
v -0.027286 0.000000 -0.980529
v 0.335956 0.000000 0.921583
v -0.335956 0.000000 -0.921583
v 0.027286 0.000000 0.980529
v -0.610146 0.000000 -0.768052
v -0.231670 0.000000 0.953158
v -0.790735 0.000000 -0.580448
v -0.414101 0.000000 0.889215
v -0.580448 0.000000 0.790735
v -0.768052 0.000000 0.610146
v -0.921583 0.000000 0.335956
v -0.980529 0.000000 0.027286
v -0.953158 -0.000000 -0.231670
v -0.889215 -0.000000 -0.414101
v 0.862070 2.000000 0.401460
v 0.763223 2.000000 0.560254
v 0.587107 2.000000 0.739051
v 0.322905 2.000000 0.885783
v 0.026255 2.000000 0.943505
v -0.223610 2.000000 0.919996
v -0.401460 2.000000 0.862070
v 0.919996 2.000000 0.223610
v -0.560254 2.000000 0.763224
v 0.943504 2.000000 -0.026255
v -0.739051 2.000000 0.587107
v 0.885783 2.000000 -0.322905
v -0.885783 2.000000 0.322905
v 0.739050 2.000000 -0.587107
v -0.943505 2.000000 0.026255
v 0.560254 2.000000 -0.763224
v -0.919997 2.000000 -0.223610
v 0.401460 2.000000 -0.862070
v 0.223609 2.000000 -0.919997
v -0.026256 2.000000 -0.943505
v -0.322906 2.000000 -0.885783
v -0.587107 2.000000 -0.739051
v -0.763224 2.000000 -0.560254
v -0.862071 2.000000 -0.401460
v 1.168585 1.668814 0.285869
v 1.119213 1.786991 0.150434
v 1.041960 1.897308 -0.061482
v 0.939519 1.945845 -0.342495
v 0.837078 1.897308 -0.623507
v 0.759826 1.786991 -0.835424
v 0.710454 1.668814 -0.970859
v 1.209060 1.524661 0.396899
v 0.669979 1.524661 -1.081888
v 1.246843 1.299103 0.500544
v 0.632196 1.299103 -1.185533
v 1.263467 1.000000 0.546146
v 0.615573 1.000000 -1.231135
v 1.246843 0.700897 0.500543
v 0.632196 0.700897 -1.185533
v 1.209060 0.475339 0.396899
v 0.669979 0.475339 -1.081888
v 1.168585 0.331186 0.285869
v 1.119213 0.213009 0.150434
v 1.041961 0.102692 -0.061482
v 0.939520 0.054155 -0.342495
v 0.837079 0.102692 -0.623508
v 0.759826 0.213009 -0.835424
v 0.710455 0.331186 -0.970859
v 0.979304 0.322198 0.707376
v 0.836635 0.211076 0.759385
v 0.622051 0.107345 0.837610
v 0.342495 0.061705 0.939520
v 0.062939 0.107345 1.041430
v -0.151645 0.211076 1.119655
v -0.294314 0.322197 1.171664
v 1.083705 0.474050 0.669317
v -0.398715 0.474050 1.209722
v 1.181162 0.702448 0.633790
v -0.496172 0.702448 1.245249
v 1.224041 1.000000 0.618158
v -0.539052 1.000000 1.260881
v 1.181162 1.297552 0.633790
v -0.496172 1.297552 1.245249
v 1.083705 1.525950 0.669317
v -0.398715 1.525949 1.209722
v 0.979303 1.677803 0.707376
v 0.836635 1.788924 0.759385
v 0.622050 1.892655 0.837610
v 0.342495 1.938295 0.939520
v 0.062939 1.892655 1.041430
v -0.151645 1.788924 1.119655
v -0.294314 1.677802 1.171663
v -0.710454 0.331186 0.970859
v -0.759826 0.213009 0.835424
v -0.837079 0.102692 0.623508
v -0.939520 0.054155 0.342495
v -1.041961 0.102692 0.061482
v -1.119213 0.213009 -0.150434
v -1.168585 0.331186 -0.285869
v -0.669979 0.475339 1.081888
v -1.209060 0.475339 -0.396899
v -0.632196 0.700897 1.185533
v -1.246843 0.700897 -0.500544
v -0.615573 1.000000 1.231135
v -1.263467 1.000000 -0.546146
v -0.632197 1.299103 1.185533
v -1.246843 1.299103 -0.500543
v -0.669980 1.524661 1.081888
v -1.209060 1.524661 -0.396899
v -0.710455 1.668814 0.970858
v -0.759826 1.786991 0.835424
v -0.837079 1.897308 0.623507
v -0.939520 1.945845 0.342495
v -1.041961 1.897308 0.061482
v -1.119213 1.786991 -0.150434
v -1.168585 1.668814 -0.285869
v -0.970858 0.331186 -0.710454
v -0.835424 0.213009 -0.759826
v -0.623507 0.102692 -0.837079
v -0.342495 0.054154 -0.939520
v -0.061482 0.102692 -1.041961
v 0.150434 0.213009 -1.119213
v 0.285869 0.331186 -1.168585
v -1.081888 0.475339 -0.669979
v 0.396899 0.475339 -1.209060
v -1.185533 0.700897 -0.632196
v 0.500543 0.700897 -1.246843
v -1.231135 1.000000 -0.615572
v 0.546146 1.000000 -1.263467
v -1.185533 1.299103 -0.632196
v 0.500543 1.299103 -1.246843
v -1.081888 1.524661 -0.669979
v 0.396899 1.524661 -1.209060
v -0.970859 1.668814 -0.710455
v -0.835424 1.786991 -0.759826
v -0.623508 1.897308 -0.837079
v -0.342495 1.945845 -0.939520
v -0.061482 1.897308 -1.041961
v 0.150434 1.786991 -1.119213
v 0.285869 1.668814 -1.168585
v 0.857429 0.000000 0.399298
v 0.919087 0.000000 0.223389
v 0.945480 0.000000 -0.026311
v 0.888641 0.000000 -0.323947
v 0.740597 0.000000 -0.588336
v 0.559700 -0.000000 -0.762469
v 0.399299 -0.000000 -0.857429
v 0.762470 0.000000 0.559700
v 0.223389 -0.000000 -0.919087
v 0.588336 0.000000 0.740597
v -0.026310 0.000000 -0.945479
v 0.323947 0.000000 0.888641
v -0.323947 0.000000 -0.888640
v 0.026311 0.000000 0.945479
v -0.588336 0.000000 -0.740597
v -0.223388 0.000000 0.919087
v -0.762469 -0.000000 -0.559700
v -0.399298 0.000000 0.857429
v -0.559700 0.000000 0.762470
v -0.740597 0.000000 0.588336
v -0.888640 0.000000 0.323947
v -0.945479 0.000000 0.026311
v -0.919087 -0.000000 -0.223389
v -0.857429 -0.000000 -0.399298
vt 0.015849 0.012964
vt 0.763499 0.496528
vt 0.768035 0.518554
vt 0.721184 0.538604
vt 0.712541 0.497123
vt 0.687676 0.553175
vt 0.676008 0.497761
vt 0.671116 0.560400
vt 0.657944 0.498099
vt 0.780655 0.537168
vt 0.745043 0.573621
vt 0.719662 0.599905
vt 0.707127 0.612917
vt 0.799438 0.549535
vt 0.780487 0.596841
vt 0.767096 0.630838
vt 0.760495 0.647656
vt 0.821523 0.553773
vt 0.822118 0.604731
vt 0.822756 0.641264
vt 0.823094 0.659328
vt 0.843550 0.549237
vt 0.863600 0.596088
vt 0.878170 0.629596
vt 0.885395 0.646156
vt 0.862163 0.536617
vt 0.898616 0.572229
vt 0.924900 0.597611
vt 0.937913 0.610145
vt 0.874530 0.517834
vt 0.921837 0.536786
vt 0.955833 0.550177
vt 0.972652 0.556777
vt 0.878769 0.495749
vt 0.929726 0.495154
vt 0.966260 0.494516
vt 0.984324 0.494178
vt 0.874232 0.473723
vt 0.921083 0.453673
vt 0.954592 0.439102
vt 0.971151 0.431877
vt 0.861612 0.455109
vt 0.897224 0.418656
vt 0.922606 0.392372
vt 0.935140 0.379360
vt 0.842830 0.442742
vt 0.861781 0.395435
vt 0.875172 0.361439
vt 0.881773 0.344620
vt 0.820744 0.438504
vt 0.820150 0.387546
vt 0.819511 0.351013
vt 0.819173 0.332949
vt 0.798718 0.443040
vt 0.778668 0.396189
vt 0.764098 0.362681
vt 0.756873 0.346121
vt 0.780104 0.455660
vt 0.743651 0.420048
vt 0.717367 0.394666
vt 0.704355 0.382132
vt 0.767737 0.474443
vt 0.720431 0.455491
vt 0.686434 0.442100
vt 0.669616 0.435500
vt 0.821134 0.496139
vt 0.119158 0.494921
vt 0.123272 0.517018
vt 0.076053 0.536167
vt 0.068207 0.494517
vt 0.042266 0.550099
vt 0.031657 0.494452
vt 0.025566 0.557010
vt 0.013583 0.494444
vt 0.135538 0.535861
vt 0.099247 0.571634
vt 0.073369 0.597439
vt 0.060589 0.610216
vt 0.154085 0.548575
vt 0.134251 0.595519
vt 0.120224 0.629264
vt 0.113308 0.645959
vt 0.176087 0.553224
vt 0.175732 0.604186
vt 0.175689 0.640729
vt 0.175691 0.658799
vt 0.198195 0.549098
vt 0.217371 0.596316
vt 0.231317 0.630092
vt 0.238234 0.646785
vt 0.217041 0.536825
vt 0.252827 0.573110
vt 0.278637 0.598976
vt 0.291416 0.611751
vt 0.229755 0.518274
vt 0.276702 0.538102
vt 0.310446 0.552122
vt 0.327139 0.559033
vt 0.234403 0.496270
vt 0.285363 0.496623
vt 0.321902 0.496664
vt 0.339968 0.496661
vt 0.230276 0.474162
vt 0.277494 0.454989
vt 0.311265 0.441046
vt 0.327954 0.434131
vt 0.218004 0.455314
vt 0.254293 0.419535
vt 0.280158 0.393734
vt 0.292931 0.380960
vt 0.199453 0.442596
vt 0.219294 0.395657
vt 0.233320 0.361925
vt 0.240233 0.345238
vt 0.177444 0.437943
vt 0.177827 0.386985
vt 0.177882 0.350456
vt 0.177885 0.332395
vt 0.155324 0.442062
vt 0.136203 0.394834
vt 0.122279 0.361066
vt 0.115373 0.344379
vt 0.136452 0.454329
vt 0.100767 0.418001
vt 0.074972 0.392144
vt 0.062204 0.379369
vt 0.123825 0.472945
vt 0.076902 0.453012
vt 0.043153 0.438978
vt 0.026462 0.432058
vt 0.176769 0.495589
vt 0.762455 0.817403
vt 0.766878 0.839456
vt 0.719913 0.859265
vt 0.711487 0.817732
vt 0.686322 0.873661
vt 0.674946 0.818177
vt 0.669721 0.880799
vt 0.656878 0.818419
vt 0.779405 0.858138
vt 0.743593 0.894416
vt 0.718064 0.920570
vt 0.705458 0.933517
vt 0.798129 0.870604
vt 0.778926 0.917834
vt 0.765342 0.951770
vt 0.758645 0.968555
vt 0.820201 0.874954
vt 0.820547 0.925954
vt 0.820961 0.962521
vt 0.821191 0.980590
vt 0.842258 0.870521
vt 0.862164 0.917527
vt 0.876411 0.951205
vt 0.883576 0.967783
vt 0.860925 0.857974
vt 0.897157 0.893645
vt 0.923161 0.919284
vt 0.936121 0.931871
vt 0.873368 0.839263
vt 0.920544 0.858443
vt 0.954419 0.872032
vt 0.971191 0.878735
vt 0.877718 0.817210
vt 0.928659 0.816888
vt 0.965177 0.816458
vt 0.983238 0.816226
vt 0.873299 0.795168
vt 0.920246 0.775374
vt 0.953826 0.760993
vt 0.970424 0.753862
vt 0.860780 0.776492
vt 0.896581 0.740235
vt 0.922102 0.714092
vt 0.934707 0.701149
vt 0.842065 0.764027
vt 0.861266 0.716826
vt 0.874839 0.682903
vt 0.881530 0.666121
vt 0.820003 0.759674
vt 0.819678 0.708715
vt 0.819234 0.672178
vt 0.818993 0.654112
vt 0.797953 0.764095
vt 0.778150 0.717138
vt 0.763757 0.683551
vt 0.756619 0.666952
vt 0.779273 0.776618
vt 0.743005 0.740813
vt 0.716854 0.715291
vt 0.703907 0.702686
vt 0.766808 0.795338
vt 0.719596 0.776137
vt 0.685667 0.762565
vt 0.668882 0.755875
vt 0.820095 0.817308
vt 0.761431 0.173224
vt 0.765675 0.195308
vt 0.718562 0.214735
vt 0.710470 0.173143
vt 0.684864 0.228860
vt 0.673931 0.173296
vt 0.668210 0.235865
vt 0.655864 0.173395
vt 0.778047 0.214087
vt 0.741955 0.250065
vt 0.716227 0.276010
vt 0.703521 0.288855
vt 0.796664 0.226702
vt 0.777087 0.273753
vt 0.763247 0.307569
vt 0.756423 0.324299
vt 0.818691 0.231233
vt 0.818610 0.282194
vt 0.818764 0.318733
vt 0.818862 0.336800
vt 0.840776 0.226989
vt 0.860203 0.274102
vt 0.874328 0.307801
vt 0.881333 0.324455
vt 0.859555 0.214617
vt 0.895533 0.250709
vt 0.921478 0.276437
vt 0.934323 0.289143
vt 0.872170 0.196000
vt 0.919221 0.215577
vt 0.953037 0.229418
vt 0.969767 0.236241
vt 0.876701 0.173973
vt 0.927662 0.174054
vt 0.964201 0.173900
vt 0.982268 0.173802
vt 0.872457 0.151888
vt 0.919570 0.132461
vt 0.953268 0.118337
vt 0.969923 0.111332
vt 0.860085 0.133109
vt 0.896177 0.097131
vt 0.921905 0.071186
vt 0.934611 0.058341
vt 0.841468 0.120494
vt 0.861045 0.073443
vt 0.874886 0.039627
vt 0.881709 0.022898
vt 0.819441 0.115963
vt 0.819522 0.065002
vt 0.819368 0.028464
vt 0.819270 0.010397
vt 0.797356 0.120207
vt 0.777929 0.073094
vt 0.763804 0.039396
vt 0.756800 0.022742
vt 0.778577 0.132579
vt 0.742599 0.096487
vt 0.716654 0.070759
vt 0.703809 0.058053
vt 0.765962 0.151196
vt 0.718911 0.131619
vt 0.685095 0.117779
vt 0.668365 0.110956
vt 0.819066 0.173598
vt 0.119333 0.172671
vt 0.123381 0.194783
vt 0.076107 0.213796
vt 0.068370 0.172120
vt 0.042284 0.227640
vt 0.031810 0.171961
vt 0.025567 0.234510
vt 0.013731 0.171908
vt 0.135590 0.213661
vt 0.099203 0.249321
vt 0.073265 0.275051
vt 0.060456 0.287793
vt 0.154094 0.226429
vt 0.134129 0.273292
vt 0.120019 0.306980
vt 0.113065 0.323648
vt 0.176073 0.231144
vt 0.175560 0.282069
vt 0.175415 0.318580
vt 0.175370 0.336634
vt 0.198181 0.227092
vt 0.217184 0.274328
vt 0.231013 0.308103
vt 0.237875 0.324793
vt 0.217056 0.214893
vt 0.252671 0.251262
vt 0.278351 0.277168
vt 0.291067 0.289956
vt 0.229829 0.196407
vt 0.276638 0.216393
vt 0.310246 0.230511
vt 0.326868 0.237465
vt 0.234564 0.174443
vt 0.285474 0.175025
vt 0.321911 0.175249
vt 0.339892 0.175354
vt 0.230540 0.152335
vt 0.277873 0.133424
vt 0.311808 0.119692
vt 0.328382 0.113128
vt 0.218356 0.133428
vt 0.254848 0.097850
vt 0.280865 0.072244
vt 0.294033 0.059450
vt 0.199850 0.120612
vt 0.219914 0.073701
vt 0.234127 0.039932
vt 0.241157 0.023194
vt 0.177840 0.115863
vt 0.178407 0.064840
vt 0.178583 0.028229
vt 0.178640 0.010120
vt 0.155686 0.119905
vt 0.136697 0.072563
vt 0.122848 0.038705
vt 0.115973 0.021973
vt 0.136760 0.132117
vt 0.101156 0.095652
vt 0.075405 0.069700
vt 0.062655 0.056881
vt 0.124068 0.150703
vt 0.077180 0.130621
vt 0.043448 0.116492
vt 0.026763 0.109527
vt 0.176950 0.173530
vt 0.119150 0.815210
vt 0.122722 0.837407
vt 0.075039 0.855400
vt 0.068203 0.813559
vt 0.040917 0.868512
vt 0.031650 0.812609
vt 0.024053 0.875019
vt 0.013574 0.812165
vt 0.134524 0.856548
vt 0.097367 0.891425
vt 0.070869 0.916593
vt 0.057783 0.929055
vt 0.152755 0.869713
vt 0.131779 0.916157
vt 0.116929 0.949543
vt 0.109609 0.966059
vt 0.174637 0.874898
vt 0.173041 0.925840
vt 0.172075 0.962369
vt 0.171627 0.980421
vt 0.196835 0.871312
vt 0.214912 0.919002
vt 0.227860 0.953154
vt 0.234388 0.969970
vt 0.215957 0.859500
vt 0.250750 0.896496
vt 0.275712 0.923063
vt 0.288163 0.936107
vt 0.229104 0.841298
vt 0.275441 0.862271
vt 0.308682 0.877129
vt 0.325138 0.884454
vt 0.234307 0.819453
vt 0.285173 0.821139
vt 0.321578 0.822166
vt 0.339547 0.822670
vt 0.230764 0.797270
vt 0.278485 0.779396
vt 0.312705 0.766414
vt 0.329416 0.760217
vt 0.218994 0.778108
vt 0.256244 0.743336
vt 0.282811 0.718306
vt 0.296254 0.705803
vt 0.200772 0.764896
vt 0.221846 0.718435
vt 0.236790 0.684984
vt 0.244182 0.668402
vt 0.178871 0.759673
vt 0.180541 0.708675
vt 0.181512 0.672076
vt 0.181963 0.653972
vt 0.156634 0.763235
vt 0.138673 0.715493
vt 0.125560 0.681340
vt 0.119049 0.664462
vt 0.137449 0.775037
vt 0.102639 0.737809
vt 0.077453 0.711304
vt 0.064982 0.698210
vt 0.124358 0.793347
vt 0.077909 0.772255
vt 0.044486 0.757398
vt 0.027954 0.750072
vt 0.176740 0.817307
vt 0.440777 0.495022
vt 0.444771 0.517153
vt 0.397441 0.536046
vt 0.389820 0.494364
vt 0.363585 0.549788
vt 0.353282 0.494105
vt 0.346853 0.556605
vt 0.335215 0.493999
vt 0.456930 0.536071
vt 0.420433 0.571638
vt 0.394413 0.597291
vt 0.381563 0.609991
vt 0.475403 0.548896
vt 0.455295 0.595722
vt 0.441073 0.629380
vt 0.434061 0.646031
vt 0.497378 0.553675
vt 0.496720 0.604632
vt 0.496461 0.641170
vt 0.496355 0.659237
vt 0.519509 0.549681
vt 0.538402 0.597011
vt 0.552144 0.630867
vt 0.558960 0.647599
vt 0.538427 0.537522
vt 0.573994 0.574019
vt 0.599646 0.600039
vt 0.612347 0.612889
vt 0.551251 0.519049
vt 0.598078 0.539157
vt 0.631735 0.553379
vt 0.648387 0.560391
vt 0.556031 0.497074
vt 0.606988 0.497732
vt 0.643526 0.497991
vt 0.661593 0.498097
vt 0.552037 0.474944
vt 0.599367 0.456051
vt 0.633223 0.442308
vt 0.649955 0.435492
vt 0.539878 0.456026
vt 0.576375 0.420458
vt 0.602395 0.394806
vt 0.615245 0.382105
vt 0.521405 0.443201
vt 0.541513 0.396374
vt 0.555735 0.362717
vt 0.562747 0.346066
vt 0.499430 0.438421
vt 0.500088 0.387464
vt 0.500347 0.350926
vt 0.500453 0.332859
vt 0.477299 0.442415
vt 0.458406 0.395085
vt 0.444664 0.361229
vt 0.437848 0.344497
vt 0.458381 0.454574
vt 0.422814 0.418077
vt 0.397162 0.392058
vt 0.384461 0.379207
vt 0.445556 0.473047
vt 0.398730 0.452939
vt 0.365073 0.438717
vt 0.348421 0.431705
vt 0.498404 0.496048
vt 0.762653 0.816889
vt 0.766883 0.838983
vt 0.719717 0.858269
vt 0.711735 0.816754
vt 0.685898 0.872305
vt 0.675306 0.816856
vt 0.669388 0.879013
vt 0.657330 0.816911
vt 0.779361 0.857704
vt 0.743136 0.893688
vt 0.717219 0.919433
vt 0.704197 0.932371
vt 0.797969 0.870317
vt 0.778456 0.917289
vt 0.764388 0.951105
vt 0.757538 0.967923
vt 0.819981 0.874833
vt 0.819919 0.925783
vt 0.820064 0.962346
vt 0.820169 0.980450
vt 0.842054 0.870580
vt 0.861506 0.917670
vt 0.875663 0.951359
vt 0.882693 0.968012
vt 0.860819 0.858201
vt 0.896803 0.894249
vt 0.922760 0.919930
vt 0.935617 0.932608
vt 0.873417 0.839586
vt 0.920443 0.859121
vt 0.954216 0.872913
vt 0.970921 0.879704
vt 0.877936 0.817570
vt 0.928868 0.817644
vt 0.965324 0.817498
vt 0.983316 0.817419
vt 0.873691 0.795498
vt 0.920842 0.776107
vt 0.954646 0.762024
vt 0.971156 0.755286
vt 0.861316 0.776713
vt 0.897448 0.740762
vt 0.923206 0.714886
vt 0.936243 0.701955
vt 0.842682 0.764086
vt 0.862262 0.716968
vt 0.876134 0.683054
vt 0.882992 0.666246
vt 0.820629 0.759564
vt 0.820652 0.708528
vt 0.820478 0.671909
vt 0.820357 0.653808
vt 0.798530 0.763836
vt 0.778957 0.716678
vt 0.764919 0.682903
vt 0.757851 0.666280
vt 0.779765 0.776248
vt 0.743806 0.740320
vt 0.718000 0.714528
vt 0.705131 0.701875
vt 0.767180 0.794868
vt 0.720184 0.775325
vt 0.686477 0.761505
vt 0.669794 0.754700
vt 0.820304 0.817218
vt 0.761465 0.172897
vt 0.765567 0.195028
vt 0.718230 0.214239
vt 0.710443 0.172461
vt 0.684287 0.227946
vt 0.673856 0.172298
vt 0.667590 0.234845
vt 0.655780 0.172242
vt 0.777841 0.213891
vt 0.741588 0.249703
vt 0.715423 0.275191
vt 0.702664 0.287976
vt 0.796384 0.226601
vt 0.776588 0.273398
vt 0.762312 0.306974
vt 0.755370 0.323650
vt 0.818362 0.231271
vt 0.817897 0.282182
vt 0.817723 0.318662
vt 0.817659 0.336718
vt 0.840469 0.227190
vt 0.859507 0.274436
vt 0.873337 0.308224
vt 0.880194 0.324927
vt 0.859346 0.214958
vt 0.895003 0.251346
vt 0.920721 0.277277
vt 0.933453 0.290084
vt 0.872120 0.196427
vt 0.918959 0.216433
vt 0.952658 0.230540
vt 0.969327 0.237502
vt 0.876700 0.174400
vt 0.927711 0.174947
vt 0.964289 0.175110
vt 0.982361 0.175169
vt 0.872633 0.152297
vt 0.919950 0.133167
vt 0.953864 0.119460
vt 0.970562 0.112560
vt 0.860387 0.133445
vt 0.896624 0.097787
vt 0.922681 0.072186
vt 0.935479 0.059422
vt 0.841872 0.120716
vt 0.861787 0.073841
vt 0.875911 0.040174
vt 0.882879 0.023501
vt 0.819887 0.116029
vt 0.820353 0.065078
vt 0.820491 0.028545
vt 0.820540 0.010475
vt 0.797775 0.120112
vt 0.778698 0.072850
vt 0.764834 0.039037
vt 0.757959 0.022324
vt 0.778904 0.132352
vt 0.743181 0.095981
vt 0.717425 0.070043
vt 0.704675 0.057232
vt 0.766152 0.150887
vt 0.719212 0.130954
vt 0.685483 0.116837
vt 0.668801 0.109876
vt 0.819117 0.173656
vt 0.119427 0.172694
vt 0.123492 0.194811
vt 0.076164 0.213927
vt 0.068434 0.172161
vt 0.042244 0.227617
vt 0.025543 0.234509
vt 0.013769 0.171887
vt 0.135731 0.213679
vt 0.099468 0.249316
vt 0.073401 0.274898
vt 0.060600 0.287654
vt 0.154239 0.226425
vt 0.134285 0.273280
vt 0.120142 0.306929
vt 0.113165 0.323590
vt 0.176222 0.231134
vt 0.175701 0.282075
vt 0.175530 0.318592
vt 0.175467 0.336651
vt 0.198343 0.227075
vt 0.217343 0.274349
vt 0.231162 0.308155
vt 0.238016 0.324862
vt 0.217236 0.214859
vt 0.252860 0.251281
vt 0.278561 0.277226
vt 0.291286 0.290037
vt 0.230032 0.196339
vt 0.276838 0.216395
vt 0.310513 0.230517
vt 0.327172 0.237483
vt 0.234644 0.174316
vt 0.285619 0.174951
vt 0.322159 0.175122
vt 0.340221 0.175186
vt 0.230614 0.152200
vt 0.277912 0.133267
vt 0.311738 0.119460
vt 0.328455 0.112610
vt 0.218412 0.133295
vt 0.254864 0.097741
vt 0.280815 0.072031
vt 0.293636 0.059302
vt 0.219929 0.073754
vt 0.234078 0.040049
vt 0.241054 0.023379
vt 0.177867 0.115876
vt 0.178451 0.064920
vt 0.178639 0.028369
vt 0.178707 0.010296
vt 0.136778 0.072625
vt 0.122962 0.038793
vt 0.116108 0.022071
vt 0.101251 0.095687
vt 0.075526 0.069733
vt 0.062791 0.056910
vt 0.124153 0.150721
vt 0.077264 0.130645
vt 0.043539 0.116493
vt 0.026862 0.109515
vt 0.177051 0.173506
vt 0.118901 0.817040
vt 0.123138 0.839117
vt 0.076027 0.858531
vt 0.067936 0.816923
vt 0.042323 0.872663
vt 0.031375 0.817075
vt 0.025665 0.879675
vt 0.013297 0.817176
vt 0.135506 0.857890
vt 0.099424 0.893858
vt 0.073705 0.919808
vt 0.061006 0.932658
vt 0.154118 0.870500
vt 0.134553 0.917532
vt 0.120730 0.951339
vt 0.113918 0.968066
vt 0.176137 0.875028
vt 0.176056 0.925956
vt 0.176223 0.962467
vt 0.176331 0.980520
vt 0.198210 0.870788
vt 0.217613 0.917861
vt 0.231729 0.951517
vt 0.238733 0.968148
vt 0.216980 0.858430
vt 0.252903 0.894494
vt 0.278802 0.920181
vt 0.291627 0.932860
vt 0.229595 0.839835
vt 0.276572 0.859422
vt 0.310299 0.873254
vt 0.326979 0.880066
vt 0.234143 0.817832
vt 0.285056 0.817981
vt 0.321494 0.817895
vt 0.339475 0.817847
vt 0.229931 0.795759
vt 0.277101 0.776446
vt 0.310919 0.762426
vt 0.327436 0.755721
vt 0.217587 0.776956
vt 0.253775 0.741069
vt 0.279573 0.715243
vt 0.292632 0.702337
vt 0.198972 0.764298
vt 0.218637 0.717219
vt 0.232562 0.683330
vt 0.239449 0.666532
vt 0.176923 0.759737
vt 0.177055 0.708710
vt 0.176920 0.672099
vt 0.176824 0.653991
vt 0.154804 0.763967
vt 0.135413 0.716788
vt 0.121276 0.683049
vt 0.114260 0.666376
vt 0.135983 0.776340
vt 0.100070 0.740179
vt 0.074099 0.714447
vt 0.061240 0.701737
vt 0.123449 0.795033
vt 0.076392 0.775351
vt 0.042541 0.761509
vt 0.025797 0.754686
vt 0.176523 0.817410
vt 0.440655 0.495062
vt 0.444791 0.517145
vt 0.397646 0.536316
vt 0.389761 0.494747
vt 0.363955 0.550241
vt 0.353285 0.494738
vt 0.347312 0.557149
vt 0.335249 0.494761
vt 0.457057 0.535969
vt 0.420803 0.571717
vt 0.394989 0.597438
vt 0.382253 0.610136
vt 0.475592 0.548674
vt 0.455703 0.595608
vt 0.441564 0.629382
vt 0.434557 0.645777
vt 0.497598 0.553329
vt 0.497184 0.604297
vt 0.497058 0.640808
vt 0.496876 0.659172
vt 0.519727 0.549205
vt 0.538934 0.596479
vt 0.552922 0.630352
vt 0.559866 0.647132
vt 0.538590 0.536912
vt 0.574453 0.573224
vt 0.600345 0.599123
vt 0.613172 0.611914
vt 0.551306 0.518331
vt 0.598330 0.538141
vt 0.632142 0.552140
vt 0.648871 0.559036
vt 0.555938 0.496297
vt 0.606952 0.496607
vt 0.643526 0.496601
vt 0.661609 0.496572
vt 0.551785 0.474165
vt 0.599026 0.454951
vt 0.632806 0.440960
vt 0.649495 0.434021
vt 0.539479 0.455300
vt 0.575774 0.419513
vt 0.601634 0.393664
vt 0.614397 0.380874
vt 0.520823 0.442703
vt 0.540652 0.395646
vt 0.554791 0.361909
vt 0.561645 0.345199
vt 0.498834 0.438094
vt 0.499092 0.387271
vt 0.499280 0.350755
vt 0.499233 0.332688
vt 0.476769 0.442250
vt 0.457570 0.395116
vt 0.443638 0.361395
vt 0.436718 0.344716
vt 0.457960 0.454531
vt 0.422183 0.418323
vt 0.396383 0.392511
vt 0.383605 0.379761
vt 0.445278 0.473076
vt 0.398371 0.453313
vt 0.364660 0.439346
vt 0.347980 0.432462
vt 0.498261 0.495690
vt 0.234844 0.173948
vt 0.230578 0.151900
vt 0.277593 0.132455
vt 0.285714 0.173941
vt 0.311147 0.118401
vt 0.322130 0.173712
vt 0.327680 0.111455
vt 0.340123 0.173564
vt 0.218210 0.133159
vt 0.254298 0.097156
vt 0.280199 0.071416
vt 0.292782 0.058938
vt 0.199604 0.120572
vt 0.219172 0.073676
vt 0.233307 0.040036
vt 0.240439 0.023453
vt 0.177590 0.116040
vt 0.177725 0.065109
vt 0.177724 0.028610
vt 0.177848 0.010211
vt 0.155498 0.120277
vt 0.135986 0.073112
vt 0.121997 0.039287
vt 0.114945 0.022596
vt 0.136726 0.132662
vt 0.100781 0.096694
vt 0.075013 0.070866
vt 0.062189 0.058204
vt 0.124128 0.151264
vt 0.077088 0.131640
vt 0.043281 0.117680
vt 0.026854 0.110771
vt 0.119588 0.173288
vt 0.068609 0.173139
vt 0.032152 0.173177
vt 0.013854 0.173061
vt 0.123825 0.195391
vt 0.076574 0.214835
vt 0.042618 0.228935
vt 0.026011 0.235690
vt 0.136224 0.214198
vt 0.100050 0.250339
vt 0.074111 0.276186
vt 0.061074 0.289191
vt 0.154896 0.226807
vt 0.135457 0.273896
vt 0.121444 0.307801
vt 0.114628 0.324665
vt 0.176947 0.231296
vt 0.176983 0.282305
vt 0.177218 0.318905
vt 0.177372 0.337026
vt 0.199032 0.227008
vt 0.218581 0.274092
vt 0.232826 0.307764
vt 0.239903 0.324407
vt 0.217786 0.214596
vt 0.253836 0.250586
vt 0.279855 0.276209
vt 0.292744 0.288855
vt 0.230357 0.195962
vt 0.277393 0.215412
vt 0.311187 0.229121
vt 0.327907 0.235866
vt 0.177239 0.173648
vt 0.877601 0.817375
vt 0.873433 0.795274
vt 0.920670 0.775932
vt 0.928610 0.817665
vt 0.954519 0.762070
vt 0.965205 0.817681
vt 0.971184 0.755091
vt 0.983290 0.817658
vt 0.861107 0.776464
vt 0.897192 0.740663
vt 0.923124 0.714958
vt 0.935854 0.702141
vt 0.842545 0.763807
vt 0.862272 0.716880
vt 0.876239 0.683181
vt 0.883126 0.666494
vt 0.820549 0.759199
vt 0.820840 0.708292
vt 0.820833 0.671807
vt 0.820805 0.653764
vt 0.798460 0.763352
vt 0.779272 0.716207
vt 0.765313 0.682509
vt 0.758386 0.665858
vt 0.779631 0.775638
vt 0.743902 0.739406
vt 0.718134 0.713619
vt 0.705374 0.700892
vt 0.766919 0.794191
vt 0.720099 0.774336
vt 0.686453 0.760372
vt 0.669813 0.753492
vt 0.762384 0.816208
vt 0.711459 0.815734
vt 0.675021 0.815657
vt 0.657045 0.815622
vt 0.766479 0.838295
vt 0.719213 0.857322
vt 0.685329 0.871176
vt 0.668781 0.877800
vt 0.778736 0.857169
vt 0.742354 0.892790
vt 0.716446 0.918502
vt 0.703326 0.931350
vt 0.797369 0.869803
vt 0.777410 0.916786
vt 0.763329 0.950635
vt 0.756362 0.967411
vt 0.819375 0.874467
vt 0.818995 0.925494
vt 0.818965 0.962129
vt 0.818980 0.980252
vt 0.841503 0.870330
vt 0.860696 0.917596
vt 0.874695 0.951415
vt 0.881646 0.968129
vt 0.860372 0.858028
vt 0.896152 0.894341
vt 0.922032 0.920193
vt 0.934847 0.932963
vt 0.872974 0.839375
vt 0.919983 0.859242
vt 0.953800 0.873230
vt 0.970524 0.880126
vt 0.819965 0.816811
vt 0.762560 0.817075
vt 0.766801 0.839175
vt 0.719634 0.858579
vt 0.711564 0.816937
vt 0.685884 0.872671
vt 0.674991 0.817062
vt 0.669218 0.879662
vt 0.656911 0.817149
vt 0.779188 0.857980
vt 0.743038 0.893989
vt 0.717170 0.919827
vt 0.704490 0.932687
vt 0.797887 0.870479
vt 0.778316 0.917447
vt 0.764302 0.951186
vt 0.819878 0.875004
vt 0.819773 0.925943
vt 0.819846 0.962464
vt 0.819912 0.980526
vt 0.841942 0.870761
vt 0.861418 0.917887
vt 0.875354 0.951650
vt 0.882368 0.968275
vt 0.860696 0.858382
vt 0.896585 0.894329
vt 0.922327 0.920165
vt 0.935159 0.932847
vt 0.873287 0.839789
vt 0.920268 0.859360
vt 0.953960 0.873264
vt 0.970630 0.880109
vt 0.877820 0.817787
vt 0.928795 0.817867
vt 0.965255 0.817971
vt 0.983229 0.817902
vt 0.873583 0.795724
vt 0.920614 0.776399
vt 0.954473 0.762563
vt 0.970986 0.755839
vt 0.861235 0.776948
vt 0.897391 0.741087
vt 0.923187 0.715321
vt 0.936257 0.702433
vt 0.842629 0.764300
vt 0.862290 0.717243
vt 0.876226 0.683379
vt 0.883123 0.666590
vt 0.820585 0.759743
vt 0.820723 0.708726
vt 0.820600 0.672122
vt 0.820512 0.654015
vt 0.798468 0.763975
vt 0.779083 0.716795
vt 0.764956 0.683052
vt 0.757945 0.666378
vt 0.779645 0.776352
vt 0.743732 0.740180
vt 0.717767 0.714438
vt 0.704912 0.701723
vt 0.767109 0.795052
vt 0.720040 0.775353
vt 0.686189 0.761494
vt 0.669448 0.754663
vt 0.820207 0.817408
vt 0.761316 0.173418
vt 0.765530 0.195515
vt 0.718364 0.214856
vt 0.710341 0.173225
vt 0.684618 0.228906
vt 0.673785 0.173314
vt 0.667953 0.235877
vt 0.655713 0.173383
vt 0.777887 0.214326
vt 0.741715 0.250270
vt 0.715839 0.276065
vt 0.703156 0.288906
vt 0.796557 0.226845
vt 0.776940 0.273747
vt 0.762909 0.307443
vt 0.756092 0.324162
vt 0.818527 0.231401
vt 0.818337 0.282277
vt 0.818398 0.318746
vt 0.818457 0.336794
vt 0.840582 0.227204
vt 0.859878 0.274280
vt 0.873906 0.307943
vt 0.880867 0.324583
vt 0.859358 0.214884
vt 0.895201 0.251000
vt 0.921024 0.276728
vt 0.933809 0.289428
vt 0.871998 0.196317
vt 0.918947 0.215995
vt 0.952628 0.229908
vt 0.969252 0.236769
vt 0.876577 0.174320
vt 0.927546 0.174587
vt 0.964159 0.174619
vt 0.981988 0.174768
vt 0.872391 0.152221
vt 0.919579 0.132963
vt 0.953317 0.119010
vt 0.970332 0.112100
vt 0.860057 0.133392
vt 0.896276 0.097453
vt 0.922140 0.071494
vt 0.934946 0.058620
vt 0.841444 0.120724
vt 0.861132 0.073642
vt 0.875051 0.039773
vt 0.881909 0.023009
vt 0.819396 0.116150
vt 0.819564 0.065130
vt 0.819451 0.028542
vt 0.819367 0.010451
vt 0.797274 0.120365
vt 0.777928 0.073177
vt 0.756833 0.022769
vt 0.778442 0.132723
vt 0.716638 0.070775
vt 0.765889 0.151406
vt 0.718855 0.131667
vt 0.685031 0.117781
vt 0.668304 0.110938
vt 0.818952 0.173826
vt 0.119323 0.173840
vt 0.123749 0.195889
vt 0.076745 0.215784
vt 0.068319 0.174151
vt 0.043063 0.230039
vt 0.031731 0.174564
vt 0.026482 0.237211
vt 0.013650 0.174798
vt 0.136293 0.214551
vt 0.100633 0.250773
vt 0.075004 0.276781
vt 0.062423 0.289747
vt 0.155000 0.226988
vt 0.135832 0.274145
vt 0.122261 0.308010
vt 0.115569 0.324780
vt 0.177044 0.231336
vt 0.177366 0.282243
vt 0.177809 0.318733
vt 0.178051 0.336780
vt 0.199075 0.226920
vt 0.218845 0.273827
vt 0.233217 0.307365
vt 0.240348 0.323939
vt 0.217741 0.214414
vt 0.253944 0.250187
vt 0.280041 0.275668
vt 0.292963 0.288247
vt 0.230206 0.195722
vt 0.277334 0.214932
vt 0.311168 0.228498
vt 0.327901 0.235178
vt 0.234576 0.173684
vt 0.285488 0.173426
vt 0.321924 0.173051
vt 0.339905 0.172860
vt 0.230188 0.151645
vt 0.277203 0.131954
vt 0.310909 0.117664
vt 0.327373 0.110828
vt 0.217692 0.132941
vt 0.253592 0.096763
vt 0.279186 0.070729
vt 0.292142 0.057719
vt 0.198974 0.120433
vt 0.218261 0.073192
vt 0.231916 0.039190
vt 0.238670 0.022336
vt 0.176886 0.116050
vt 0.176607 0.065017
vt 0.176179 0.028403
vt 0.175938 0.010293
vt 0.154798 0.120459
vt 0.135024 0.073430
vt 0.120616 0.039798
vt 0.113466 0.023179
vt 0.136074 0.132988
vt 0.099860 0.097108
vt 0.073680 0.071576
vt 0.060719 0.058965
vt 0.123691 0.151788
vt 0.076454 0.132481
vt 0.042482 0.118897
vt 0.025683 0.112201
vt 0.176957 0.173728
vt 0.119220 0.815836
vt 0.122988 0.838001
vt 0.075465 0.856413
vt 0.068261 0.814633
vt 0.041460 0.869824
vt 0.031701 0.814005
vt 0.024654 0.876479
vt 0.013622 0.813720
vt 0.134958 0.857037
vt 0.098109 0.892240
vt 0.071834 0.917640
vt 0.058858 0.930217
vt 0.153304 0.870041
vt 0.132738 0.916668
vt 0.118182 0.950183
vt 0.111008 0.966763
vt 0.175231 0.875033
vt 0.174083 0.925988
vt 0.173439 0.962524
vt 0.173150 0.980578
vt 0.197396 0.871253
vt 0.215892 0.918781
vt 0.229141 0.952818
vt 0.235817 0.969575
vt 0.216414 0.859272
vt 0.251531 0.895960
vt 0.276726 0.922307
vt 0.289291 0.935241
vt 0.229400 0.840955
vt 0.275920 0.861519
vt 0.309291 0.876085
vt 0.325811 0.883264
vt 0.234411 0.819065
vt 0.285290 0.820303
vt 0.321702 0.821010
vt 0.339675 0.821356
vt 0.230673 0.796914
vt 0.278234 0.778621
vt 0.312339 0.765338
vt 0.328995 0.758994
vt 0.218735 0.777856
vt 0.255677 0.742758
vt 0.282022 0.717495
vt 0.295355 0.704874
vt 0.200396 0.764806
vt 0.221061 0.718161
vt 0.235710 0.684580
vt 0.242956 0.667934
vt 0.178450 0.759776
vt 0.179672 0.708764
vt 0.180320 0.672158
vt 0.180612 0.654051
vt 0.156246 0.763533
vt 0.137865 0.715951
vt 0.124452 0.681915
vt 0.117793 0.665095
vt 0.137165 0.775503
vt 0.102029 0.738583
vt 0.076611 0.712301
vt 0.064025 0.699317
vt 0.124236 0.793927
vt 0.077604 0.773245
vt 0.044051 0.758683
vt 0.027455 0.751503
vt 0.176826 0.817426
vt 0.761450 0.173834
vt 0.765881 0.195909
vt 0.718906 0.215666
vt 0.710481 0.174135
vt 0.685295 0.230063
vt 0.673931 0.174571
vt 0.668690 0.237197
vt 0.655860 0.174809
vt 0.778536 0.214522
vt 0.742662 0.250872
vt 0.717001 0.276956
vt 0.704427 0.289931
vt 0.797253 0.226958
vt 0.778159 0.274079
vt 0.764426 0.307936
vt 0.757759 0.324740
vt 0.819297 0.231278
vt 0.819653 0.282204
vt 0.820080 0.318715
vt 0.820315 0.336785
vt 0.841332 0.226838
vt 0.861159 0.273771
vt 0.875557 0.307346
vt 0.882698 0.323946
vt 0.859997 0.214298
vt 0.896288 0.250079
vt 0.922450 0.275590
vt 0.935401 0.288189
vt 0.872446 0.195564
vt 0.919680 0.214737
vt 0.953618 0.228300
vt 0.970404 0.234986
vt 0.876778 0.173485
vt 0.927776 0.173118
vt 0.964333 0.172688
vt 0.982396 0.172447
vt 0.872328 0.151421
vt 0.919333 0.131514
vt 0.952995 0.117263
vt 0.969562 0.110095
vt 0.859762 0.132742
vt 0.895457 0.096539
vt 0.921080 0.070549
vt 0.933657 0.057595
vt 0.841023 0.120277
vt 0.860292 0.073175
vt 0.873861 0.039319
vt 0.880558 0.022556
vt 0.818923 0.116024
vt 0.818765 0.065093
vt 0.818315 0.028578
vt 0.818081 0.010519
vt 0.796918 0.120554
vt 0.777222 0.073537
vt 0.762832 0.039934
vt 0.755700 0.023327
vt 0.778255 0.133046
vt 0.742032 0.097215
vt 0.715885 0.071668
vt 0.702938 0.059052
vt 0.765797 0.151759
vt 0.718600 0.132538
vt 0.684668 0.118950
vt 0.667879 0.112253
vt 0.119098 0.815774
vt 0.122899 0.837934
vt 0.075404 0.856417
vt 0.068137 0.814649
vt 0.041419 0.869880
vt 0.031576 0.814076
vt 0.024623 0.876560
vt 0.013496 0.813818
vt 0.134898 0.856951
vt 0.071865 0.917650
vt 0.153264 0.869928
vt 0.132768 0.916586
vt 0.118263 0.950123
vt 0.111114 0.966713
vt 0.175197 0.874887
vt 0.174127 0.925843
vt 0.173538 0.962380
vt 0.173276 0.980435
vt 0.197358 0.871073
vt 0.215925 0.918573
vt 0.229225 0.952590
vt 0.235926 0.969337
vt 0.216357 0.859063
vt 0.251530 0.895698
vt 0.276764 0.922007
vt 0.289349 0.934922
vt 0.229315 0.840727
vt 0.275866 0.861220
vt 0.309259 0.875736
vt 0.325790 0.882890
vt 0.234293 0.818829
vt 0.285174 0.819991
vt 0.321587 0.820642
vt 0.339560 0.820961
vt 0.230522 0.796684
vt 0.278055 0.778319
vt 0.312140 0.764984
vt 0.328786 0.758615
vt 0.218555 0.777644
vt 0.255444 0.742490
vt 0.281751 0.717187
vt 0.295065 0.704546
vt 0.200197 0.764621
vt 0.220791 0.717945
vt 0.235389 0.684342
vt 0.242610 0.667685
vt 0.178243 0.759625
vt 0.179388 0.708611
vt 0.179980 0.672004
vt 0.180245 0.653897
vt 0.156045 0.763416
vt 0.137592 0.715861
vt 0.124128 0.681846
vt 0.117443 0.665036
vt 0.136981 0.775415
vt 0.101789 0.738548
vt 0.076332 0.712303
vt 0.063726 0.699339
vt 0.124080 0.793858
vt 0.077417 0.773247
vt 0.043842 0.758735
vt 0.027236 0.751581
vt 0.440536 0.494698
vt 0.444440 0.516833
vt 0.397060 0.535529
vt 0.389618 0.493844
vt 0.363181 0.549076
vt 0.353127 0.493439
vt 0.346458 0.555795
vt 0.335089 0.493264
vt 0.456515 0.535790
vt 0.419874 0.571257
vt 0.393642 0.596604
vt 0.380799 0.609183
vt 0.474927 0.548675
vt 0.454643 0.595314
vt 0.439993 0.628836
vt 0.432833 0.645166
vt 0.496866 0.553550
vt 0.495909 0.604470
vt 0.495354 0.640931
vt 0.494957 0.659283
vt 0.519024 0.549667
vt 0.537706 0.597122
vt 0.551304 0.631128
vt 0.558054 0.647980
vt 0.538008 0.537587
vt 0.573461 0.574269
vt 0.599059 0.600443
vt 0.611741 0.613373
vt 0.550917 0.519155
vt 0.597711 0.539458
vt 0.631365 0.553817
vt 0.648019 0.560894
vt 0.555783 0.497187
vt 0.606773 0.498025
vt 0.643344 0.498403
vt 0.661429 0.498565
vt 0.551867 0.475032
vt 0.599283 0.456291
vt 0.633203 0.442646
vt 0.649966 0.435876
vt 0.539770 0.456066
vt 0.576396 0.420611
vt 0.602503 0.395031
vt 0.615395 0.382364
vt 0.521338 0.443176
vt 0.541603 0.396413
vt 0.555930 0.362797
vt 0.562991 0.346166
vt 0.499380 0.438322
vt 0.500207 0.387374
vt 0.500580 0.350842
vt 0.500740 0.332779
vt 0.477238 0.442240
vt 0.458512 0.394860
vt 0.444882 0.360975
vt 0.438120 0.344229
vt 0.458282 0.454330
vt 0.422860 0.417726
vt 0.397310 0.391639
vt 0.384660 0.378759
vt 0.445395 0.472750
vt 0.398673 0.452484
vt 0.365098 0.438157
vt 0.348488 0.431097
vt 0.498143 0.495941
vn -0.342500 0.000000 -0.939500
vn 0.342500 0.000000 0.939500
vn -0.939500 0.000000 0.342500
vn 0.939500 0.000000 -0.342500
vn -0.000000 -1.000000 -0.000000
vn 0.000000 1.000000 0.000000
vn 0.802500 -0.480100 0.354200
vn 0.365200 0.501500 -0.784300
vn 0.399000 0.326800 -0.856700
vn 0.419400 0.114000 -0.900600
vn 0.419400 -0.114000 -0.900600
vn 0.399000 -0.326800 -0.856700
vn 0.737800 0.670900 0.074400
vn 0.679600 0.722400 -0.127700
vn 0.602400 0.722400 -0.339600
vn 0.516900 0.670900 -0.531800
vn 0.413900 0.610200 -0.675600
vn 0.654300 0.630900 0.417000
vn 0.746500 -0.611800 0.261700
vn 0.802500 0.480100 0.354200
vn 0.857600 0.316300 0.405500
vn 0.870400 0.110900 0.479800
vn 0.870400 -0.110900 0.479800
vn 0.857600 -0.316300 0.405500
vn 0.739800 -0.668300 0.078200
vn 0.699100 -0.702500 -0.133500
vn 0.621000 -0.702500 -0.347700
vn 0.515900 -0.668300 -0.536000
vn 0.403000 -0.611800 -0.680700
vn 0.659200 -0.632700 0.406400
vn -0.536000 -0.668300 -0.515900
vn -0.347700 -0.702500 -0.621000
vn -0.133500 -0.702500 -0.699100
vn 0.078200 -0.668300 -0.739800
vn 0.261700 -0.611800 -0.746500
vn -0.856700 -0.326800 -0.399000
vn -0.900600 -0.114000 -0.419400
vn -0.900600 0.114000 -0.419400
vn -0.856700 0.326800 -0.399000
vn -0.784300 0.501500 -0.365200
vn 0.365200 -0.501500 -0.784300
vn -0.531800 0.670900 -0.516900
vn -0.339600 0.722400 -0.602400
vn -0.127700 0.722400 -0.679600
vn 0.074400 0.670900 -0.737800
vn 0.250700 0.610200 -0.751600
vn 0.751600 0.610200 0.250700
vn -0.515900 -0.668300 0.536000
vn -0.621000 -0.702500 0.347700
vn -0.699100 -0.702500 0.133500
vn -0.739800 -0.668300 -0.078200
vn -0.746500 -0.611800 -0.261700
vn -0.386300 -0.480100 0.787600
vn -0.395500 -0.316300 0.862300
vn -0.357400 -0.110900 0.927300
vn -0.357400 0.110900 0.927300
vn -0.395500 0.316300 0.862300
vn -0.386300 0.480100 0.787600
vn -0.784300 -0.501500 -0.365200
vn -0.516900 0.670900 0.531800
vn -0.602400 0.722400 0.339600
vn -0.679600 0.722400 0.127700
vn -0.737800 0.670900 -0.074400
vn -0.751600 0.610200 -0.250700
vn -0.403000 -0.611800 0.680700
vn 0.528300 -0.666900 0.525500
vn 0.360700 -0.653400 0.665600
vn 0.152300 -0.653400 0.741500
vn -0.066100 -0.666900 0.742200
vn -0.243000 -0.632700 0.735300
vn -0.680700 -0.611800 -0.403000
vn 0.524100 0.669500 0.526500
vn 0.353100 0.674500 0.648400
vn 0.147000 0.674500 0.723500
vn -0.062300 0.669500 0.740200
vn -0.232400 0.630900 0.740300
vn -0.413900 0.610200 0.675600
vn -0.675600 0.610200 -0.413900
vn -0.746200 0.567800 -0.347500
vn 0.347500 0.567800 -0.746200
vn -0.740200 -0.577400 -0.344700
vn 0.344700 -0.577400 -0.740200
vn 0.742900 -0.589100 0.318000
vn -0.364000 -0.589100 0.721500
vn 0.749000 0.579700 0.321000
vn -0.366700 0.579700 0.727700
vn -0.576500 -0.052200 -0.815400
vn -0.675300 -0.076200 -0.733600
vn -0.909900 -0.143500 -0.389100
vn -0.539000 -0.148600 -0.829100
vn -0.620500 -0.217100 -0.753600
vn -0.806700 -0.408800 -0.426700
vn -0.469700 -0.222500 -0.854400
vn -0.519200 -0.324900 -0.790500
vn -0.616000 -0.611800 -0.496200
vn -0.379000 -0.262400 -0.887400
vn -0.386900 -0.383200 -0.838700
vn -0.366800 -0.721700 -0.587100
vn -0.281000 -0.262400 -0.923100
vn -0.243700 -0.383200 -0.890900
vn -0.097100 -0.721700 -0.685400
vn -0.190400 -0.222500 -0.956200
vn -0.111300 -0.324900 -0.939200
vn 0.152100 -0.611800 -0.776300
vn -0.121000 -0.148600 -0.981500
vn -0.010000 -0.217100 -0.976100
vn 0.342800 -0.408800 -0.845800
vn -0.083500 -0.052200 -0.995100
vn 0.044800 -0.076200 -0.996100
vn 0.446100 -0.143500 -0.883400
vn -0.083500 0.052200 -0.995100
vn 0.044800 0.076200 -0.996100
vn 0.446100 0.143500 -0.883400
vn -0.121000 0.148600 -0.981500
vn -0.010000 0.217100 -0.976100
vn 0.342800 0.408800 -0.845800
vn -0.190400 0.222500 -0.956200
vn -0.111300 0.324900 -0.939200
vn 0.152100 0.611800 -0.776300
vn -0.281000 0.262400 -0.923100
vn -0.243700 0.383200 -0.890900
vn -0.097100 0.721700 -0.685400
vn -0.379000 0.262400 -0.887400
vn -0.386900 0.383200 -0.838700
vn -0.366800 0.721700 -0.587100
vn -0.469700 0.222500 -0.854400
vn -0.519200 0.324900 -0.790500
vn -0.616000 0.611800 -0.496200
vn -0.539000 0.148600 -0.829100
vn -0.620500 0.217100 -0.753600
vn -0.806700 0.408800 -0.426700
vn -0.429000 -0.018600 -0.903100
vn -0.415600 -0.053100 -0.908000
vn -0.390800 -0.079500 -0.917000
vn -0.358400 -0.093800 -0.928800
vn -0.323400 -0.093800 -0.941600
vn -0.291000 -0.079500 -0.953400
vn -0.266200 -0.053100 -0.962400
vn -0.252800 -0.018700 -0.967300
vn -0.252800 0.018700 -0.967300
vn -0.266200 0.053100 -0.962400
vn -0.291000 0.079500 -0.953400
vn -0.323400 0.093800 -0.941600
vn -0.358400 0.093800 -0.928800
vn -0.390800 0.079500 -0.917000
vn -0.415600 0.053100 -0.908000
vn -0.429000 0.018600 -0.903100
vn -0.576500 0.052200 -0.815400
vn -0.675300 0.076200 -0.733600
vn -0.909900 0.143500 -0.389100
vn -0.010100 -0.217100 -0.976100
vn -0.010100 0.217100 -0.976100
vn -0.379100 0.262400 -0.887400
vn -0.358500 -0.093800 -0.928800
vn -0.358500 0.093800 -0.928800
vn 0.342900 -0.408800 -0.845800
vn -0.429000 -0.018700 -0.903100
vn -0.429000 0.018700 -0.903100
vn 0.576500 -0.052200 0.815400
vn 0.675300 -0.076200 0.733600
vn 0.909900 -0.143500 0.389100
vn 0.539000 -0.148600 0.829100
vn 0.620500 -0.217100 0.753600
vn 0.806700 -0.408800 0.426700
vn 0.469700 -0.222500 0.854400
vn 0.519200 -0.324900 0.790500
vn 0.616000 -0.611800 0.496200
vn 0.379000 -0.262400 0.887400
vn 0.386900 -0.383200 0.838700
vn 0.366800 -0.721700 0.587100
vn 0.281000 -0.262400 0.923100
vn 0.243700 -0.383200 0.890900
vn 0.097100 -0.721700 0.685400
vn 0.190400 -0.222500 0.956200
vn 0.111300 -0.324900 0.939200
vn -0.152100 -0.611800 0.776300
vn 0.121000 -0.148600 0.981500
vn 0.010000 -0.217100 0.976100
vn -0.342800 -0.408800 0.845800
vn 0.083500 -0.052200 0.995100
vn -0.044800 -0.076200 0.996100
vn -0.446100 -0.143500 0.883400
vn 0.083500 0.052200 0.995100
vn -0.044800 0.076200 0.996100
vn -0.446100 0.143500 0.883400
vn 0.121000 0.148600 0.981500
vn 0.010100 0.217100 0.976100
vn -0.342800 0.408800 0.845800
vn 0.190400 0.222500 0.956200
vn 0.111300 0.324900 0.939200
vn -0.152100 0.611800 0.776300
vn 0.281000 0.262400 0.923100
vn 0.243700 0.383200 0.890900
vn 0.097100 0.721700 0.685400
vn 0.379000 0.262400 0.887400
vn 0.386900 0.383200 0.838700
vn 0.366800 0.721700 0.587100
vn 0.469700 0.222500 0.854400
vn 0.519200 0.324900 0.790500
vn 0.616000 0.611800 0.496200
vn 0.539000 0.148600 0.829100
vn 0.620500 0.217100 0.753600
vn 0.806700 0.408800 0.426700
vn 0.429000 -0.018700 0.903100
vn 0.415600 -0.053100 0.908000
vn 0.390800 -0.079500 0.917000
vn 0.358400 -0.093800 0.928800
vn 0.323400 -0.093800 0.941600
vn 0.291000 -0.079500 0.953400
vn 0.266200 -0.053100 0.962400
vn 0.252800 -0.018700 0.967300
vn 0.252800 0.018700 0.967300
vn 0.266200 0.053100 0.962400
vn 0.291000 0.079500 0.953400
vn 0.323400 0.093800 0.941600
vn 0.358500 0.093800 0.928800
vn 0.390800 0.079500 0.917000
vn 0.415600 0.053100 0.908000
vn 0.429000 0.018700 0.903100
vn 0.576500 0.052200 0.815400
vn 0.675300 0.076200 0.733600
vn 0.909900 0.143500 0.389100
vn -0.815400 -0.052200 0.576500
vn -0.733600 -0.076200 0.675300
vn -0.389100 -0.143500 0.909900
vn -0.829100 -0.148600 0.539000
vn -0.753600 -0.217100 0.620500
vn -0.426700 -0.408800 0.806700
vn -0.854400 -0.222500 0.469700
vn -0.790500 -0.324900 0.519200
vn -0.496200 -0.611800 0.616000
vn -0.887400 -0.262400 0.379000
vn -0.838700 -0.383200 0.386900
vn -0.587100 -0.721700 0.366800
vn -0.923100 -0.262400 0.281000
vn -0.890900 -0.383200 0.243700
vn -0.685400 -0.721700 0.097100
vn -0.956200 -0.222500 0.190400
vn -0.939200 -0.324900 0.111300
vn -0.776300 -0.611800 -0.152100
vn -0.981500 -0.148600 0.121000
vn -0.976100 -0.217100 0.010100
vn -0.845800 -0.408800 -0.342800
vn -0.995100 -0.052200 0.083500
vn -0.996100 -0.076200 -0.044800
vn -0.883400 -0.143500 -0.446100
vn -0.995100 0.052200 0.083500
vn -0.996100 0.076200 -0.044800
vn -0.883400 0.143500 -0.446100
vn -0.981500 0.148600 0.121000
vn -0.976100 0.217100 0.010100
vn -0.845800 0.408800 -0.342800
vn -0.956200 0.222500 0.190400
vn -0.939200 0.324900 0.111300
vn -0.776300 0.611800 -0.152100
vn -0.923100 0.262400 0.281000
vn -0.890900 0.383200 0.243700
vn -0.685400 0.721700 0.097100
vn -0.887400 0.262400 0.379000
vn -0.838700 0.383200 0.386900
vn -0.587100 0.721700 0.366800
vn -0.854400 0.222500 0.469700
vn -0.790500 0.324900 0.519200
vn -0.496200 0.611800 0.616000
vn -0.829100 0.148600 0.539000
vn -0.753600 0.217100 0.620500
vn -0.426700 0.408800 0.806700
vn -0.903100 -0.018700 0.429000
vn -0.908000 -0.053100 0.415600
vn -0.917000 -0.079500 0.390800
vn -0.928800 -0.093800 0.358400
vn -0.941600 -0.093800 0.323400
vn -0.953400 -0.079500 0.291000
vn -0.962400 -0.053100 0.266200
vn -0.967300 -0.018700 0.252800
vn -0.967300 0.018700 0.252800
vn -0.962400 0.053100 0.266200
vn -0.953400 0.079500 0.291000
vn -0.941600 0.093800 0.323400
vn -0.928800 0.093800 0.358400
vn -0.917000 0.079500 0.390800
vn -0.908000 0.053100 0.415600
vn -0.903100 0.018700 0.429000
vn -0.815400 0.052200 0.576500
vn -0.733600 0.076200 0.675300
vn -0.389100 0.143500 0.909900
vn -0.903100 -0.018600 0.429000
vn -0.903100 0.018600 0.429000
vn -0.685400 -0.721600 0.097100
vn -0.928800 -0.093800 0.358500
vn -0.928800 0.093800 0.358500
vn -0.685400 0.721600 0.097100
vn 0.995100 0.052200 -0.083500
vn 0.996100 0.076200 0.044800
vn 0.883400 0.143500 0.446100
vn 0.981500 0.148600 -0.121000
vn 0.976100 0.217100 -0.010100
vn 0.845800 0.408800 0.342800
vn 0.956200 0.222500 -0.190400
vn 0.939200 0.324900 -0.111300
vn 0.776300 0.611800 0.152100
vn 0.923100 0.262400 -0.281000
vn 0.890900 0.383200 -0.243700
vn 0.685400 0.721700 -0.097100
vn 0.887400 0.262400 -0.379000
vn 0.838700 0.383200 -0.386900
vn 0.587100 0.721700 -0.366800
vn 0.854400 0.222500 -0.469700
vn 0.790500 0.324900 -0.519200
vn 0.496200 0.611800 -0.616000
vn 0.829100 0.148600 -0.539000
vn 0.753600 0.217100 -0.620500
vn 0.426700 0.408800 -0.806700
vn 0.815400 0.052200 -0.576500
vn 0.733600 0.076200 -0.675300
vn 0.389100 0.143500 -0.909900
vn 0.815400 -0.052200 -0.576500
vn 0.733600 -0.076200 -0.675300
vn 0.389100 -0.143500 -0.909900
vn 0.829100 -0.148600 -0.539000
vn 0.753600 -0.217100 -0.620500
vn 0.426700 -0.408800 -0.806700
vn 0.854400 -0.222500 -0.469700
vn 0.790500 -0.324900 -0.519200
vn 0.496200 -0.611800 -0.616000
vn 0.887400 -0.262400 -0.379000
vn 0.838700 -0.383200 -0.386900
vn 0.587100 -0.721700 -0.366800
vn 0.923100 -0.262400 -0.281000
vn 0.890900 -0.383200 -0.243700
vn 0.685400 -0.721700 -0.097100
vn 0.956200 -0.222500 -0.190400
vn 0.939200 -0.324900 -0.111300
vn 0.776300 -0.611800 0.152100
vn 0.981500 -0.148600 -0.121000
vn 0.976100 -0.217100 -0.010100
vn 0.845800 -0.408800 0.342800
vn 0.967300 0.018700 -0.252800
vn 0.962400 0.053100 -0.266200
vn 0.953400 0.079500 -0.291000
vn 0.941600 0.093800 -0.323400
vn 0.928800 0.093800 -0.358400
vn 0.917000 0.079500 -0.390800
vn 0.908000 0.053100 -0.415600
vn 0.903100 0.018700 -0.429000
vn 0.903100 -0.018700 -0.429000
vn 0.908000 -0.053100 -0.415600
vn 0.917000 -0.079500 -0.390800
vn 0.928800 -0.093800 -0.358400
vn 0.941600 -0.093800 -0.323400
vn 0.953400 -0.079500 -0.291000
vn 0.962400 -0.053100 -0.266200
vn 0.967300 -0.018700 -0.252800
vn 0.995100 -0.052200 -0.083500
vn 0.996100 -0.076200 0.044800
vn 0.883400 -0.143500 0.446100
vn 0.928800 0.093800 -0.358500
vn 0.903100 0.018600 -0.429000
vn 0.903100 -0.018600 -0.429000
vn 0.138900 -0.963500 0.228700
vn 0.202900 -0.920500 0.333900
vn 0.382000 -0.677200 0.628800
vn 0.215800 -0.963500 0.158100
vn 0.315200 -0.920500 0.230900
vn 0.593600 -0.677200 0.434800
vn 0.259900 -0.963500 0.063500
vn 0.379600 -0.920500 0.092700
vn 0.714800 -0.677200 0.174500
vn 0.264400 -0.963500 -0.040800
vn 0.386100 -0.920500 -0.059600
vn 0.727200 -0.677200 -0.112300
vn 0.228700 -0.963500 -0.138900
vn 0.333900 -0.920500 -0.202900
vn 0.628800 -0.677200 -0.382000
vn 0.158100 -0.963500 -0.215800
vn 0.230900 -0.920500 -0.315200
vn 0.434800 -0.677200 -0.593600
vn 0.063500 -0.963500 -0.259900
vn 0.092700 -0.920500 -0.379600
vn 0.174500 -0.677200 -0.714800
vn -0.040800 -0.963500 -0.264400
vn -0.059600 -0.920500 -0.386100
vn -0.112300 -0.677200 -0.727200
vn -0.138900 -0.963500 -0.228700
vn -0.202900 -0.920500 -0.333900
vn -0.382000 -0.677200 -0.628800
vn -0.215800 -0.963500 -0.158100
vn -0.315200 -0.920500 -0.230900
vn -0.593600 -0.677200 -0.434800
vn -0.259900 -0.963500 -0.063500
vn -0.379600 -0.920500 -0.092700
vn -0.714800 -0.677200 -0.174500
vn -0.264400 -0.963500 0.040800
vn -0.386100 -0.920500 0.059600
vn -0.727200 -0.677200 0.112300
vn -0.228700 -0.963500 0.138900
vn -0.333900 -0.920500 0.202900
vn -0.628800 -0.677200 0.382000
vn -0.158100 -0.963500 0.215800
vn -0.230900 -0.920500 0.315200
vn -0.434800 -0.677200 0.593600
vn -0.063500 -0.963500 0.259900
vn -0.092700 -0.920500 0.379600
vn -0.174500 -0.677200 0.714800
vn 0.049600 -0.995400 0.081700
vn 0.077100 -0.995400 0.056500
vn 0.092900 -0.995400 0.022700
vn 0.094500 -0.995400 -0.014600
vn 0.081700 -0.995400 -0.049600
vn 0.056500 -0.995400 -0.077100
vn 0.022700 -0.995400 -0.092900
vn -0.014600 -0.995400 -0.094500
vn -0.049600 -0.995400 -0.081700
vn -0.077100 -0.995400 -0.056500
vn -0.092900 -0.995400 -0.022700
vn -0.094500 -0.995400 0.014600
vn -0.081700 -0.995400 0.049600
vn -0.056500 -0.995400 0.077100
vn -0.022700 -0.995400 0.092900
vn 0.014600 -0.995400 0.094500
vn 0.040800 -0.963500 0.264400
vn 0.059600 -0.920500 0.386100
vn 0.112300 -0.677200 0.727200
vn 0.040800 0.963500 0.264400
vn 0.059600 0.920500 0.386100
vn 0.112300 0.677200 0.727200
vn -0.063500 0.963500 0.259900
vn -0.092700 0.920500 0.379600
vn -0.174500 0.677200 0.714800
vn -0.158100 0.963500 0.215800
vn -0.230900 0.920500 0.315200
vn -0.434800 0.677200 0.593600
vn -0.228700 0.963500 0.138900
vn -0.333900 0.920500 0.202900
vn -0.628800 0.677200 0.382000
vn -0.264400 0.963500 0.040800
vn -0.386100 0.920500 0.059600
vn -0.727200 0.677200 0.112300
vn -0.259900 0.963500 -0.063500
vn -0.379600 0.920500 -0.092700
vn -0.714800 0.677200 -0.174500
vn -0.215800 0.963500 -0.158100
vn -0.315200 0.920500 -0.230900
vn -0.593600 0.677200 -0.434800
vn -0.138900 0.963500 -0.228700
vn -0.202900 0.920500 -0.333900
vn -0.382000 0.677200 -0.628800
vn -0.040800 0.963500 -0.264400
vn -0.059600 0.920500 -0.386100
vn -0.112300 0.677200 -0.727200
vn 0.063500 0.963500 -0.259900
vn 0.092700 0.920500 -0.379600
vn 0.174500 0.677200 -0.714800
vn 0.158100 0.963500 -0.215800
vn 0.230900 0.920500 -0.315200
vn 0.434800 0.677200 -0.593600
vn 0.228700 0.963500 -0.138900
vn 0.333900 0.920500 -0.202900
vn 0.628800 0.677200 -0.382000
vn 0.264400 0.963500 -0.040800
vn 0.386100 0.920500 -0.059600
vn 0.727200 0.677200 -0.112300
vn 0.259900 0.963500 0.063500
vn 0.379600 0.920500 0.092700
vn 0.714800 0.677200 0.174500
vn 0.215800 0.963500 0.158100
vn 0.315200 0.920500 0.230900
vn 0.593600 0.677200 0.434800
vn 0.014600 0.995400 0.094500
vn -0.022700 0.995400 0.092900
vn -0.056500 0.995400 0.077100
vn -0.081700 0.995400 0.049600
vn -0.094500 0.995400 0.014600
vn -0.092900 0.995400 -0.022700
vn -0.077100 0.995400 -0.056500
vn -0.049600 0.995400 -0.081700
vn -0.014600 0.995400 -0.094500
vn 0.022700 0.995400 -0.092900
vn 0.056500 0.995400 -0.077100
vn 0.081700 0.995400 -0.049600
vn 0.094500 0.995400 -0.014600
vn 0.092900 0.995400 0.022700
vn 0.077100 0.995400 0.056500
vn 0.049600 0.995400 0.081700
vn 0.138900 0.963500 0.228700
vn 0.202900 0.920500 0.333900
vn 0.382000 0.677200 0.628800
usemtl Dice
s off
f 375/1/1 403/1/1 402/1/1 371/1/1
f 355/1/1 398/1/1 397/1/1 351/1/1
f 334/1/1 393/1/1 392/1/1 330/1/1
f 379/1/1 404/1/1 403/1/1 375/1/1
f 326/1/1 391/1/1 406/1/1 387/1/1
f 359/1/1 399/1/1 398/1/1 355/1/1
f 339/1/1 394/1/1 393/1/1 334/1/1
f 383/1/1 405/1/1 404/1/1 379/1/1
f 363/1/1 400/1/1 399/1/1 359/1/1
f 330/1/1 392/1/1 391/1/1 326/1/1
f 343/1/1 395/1/1 394/1/1 339/1/1
f 387/1/1 406/1/1 405/1/1 383/1/1
f 367/1/1 401/1/1 400/1/1 363/1/1
f 347/1/1 396/1/1 395/1/1 343/1/1
f 371/1/1 402/1/1 401/1/1 367/1/1
f 351/1/1 397/1/1 396/1/1 347/1/1
f 135/1/1 408/1/1 407/1/1 131/1/1
f 148/1/1 411/1/1 410/1/1 144/1/1
f 192/1/1 422/1/1 421/1/1 188/1/1
f 172/1/1 417/1/1 416/1/1 168/1/1
f 152/1/1 412/1/1 411/1/1 148/1/1
f 176/1/1 418/1/1 417/1/1 172/1/1
f 156/1/1 413/1/1 412/1/1 152/1/1
f 180/1/1 419/1/1 418/1/1 176/1/1
f 160/1/1 414/1/1 413/1/1 156/1/1
f 139/1/1 409/1/1 408/1/1 135/1/1
f 184/1/1 420/1/1 419/1/1 180/1/1
f 131/1/1 407/1/1 422/1/1 192/1/1
f 164/1/1 415/1/1 414/1/1 160/1/1
f 144/1/1 410/1/1 409/1/1 139/1/1
f 188/1/1 421/1/1 420/1/1 184/1/1
f 168/1/1 416/1/1 415/1/1 164/1/1
f 99/1/1 431/1/1 430/1/1 95/1/1
f 79/1/1 426/1/1 425/1/1 74/1/1
f 123/1/1 437/1/1 436/1/1 119/1/1
f 103/1/1 432/1/1 431/1/1 99/1/1
f 70/1/1 424/1/1 423/1/1 66/1/1
f 83/1/1 427/1/1 426/1/1 79/1/1
f 127/1/1 438/1/1 437/1/1 123/1/1
f 107/1/1 433/1/1 432/1/1 103/1/1
f 87/1/1 428/1/1 427/1/1 83/1/1
f 111/1/1 434/1/1 433/1/1 107/1/1
f 402/1/1 403/1/1 427/1/1 428/1/1
f 115/1/1 435/1/1 434/1/1 111/1/1
f 95/1/1 430/1/1 429/1/1 91/1/1
f 74/1/1 425/1/1 424/1/1 70/1/1
f 119/1/1 436/1/1 435/1/1 115/1/1
f 66/1/1 423/1/1 438/1/1 127/1/1
f 38/1/1 448/1/1 447/1/1 34/1/1
f 5/1/1 440/1/1 439/1/1 1/1/1
f 18/1/1 443/1/1 442/1/1 14/1/1
f 62/1/1 454/1/1 453/1/1 58/1/1
f 42/1/1 449/1/1 448/1/1 38/1/1
f 22/1/1 444/1/1 443/1/1 18/1/1
f 46/1/1 450/1/1 449/1/1 42/1/1
f 26/1/1 445/1/1 444/1/1 22/1/1
f 50/1/1 451/1/1 450/1/1 46/1/1
f 30/1/1 446/1/1 445/1/1 26/1/1
f 9/1/1 441/1/1 440/1/1 5/1/1
f 54/1/1 452/1/1 451/1/1 50/1/1
f 1/1/1 439/1/1 454/1/1 62/1/1
f 34/1/1 447/1/1 446/1/1 30/1/1
f 14/1/1 442/1/1 441/1/1 9/1/1
f 58/1/1 453/1/1 452/1/1 54/1/1
f 282/1/1 460/1/1 459/1/1 278/1/1
f 306/1/1 466/1/1 465/1/1 302/1/1
f 286/1/1 461/1/1 460/1/1 282/1/1
f 310/1/1 467/1/1 466/1/1 306/1/1
f 290/1/1 462/1/1 461/1/1 286/1/1
f 269/1/1 457/1/1 456/1/1 265/1/1
f 314/1/1 468/1/1 467/1/1 310/1/1
f 261/1/1 455/1/1 470/1/1 322/1/1
f 294/1/1 463/1/1 462/1/1 290/1/1
f 274/1/1 458/1/1 457/1/1 269/1/1
f 318/1/1 469/1/1 468/1/1 314/1/1
f 298/1/1 464/1/1 463/1/1 294/1/1
f 265/1/1 456/1/1 455/1/1 261/1/1
f 278/1/1 459/1/1 458/1/1 274/1/1
f 322/1/1 470/1/1 469/1/1 318/1/1
f 302/1/1 465/1/1 464/1/1 298/1/1
f 221/1/1 477/1/1 476/1/1 217/1/1
f 245/1/1 483/1/1 482/1/1 241/1/1
f 225/1/1 478/1/1 477/1/1 221/1/1
f 204/1/1 473/1/1 472/1/1 200/1/1
f 249/1/1 484/1/1 483/1/1 245/1/1
f 196/1/1 471/1/1 486/1/1 257/1/1
f 229/1/1 479/1/1 478/1/1 225/1/1
f 209/1/1 474/1/1 473/1/1 204/1/1
f 253/1/1 485/1/1 484/1/1 249/1/1
f 233/1/1 480/1/1 479/1/1 229/1/1
f 200/1/1 472/1/1 471/1/1 196/1/1
f 213/1/1 475/1/1 474/1/1 209/1/1
f 257/1/1 486/1/1 485/1/1 253/1/1
f 237/1/1 481/1/1 480/1/1 233/1/1
f 217/1/1 476/1/1 475/1/1 213/1/1
f 241/1/1 482/1/1 481/1/1 237/1/1
f 500/1/2 555/1/2 554/1/2 495/1/2
f 544/1/2 566/1/2 565/1/2 540/1/2
f 524/1/2 561/1/2 560/1/2 520/1/2
f 491/1/2 553/1/2 552/1/2 487/1/2
f 504/1/2 556/1/2 555/1/2 500/1/2
f 548/1/2 567/1/2 566/1/2 544/1/2
f 528/1/2 562/1/2 561/1/2 524/1/2
f 508/1/2 557/1/2 556/1/2 504/1/2
f 532/1/2 563/1/2 562/1/2 528/1/2
f 512/1/2 558/1/2 557/1/2 508/1/2
f 536/1/2 564/1/2 563/1/2 532/1/2
f 516/1/2 559/1/2 558/1/2 512/1/2
f 495/1/2 554/1/2 553/1/2 491/1/2
f 540/1/2 565/1/2 564/1/2 536/1/2
f 487/1/2 552/1/2 567/1/2 548/1/2
f 520/1/2 560/1/2 559/1/2 516/1/2
f 812/1/3 905/1/3 904/1/3 808/1/3
f 792/1/3 900/1/3 899/1/3 788/1/3
f 771/1/3 895/1/3 894/1/3 767/1/3
f 816/1/3 906/1/3 905/1/3 812/1/3
f 763/1/3 893/1/3 908/1/3 824/1/3
f 796/1/3 901/1/3 900/1/3 792/1/3
f 776/1/3 896/1/3 895/1/3 771/1/3
f 820/1/3 907/1/3 906/1/3 816/1/3
f 800/1/3 902/1/3 901/1/3 796/1/3
f 767/1/3 894/1/3 893/1/3 763/1/3
f 780/1/3 897/1/3 896/1/3 776/1/3
f 824/1/3 908/1/3 907/1/3 820/1/3
f 804/1/3 903/1/3 902/1/3 800/1/3
f 784/1/3 898/1/3 897/1/3 780/1/3
f 808/1/3 904/1/3 903/1/3 804/1/3
f 788/1/3 899/1/3 898/1/3 784/1/3
f 572/1/3 910/1/3 909/1/3 568/1/3
f 585/1/3 913/1/3 912/1/3 581/1/3
f 629/1/3 924/1/3 923/1/3 625/1/3
f 609/1/3 919/1/3 918/1/3 605/1/3
f 589/1/3 914/1/3 913/1/3 585/1/3
f 613/1/3 920/1/3 919/1/3 609/1/3
f 593/1/3 915/1/3 914/1/3 589/1/3
f 617/1/3 921/1/3 920/1/3 613/1/3
f 597/1/3 916/1/3 915/1/3 593/1/3
f 576/1/3 911/1/3 910/1/3 572/1/3
f 621/1/3 922/1/3 921/1/3 617/1/3
f 568/1/3 909/1/3 924/1/3 629/1/3
f 601/1/3 917/1/3 916/1/3 597/1/3
f 581/1/3 912/1/3 911/1/3 576/1/3
f 625/1/3 923/1/3 922/1/3 621/1/3
f 605/1/3 918/1/3 917/1/3 601/1/3
f 841/1/3 928/1/3 927/1/3 836/1/3
f 885/1/3 939/1/3 938/1/3 881/1/3
f 865/1/3 934/1/3 933/1/3 861/1/3
f 832/1/3 926/1/3 925/1/3 828/1/3
f 845/1/3 929/1/3 928/1/3 841/1/3
f 889/1/3 940/1/3 939/1/3 885/1/3
f 869/1/3 935/1/3 934/1/3 865/1/3
f 849/1/3 930/1/3 929/1/3 845/1/3
f 873/1/3 936/1/3 935/1/3 869/1/3
f 853/1/3 931/1/3 930/1/3 849/1/3
f 877/1/3 937/1/3 936/1/3 873/1/3
f 857/1/3 932/1/3 931/1/3 853/1/3
f 836/1/3 927/1/3 926/1/3 832/1/3
f 881/1/3 938/1/3 937/1/3 877/1/3
f 828/1/3 925/1/3 940/1/3 889/1/3
f 861/1/3 933/1/3 932/1/3 857/1/3
f 719/1/3 946/1/3 945/1/3 715/1/3
f 743/1/3 952/1/3 951/1/3 739/1/3
f 723/1/3 947/1/3 946/1/3 719/1/3
f 747/1/3 953/1/3 952/1/3 743/1/3
f 727/1/3 948/1/3 947/1/3 723/1/3
f 706/1/3 943/1/3 942/1/3 702/1/3
f 751/1/3 954/1/3 953/1/3 747/1/3
f 698/1/3 941/1/3 956/1/3 759/1/3
f 731/1/3 949/1/3 948/1/3 727/1/3
f 711/1/3 944/1/3 943/1/3 706/1/3
f 755/1/3 955/1/3 954/1/3 751/1/3
f 735/1/3 950/1/3 949/1/3 731/1/3
f 702/1/3 942/1/3 941/1/3 698/1/3
f 715/1/3 945/1/3 944/1/3 711/1/3
f 759/1/3 956/1/3 955/1/3 755/1/3
f 739/1/3 951/1/3 950/1/3 735/1/3
f 658/1/3 963/1/3 962/1/3 654/1/3
f 682/1/3 969/1/3 968/1/3 678/1/3
f 662/1/3 964/1/3 963/1/3 658/1/3
f 641/1/3 959/1/3 958/1/3 637/1/3
f 686/1/3 970/1/3 969/1/3 682/1/3
f 633/1/3 957/1/3 972/1/3 694/1/3
f 666/1/3 965/1/3 964/1/3 662/1/3
f 646/1/3 960/1/3 959/1/3 641/1/3
f 690/1/3 971/1/3 970/1/3 686/1/3
f 670/1/3 966/1/3 965/1/3 666/1/3
f 637/1/3 958/1/3 957/1/3 633/1/3
f 650/1/3 961/1/3 960/1/3 646/1/3
f 694/1/3 972/1/3 971/1/3 690/1/3
f 674/1/3 967/1/3 966/1/3 670/1/3
f 654/1/3 962/1/3 961/1/3 650/1/3
f 678/1/3 968/1/3 967/1/3 674/1/3
f 977/1/4 1104/1/4 1103/1/4 973/1/4
f 990/1/4 1107/1/4 1106/1/4 986/1/4
f 1034/1/4 1118/1/4 1117/1/4 1030/1/4
f 1014/1/4 1113/1/4 1112/1/4 1010/1/4
f 994/1/4 1108/1/4 1107/1/4 990/1/4
f 1018/1/4 1114/1/4 1113/1/4 1014/1/4
f 998/1/4 1109/1/4 1108/1/4 994/1/4
f 1022/1/4 1115/1/4 1114/1/4 1018/1/4
f 1002/1/4 1110/1/4 1109/1/4 998/1/4
f 981/1/4 1105/1/4 1104/1/4 977/1/4
f 1026/1/4 1116/1/4 1115/1/4 1022/1/4
f 973/1/4 1103/1/4 1118/1/4 1034/1/4
f 1006/1/4 1111/1/4 1110/1/4 1002/1/4
f 986/1/4 1106/1/4 1105/1/4 981/1/4
f 1030/1/4 1117/1/4 1116/1/4 1026/1/4
f 1010/1/4 1112/1/4 1111/1/4 1006/1/4
f 1059/1/4 1124/1/4 1123/1/4 1055/1/4
f 1083/1/4 1130/1/4 1129/1/4 1079/1/4
f 1063/1/4 1125/1/4 1124/1/4 1059/1/4
f 1087/1/4 1131/1/4 1130/1/4 1083/1/4
f 1067/1/4 1126/1/4 1125/1/4 1063/1/4
f 1046/1/4 1121/1/4 1120/1/4 1042/1/4
f 1091/1/4 1132/1/4 1131/1/4 1087/1/4
f 1038/1/4 1119/1/4 1134/1/4 1099/1/4
f 1071/1/4 1127/1/4 1126/1/4 1067/1/4
f 1051/1/4 1122/1/4 1121/1/4 1046/1/4
f 1095/1/4 1133/1/4 1132/1/4 1091/1/4
f 1075/1/4 1128/1/4 1127/1/4 1071/1/4
f 1042/1/4 1120/1/4 1119/1/4 1038/1/4
f 1055/1/4 1123/1/4 1122/1/4 1051/1/4
f 1099/1/4 1134/1/4 1133/1/4 1095/1/4
f 1079/1/4 1129/1/4 1128/1/4 1075/1/4
f 1379/1/5 1407/1/5 1406/1/5 1375/1/5
f 1359/1/5 1402/1/5 1401/1/5 1355/1/5
f 1338/1/5 1397/1/5 1396/1/5 1334/1/5
f 1383/1/5 1408/1/5 1407/1/5 1379/1/5
f 1330/1/5 1395/1/5 1410/1/5 1391/1/5
f 1363/1/5 1403/1/5 1402/1/5 1359/1/5
f 1343/1/5 1398/1/5 1397/1/5 1338/1/5
f 1387/1/5 1409/1/5 1408/1/5 1383/1/5
f 1367/1/5 1404/1/5 1403/1/5 1363/1/5
f 1334/1/5 1396/1/5 1395/1/5 1330/1/5
f 1347/1/5 1399/1/5 1398/1/5 1343/1/5
f 1391/1/5 1410/1/5 1409/1/5 1387/1/5
f 1371/1/5 1405/1/5 1404/1/5 1367/1/5
f 1351/1/5 1400/1/5 1399/1/5 1347/1/5
f 1375/1/5 1406/1/5 1405/1/5 1371/1/5
f 1355/1/5 1401/1/5 1400/1/5 1351/1/5
f 1139/1/5 1412/1/5 1411/1/5 1135/1/5
f 1152/1/5 1415/1/5 1414/1/5 1148/1/5
f 1196/1/5 1426/1/5 1425/1/5 1192/1/5
f 1176/1/5 1421/1/5 1420/1/5 1172/1/5
f 1156/1/5 1416/1/5 1415/1/5 1152/1/5
f 1180/1/5 1422/1/5 1421/1/5 1176/1/5
f 1160/1/5 1417/1/5 1416/1/5 1156/1/5
f 1184/1/5 1423/1/5 1422/1/5 1180/1/5
f 1164/1/5 1418/1/5 1417/1/5 1160/1/5
f 1143/1/5 1413/1/5 1412/1/5 1139/1/5
f 1188/1/5 1424/1/5 1423/1/5 1184/1/5
f 1135/1/5 1411/1/5 1426/1/5 1196/1/5
f 1168/1/5 1419/1/5 1418/1/5 1164/1/5
f 1148/1/5 1414/1/5 1413/1/5 1143/1/5
f 1192/1/5 1425/1/5 1424/1/5 1188/1/5
f 1172/1/5 1420/1/5 1419/1/5 1168/1/5
f 1286/1/5 1432/1/5 1431/1/5 1282/1/5
f 1310/1/5 1438/1/5 1437/1/5 1306/1/5
f 1290/1/5 1433/1/5 1432/1/5 1286/1/5
f 1314/1/5 1439/1/5 1438/1/5 1310/1/5
f 1294/1/5 1434/1/5 1433/1/5 1290/1/5
f 1273/1/5 1429/1/5 1428/1/5 1269/1/5
f 1318/1/5 1440/1/5 1439/1/5 1314/1/5
f 1265/1/5 1427/1/5 1442/1/5 1326/1/5
f 1298/1/5 1435/1/5 1434/1/5 1294/1/5
f 1278/1/5 1430/1/5 1429/1/5 1273/1/5
f 1322/1/5 1441/1/5 1440/1/5 1318/1/5
f 1302/1/5 1436/1/5 1435/1/5 1298/1/5
f 1269/1/5 1428/1/5 1427/1/5 1265/1/5
f 1282/1/5 1431/1/5 1430/1/5 1278/1/5
f 1326/1/5 1442/1/5 1441/1/5 1322/1/5
f 1306/1/5 1437/1/5 1436/1/5 1302/1/5
f 1225/1/5 1449/1/5 1448/1/5 1221/1/5
f 1249/1/5 1455/1/5 1454/1/5 1245/1/5
f 1229/1/5 1450/1/5 1449/1/5 1225/1/5
f 1208/1/5 1445/1/5 1444/1/5 1204/1/5
f 1253/1/5 1456/1/5 1455/1/5 1249/1/5
f 1200/1/5 1443/1/5 1458/1/5 1261/1/5
f 1233/1/5 1451/1/5 1450/1/5 1229/1/5
f 1213/1/5 1446/1/5 1445/1/5 1208/1/5
f 1257/1/5 1457/1/5 1456/1/5 1253/1/5
f 1237/1/5 1452/1/5 1451/1/5 1233/1/5
f 1204/1/5 1444/1/5 1443/1/5 1200/1/5
f 1217/1/5 1447/1/5 1446/1/5 1213/1/5
f 1261/1/5 1458/1/5 1457/1/5 1257/1/5
f 1241/1/5 1453/1/5 1452/1/5 1237/1/5
f 1221/1/5 1448/1/5 1447/1/5 1217/1/5
f 1245/1/5 1454/1/5 1453/1/5 1241/1/5
f 1573/1/6 1666/1/6 1665/1/6 1569/1/6
f 1553/1/6 1661/1/6 1660/1/6 1549/1/6
f 1532/1/6 1656/1/6 1655/1/6 1528/1/6
f 1577/1/6 1667/1/6 1666/1/6 1573/1/6
f 1524/1/6 1654/1/6 1669/1/6 1585/1/6
f 1557/1/6 1662/1/6 1661/1/6 1553/1/6
f 1537/1/6 1657/1/6 1656/1/6 1532/1/6
f 1581/1/6 1668/1/6 1667/1/6 1577/1/6
f 1561/1/6 1663/1/6 1662/1/6 1557/1/6
f 1528/1/6 1655/1/6 1654/1/6 1524/1/6
f 1541/1/6 1658/1/6 1657/1/6 1537/1/6
f 1585/1/6 1669/1/6 1668/1/6 1581/1/6
f 1565/1/6 1664/1/6 1663/1/6 1561/1/6
f 1545/1/6 1659/1/6 1658/1/6 1541/1/6
f 1569/1/6 1665/1/6 1664/1/6 1565/1/6
f 1549/1/6 1660/1/6 1659/1/6 1545/1/6
f 1602/1/6 1673/1/6 1672/1/6 1597/1/6
f 1646/1/6 1684/1/6 1683/1/6 1642/1/6
f 1626/1/6 1679/1/6 1678/1/6 1622/1/6
f 1593/1/6 1671/1/6 1670/1/6 1589/1/6
f 1606/1/6 1674/1/6 1673/1/6 1602/1/6
f 1650/1/6 1685/1/6 1684/1/6 1646/1/6
f 1630/1/6 1680/1/6 1679/1/6 1626/1/6
f 1610/1/6 1675/1/6 1674/1/6 1606/1/6
f 1634/1/6 1681/1/6 1680/1/6 1630/1/6
f 1614/1/6 1676/1/6 1675/1/6 1610/1/6
f 1638/1/6 1682/1/6 1681/1/6 1634/1/6
f 1618/1/6 1677/1/6 1676/1/6 1614/1/6
f 1597/1/6 1672/1/6 1671/1/6 1593/1/6
f 1642/1/6 1683/1/6 1682/1/6 1638/1/6
f 1589/1/6 1670/1/6 1685/1/6 1650/1/6
f 1622/1/6 1678/1/6 1677/1/6 1618/1/6
f 1484/1/6 1692/1/6 1691/1/6 1480/1/6
f 1508/1/6 1698/1/6 1697/1/6 1504/1/6
f 1488/1/6 1693/1/6 1692/1/6 1484/1/6
f 1467/1/6 1688/1/6 1687/1/6 1463/1/6
f 1512/1/6 1699/1/6 1698/1/6 1508/1/6
f 1459/1/6 1686/1/6 1701/1/6 1520/1/6
f 1492/1/6 1694/1/6 1693/1/6 1488/1/6
f 1472/1/6 1689/1/6 1688/1/6 1467/1/6
f 1516/1/6 1700/1/6 1699/1/6 1512/1/6
f 1496/1/6 1695/1/6 1694/1/6 1492/1/6
f 1463/1/6 1687/1/6 1686/1/6 1459/1/6
f 1476/1/6 1690/1/6 1689/1/6 1472/1/6
f 1520/1/6 1701/1/6 1700/1/6 1516/1/6
f 1500/1/6 1696/1/6 1695/1/6 1496/1/6
f 1480/1/6 1691/1/6 1690/1/6 1476/1/6
f 1504/1/6 1697/1/6 1696/1/6 1500/1/6
f 1679/1/6 1680/1/6 1688/1/6 1689/1/6
f 1678/1/6 1679/1/6 1689/1/6 1690/1/6
f 1680/1/6 1681/1/6 1687/1/6 1688/1/6
f 1681/1/6 1682/1/6 1686/1/6 1687/1/6
f 1662/1/6 1663/1/6 1673/1/6 1674/1/6
f 1663/1/6 1664/1/6 1672/1/6 1673/1/6
f 1664/1/6 1665/1/6 1671/1/6 1672/1/6
f 1665/1/6 1666/1/6 1670/1/6 1671/1/6
f 1717/1/7 1781/1/7 1774/1/7 1719/1/7
f 1742/1/8 1749/1/8 1708/1/8 1710/1/8
f 1740/1/9 1742/1/9 1710/1/9 1712/1/9
f 1738/1/10 1740/1/10 1712/1/10 1714/1/10
f 1736/1/11 1738/1/11 1714/1/11 1716/1/11
f 1734/1/12 1736/1/12 1716/1/12 1718/1/12
f 1704/1/13 1807/1/13 1805/1/13 1703/1/13
f 1705/1/14 1809/1/14 1807/1/14 1704/1/14
f 1706/1/15 1811/1/15 1809/1/15 1705/1/15
f 1707/1/16 1813/1/16 1811/1/16 1706/1/16
f 1708/1/17 1815/1/17 1813/1/17 1707/1/17
f 1791/1/18 1798/1/18 1799/1/18 1792/1/18
f 1719/1/19 1822/1/19 1823/1/19 1720/1/19
f 1702/1/20 1791/1/20 1789/1/20 1709/1/20
f 1709/1/21 1789/1/21 1787/1/21 1711/1/21
f 1711/1/22 1787/1/22 1785/1/22 1713/1/22
f 1713/1/23 1785/1/23 1783/1/23 1715/1/23
f 1715/1/24 1783/1/24 1781/1/24 1717/1/24
f 1720/1/25 1823/1/25 1824/1/25 1721/1/25
f 1721/1/26 1824/1/26 1825/1/26 1722/1/26
f 1722/1/27 1825/1/27 1826/1/27 1723/1/27
f 1723/1/28 1826/1/28 1827/1/28 1724/1/28
f 1724/1/29 1827/1/29 1828/1/29 1725/1/29
f 1775/1/30 1829/1/30 1822/1/30 1774/1/30
f 1836/1/31 1838/1/31 1727/1/31 1728/1/31
f 1834/1/32 1836/1/32 1728/1/32 1729/1/32
f 1832/1/33 1834/1/33 1729/1/33 1730/1/33
f 1830/1/34 1832/1/34 1730/1/34 1731/1/34
f 1828/1/35 1830/1/35 1731/1/35 1732/1/35
f 1758/1/36 1760/1/36 1735/1/36 1733/1/36
f 1760/1/37 1762/1/37 1737/1/37 1735/1/37
f 1762/1/38 1764/1/38 1739/1/38 1737/1/38
f 1764/1/39 1766/1/39 1741/1/39 1739/1/39
f 1766/1/40 1773/1/40 1743/1/40 1741/1/40
f 1732/1/41 1734/1/41 1718/1/41 1725/1/41
f 1819/1/42 1745/1/42 1744/1/42 1820/1/42
f 1818/1/43 1746/1/43 1745/1/43 1819/1/43
f 1817/1/44 1747/1/44 1746/1/44 1818/1/44
f 1816/1/45 1748/1/45 1747/1/45 1817/1/45
f 1815/1/46 1749/1/46 1748/1/46 1816/1/46
f 1703/1/47 1805/1/47 1798/1/47 1702/1/47
f 1840/1/48 1751/1/48 1752/1/48 1841/1/48
f 1841/1/49 1752/1/49 1753/1/49 1842/1/49
f 1842/1/50 1753/1/50 1754/1/50 1843/1/50
f 1843/1/51 1754/1/51 1755/1/51 1844/1/51
f 1844/1/52 1755/1/52 1756/1/52 1845/1/52
f 1780/1/53 1782/1/53 1757/1/53 1750/1/53
f 1782/1/54 1784/1/54 1759/1/54 1757/1/54
f 1784/1/55 1786/1/55 1761/1/55 1759/1/55
f 1786/1/56 1788/1/56 1763/1/56 1761/1/56
f 1788/1/57 1790/1/57 1765/1/57 1763/1/57
f 1790/1/58 1797/1/58 1767/1/58 1765/1/58
f 1756/1/59 1758/1/59 1733/1/59 1726/1/59
f 1806/1/60 1808/1/60 1769/1/60 1768/1/60
f 1808/1/61 1810/1/61 1770/1/61 1769/1/61
f 1810/1/62 1812/1/62 1771/1/62 1770/1/62
f 1812/1/63 1814/1/63 1772/1/63 1771/1/63
f 1814/1/64 1821/1/64 1773/1/64 1772/1/64
f 1839/1/65 1750/1/65 1751/1/65 1840/1/65
f 1776/1/66 1831/1/66 1829/1/66 1775/1/66
f 1777/1/67 1833/1/67 1831/1/67 1776/1/67
f 1778/1/68 1835/1/68 1833/1/68 1777/1/68
f 1779/1/69 1837/1/69 1835/1/69 1778/1/69
f 1780/1/70 1839/1/70 1837/1/70 1779/1/70
f 1838/1/71 1845/1/71 1726/1/71 1727/1/71
f 1792/1/72 1799/1/72 1800/1/72 1793/1/72
f 1793/1/73 1800/1/73 1801/1/73 1794/1/73
f 1794/1/74 1801/1/74 1802/1/74 1795/1/74
f 1795/1/75 1802/1/75 1803/1/75 1796/1/75
f 1796/1/76 1803/1/76 1804/1/76 1797/1/76
f 1804/1/77 1806/1/77 1768/1/77 1767/1/77
f 1820/1/78 1744/1/78 1743/1/78 1821/1/78
f 1773/1/79 1821/1/79 1743/1/79
f 1708/1/80 1749/1/80 1815/1/80
f 1726/1/81 1845/1/81 1756/1/81
f 1732/1/82 1725/1/82 1828/1/82
f 1719/1/83 1774/1/83 1822/1/83
f 1750/1/84 1839/1/84 1780/1/84
f 1791/1/85 1702/1/85 1798/1/85
f 1797/1/86 1804/1/86 1767/1/86
f 1821/1/6 1814/1/6 1862/1/6 1869/1/6
f 1817/1/6 1818/1/6 1866/1/6 1865/1/6
f 1798/1/6 1805/1/6 1853/1/6 1846/1/6
f 1814/1/6 1812/1/6 1860/1/6 1862/1/6
f 1815/1/6 1816/1/6 1864/1/6 1863/1/6
f 1812/1/6 1810/1/6 1858/1/6 1860/1/6
f 1804/1/6 1803/1/6 1851/1/6 1852/1/6
f 1810/1/6 1808/1/6 1856/1/6 1858/1/6
f 1802/1/6 1801/1/6 1849/1/6 1850/1/6
f 1800/1/6 1799/1/6 1847/1/6 1848/1/6
f 1820/1/6 1821/1/6 1869/1/6 1868/1/6
f 1808/1/6 1806/1/6 1854/1/6 1856/1/6
f 1818/1/6 1819/1/6 1867/1/6 1866/1/6
f 1806/1/6 1804/1/6 1852/1/6 1854/1/6
f 1813/1/6 1815/1/6 1863/1/6 1861/1/6
f 1816/1/6 1817/1/6 1865/1/6 1864/1/6
f 1811/1/6 1813/1/6 1861/1/6 1859/1/6
f 1809/1/6 1811/1/6 1859/1/6 1857/1/6
f 1803/1/6 1802/1/6 1850/1/6 1851/1/6
f 1807/1/6 1809/1/6 1857/1/6 1855/1/6
f 1801/1/6 1800/1/6 1848/1/6 1849/1/6
f 1799/1/6 1798/1/6 1846/1/6 1847/1/6
f 1819/1/6 1820/1/6 1868/1/6 1867/1/6
f 1805/1/6 1807/1/6 1855/1/6 1853/1/6
f 1706/1/4 1705/1/4 1873/1/4 1874/1/4
f 1709/1/4 1711/1/4 1879/1/4 1877/1/4
f 1725/1/4 1718/1/4 1886/1/4 1893/1/4
f 1704/1/4 1703/1/4 1871/1/4 1872/1/4
f 1702/1/4 1709/1/4 1877/1/4 1870/1/4
f 1718/1/4 1716/1/4 1884/1/4 1886/1/4
f 1723/1/4 1724/1/4 1892/1/4 1891/1/4
f 1716/1/4 1714/1/4 1882/1/4 1884/1/4
f 1721/1/4 1722/1/4 1890/1/4 1889/1/4
f 1714/1/4 1712/1/4 1880/1/4 1882/1/4
f 1719/1/4 1720/1/4 1888/1/4 1887/1/4
f 1707/1/4 1706/1/4 1874/1/4 1875/1/4
f 1712/1/4 1710/1/4 1878/1/4 1880/1/4
f 1705/1/4 1704/1/4 1872/1/4 1873/1/4
f 1710/1/4 1708/1/4 1876/1/4 1878/1/4
f 1717/1/4 1719/1/4 1887/1/4 1885/1/4
f 1703/1/4 1702/1/4 1870/1/4 1871/1/4
f 1724/1/4 1725/1/4 1893/1/4 1892/1/4
f 1715/1/4 1717/1/4 1885/1/4 1883/1/4
f 1722/1/4 1723/1/4 1891/1/4 1890/1/4
f 1713/1/4 1715/1/4 1883/1/4 1881/1/4
f 1720/1/4 1721/1/4 1889/1/4 1888/1/4
f 1711/1/4 1713/1/4 1881/1/4 1879/1/4
f 1708/1/4 1707/1/4 1875/1/4 1876/1/4
f 1778/1/2 1777/1/2 1897/1/2 1898/1/2
f 1782/1/2 1780/1/2 1900/1/2 1902/1/2
f 1789/1/2 1791/1/2 1911/1/2 1909/1/2
f 1776/1/2 1775/1/2 1895/1/2 1896/1/2
f 1796/1/2 1797/1/2 1917/1/2 1916/1/2
f 1787/1/2 1789/1/2 1909/1/2 1907/1/2
f 1794/1/2 1795/1/2 1915/1/2 1914/1/2
f 1785/1/2 1787/1/2 1907/1/2 1905/1/2
f 1792/1/2 1793/1/2 1913/1/2 1912/1/2
f 1783/1/2 1785/1/2 1905/1/2 1903/1/2
f 1779/1/2 1778/1/2 1898/1/2 1899/1/2
f 1781/1/2 1783/1/2 1903/1/2 1901/1/2
f 1797/1/2 1790/1/2 1910/1/2 1917/1/2
f 1777/1/2 1776/1/2 1896/1/2 1897/1/2
f 1774/1/2 1781/1/2 1901/1/2 1894/1/2
f 1790/1/2 1788/1/2 1908/1/2 1910/1/2
f 1775/1/2 1774/1/2 1894/1/2 1895/1/2
f 1795/1/2 1796/1/2 1916/1/2 1915/1/2
f 1788/1/2 1786/1/2 1906/1/2 1908/1/2
f 1793/1/2 1794/1/2 1914/1/2 1913/1/2
f 1786/1/2 1784/1/2 1904/1/2 1906/1/2
f 1791/1/2 1792/1/2 1912/1/2 1911/1/2
f 1780/1/2 1779/1/2 1899/1/2 1900/1/2
f 1784/1/2 1782/1/2 1902/1/2 1904/1/2
f 1761/1/3 1763/1/3 1931/1/3 1929/1/3
f 1753/1/3 1752/1/3 1920/1/3 1921/1/3
f 1768/1/3 1769/1/3 1937/1/3 1936/1/3
f 1759/1/3 1761/1/3 1929/1/3 1927/1/3
f 1751/1/3 1750/1/3 1918/1/3 1919/1/3
f 1757/1/3 1759/1/3 1927/1/3 1925/1/3
f 1773/1/3 1766/1/3 1934/1/3 1941/1/3
f 1750/1/3 1757/1/3 1925/1/3 1918/1/3
f 1766/1/3 1764/1/3 1932/1/3 1934/1/3
f 1756/1/3 1755/1/3 1923/1/3 1924/1/3
f 1771/1/3 1772/1/3 1940/1/3 1939/1/3
f 1764/1/3 1762/1/3 1930/1/3 1932/1/3
f 1754/1/3 1753/1/3 1921/1/3 1922/1/3
f 1769/1/3 1770/1/3 1938/1/3 1937/1/3
f 1762/1/3 1760/1/3 1928/1/3 1930/1/3
f 1752/1/3 1751/1/3 1919/1/3 1920/1/3
f 1767/1/3 1768/1/3 1936/1/3 1935/1/3
f 1760/1/3 1758/1/3 1926/1/3 1928/1/3
f 1758/1/3 1756/1/3 1924/1/3 1926/1/3
f 1765/1/3 1767/1/3 1935/1/3 1933/1/3
f 1772/1/3 1773/1/3 1941/1/3 1940/1/3
f 1763/1/3 1765/1/3 1933/1/3 1931/1/3
f 1755/1/3 1754/1/3 1922/1/3 1923/1/3
f 1770/1/3 1771/1/3 1939/1/3 1938/1/3
f 1735/1/1 1737/1/1 1953/1/1 1951/1/1
f 1727/1/1 1726/1/1 1942/1/1 1943/1/1
f 1733/1/1 1735/1/1 1951/1/1 1949/1/1
f 1749/1/1 1742/1/1 1958/1/1 1965/1/1
f 1726/1/1 1733/1/1 1949/1/1 1942/1/1
f 1742/1/1 1740/1/1 1956/1/1 1958/1/1
f 1732/1/1 1731/1/1 1947/1/1 1948/1/1
f 1747/1/1 1748/1/1 1964/1/1 1963/1/1
f 1740/1/1 1738/1/1 1954/1/1 1956/1/1
f 1730/1/1 1729/1/1 1945/1/1 1946/1/1
f 1745/1/1 1746/1/1 1962/1/1 1961/1/1
f 1738/1/1 1736/1/1 1952/1/1 1954/1/1
f 1728/1/1 1727/1/1 1943/1/1 1944/1/1
f 1743/1/1 1744/1/1 1960/1/1 1959/1/1
f 1736/1/1 1734/1/1 1950/1/1 1952/1/1
f 1734/1/1 1732/1/1 1948/1/1 1950/1/1
f 1741/1/1 1743/1/1 1959/1/1 1957/1/1
f 1748/1/1 1749/1/1 1965/1/1 1964/1/1
f 1739/1/1 1741/1/1 1957/1/1 1955/1/1
f 1731/1/1 1730/1/1 1946/1/1 1947/1/1
f 1746/1/1 1747/1/1 1963/1/1 1962/1/1
f 1737/1/1 1739/1/1 1955/1/1 1953/1/1
f 1729/1/1 1728/1/1 1944/1/1 1945/1/1
f 1744/1/1 1745/1/1 1961/1/1 1960/1/1
f 1824/1/5 1823/1/5 1967/1/5 1968/1/5
f 1844/1/5 1845/1/5 1989/1/5 1988/1/5
f 1832/1/5 1830/1/5 1974/1/5 1976/1/5
f 1842/1/5 1843/1/5 1987/1/5 1986/1/5
f 1830/1/5 1828/1/5 1972/1/5 1974/1/5
f 1837/1/5 1839/1/5 1983/1/5 1981/1/5
f 1840/1/5 1841/1/5 1985/1/5 1984/1/5
f 1835/1/5 1837/1/5 1981/1/5 1979/1/5
f 1833/1/5 1835/1/5 1979/1/5 1977/1/5
f 1827/1/5 1826/1/5 1970/1/5 1971/1/5
f 1831/1/5 1833/1/5 1977/1/5 1975/1/5
f 1825/1/5 1824/1/5 1968/1/5 1969/1/5
f 1823/1/5 1822/1/5 1966/1/5 1967/1/5
f 1843/1/5 1844/1/5 1988/1/5 1987/1/5
f 1829/1/5 1831/1/5 1975/1/5 1973/1/5
f 1845/1/5 1838/1/5 1982/1/5 1989/1/5
f 1841/1/5 1842/1/5 1986/1/5 1985/1/5
f 1822/1/5 1829/1/5 1973/1/5 1966/1/5
f 1838/1/5 1836/1/5 1980/1/5 1982/1/5
f 1839/1/5 1840/1/5 1984/1/5 1983/1/5
f 1836/1/5 1834/1/5 1978/1/5 1980/1/5
f 1828/1/5 1827/1/5 1971/1/5 1972/1/5
f 1834/1/5 1832/1/5 1976/1/5 1978/1/5
f 1826/1/5 1825/1/5 1969/1/5 1970/1/5
f 1655/1/6 1863/1/6 1864/1/6
f 1863/1/6 1657/1/6 1861/1/6
f 1861/1/6 1658/1/6 1859/1/6
f 1859/1/6 1659/1/6 1857/1/6
f 1857/1/6 1660/1/6 1855/1/6
f 1855/1/6 1661/1/6 1853/1/6
f 1677/1/6 1847/1/6 1676/1/6
f 1847/1/6 1846/1/6 1675/1/6
f 1869/1/6 1684/1/6 1868/1/6
f 1868/1/6 1684/1/6 1685/1/6
f 1847/1/6 1678/1/6 1848/1/6
f 1868/1/6 1670/1/6 1666/1/6
f 1848/1/6 1691/1/6 1849/1/6
f 1849/1/6 1691/1/6 1850/1/6
f 1691/1/6 1692/1/6 1850/1/6
f 1850/1/6 1693/1/6 1851/1/6
f 1693/1/6 1694/1/6 1851/1/6
f 1851/1/6 1695/1/6 1852/1/6
f 1695/1/6 1696/1/6 1852/1/6
f 1852/1/6 1697/1/6 1854/1/6
f 1697/1/6 1698/1/6 1854/1/6
f 1698/1/6 1856/1/6 1854/1/6
f 1856/1/6 1699/1/6 1858/1/6
f 1674/1/6 1675/1/6 1853/1/6
f 1701/1/6 1686/1/6 1858/1/6
f 1686/1/6 1860/1/6 1858/1/6
f 1682/1/6 1683/1/6 1860/1/6
f 1683/1/6 1862/1/6 1860/1/6
f 1862/1/6 1684/1/6 1869/1/6
f 1690/1/6 1848/1/6 1678/1/6
f 1674/1/6 1853/1/6 1662/1/6
f 1868/1/6 1685/1/6 1670/1/6
f 1667/1/6 1867/1/6 1868/1/6
f 1668/1/6 1866/1/6 1867/1/6
f 1858/1/6 1699/1/6 1700/1/6
f 1654/1/6 1864/1/6 1865/1/6
f 1656/1/6 1863/1/6 1655/1/6
f 1656/1/6 1657/1/6 1863/1/6
f 1657/1/6 1658/1/6 1861/1/6
f 1658/1/6 1659/1/6 1859/1/6
f 1659/1/6 1660/1/6 1857/1/6
f 1660/1/6 1661/1/6 1855/1/6
f 1661/1/6 1662/1/6 1853/1/6
f 1853/1/6 1675/1/6 1846/1/6
f 1675/1/6 1676/1/6 1847/1/6
f 1677/1/6 1678/1/6 1847/1/6
f 1690/1/6 1691/1/6 1848/1/6
f 1692/1/6 1693/1/6 1850/1/6
f 1694/1/6 1695/1/6 1851/1/6
f 1696/1/6 1697/1/6 1852/1/6
f 1699/1/6 1856/1/6 1698/1/6
f 1701/1/6 1858/1/6 1700/1/6
f 1682/1/6 1860/1/6 1686/1/6
f 1684/1/6 1862/1/6 1683/1/6
f 1667/1/6 1868/1/6 1666/1/6
f 1668/1/6 1867/1/6 1667/1/6
f 1866/1/6 1668/1/6 1865/1/6
f 1654/1/6 1865/1/6 1669/1/6
f 1655/1/6 1864/1/6 1654/1/6
f 1865/1/6 1668/1/6 1669/1/6
f 1895/1/2 1894/1/2 563/1/2
f 1906/1/2 1904/1/2 552/1/2
f 564/1/2 565/1/2 1898/1/2
f 565/1/2 566/1/2 1899/1/2
f 566/1/2 567/1/2 1900/1/2
f 552/1/2 1904/1/2 567/1/2
f 560/1/2 1905/1/2 1907/1/2
f 1916/1/2 1917/1/2 554/1/2
f 554/1/2 1910/1/2 553/1/2
f 562/1/2 1894/1/2 1901/1/2
f 555/1/2 1916/1/2 554/1/2
f 561/1/2 1901/1/2 1903/1/2
f 555/1/2 556/1/2 1915/1/2
f 1915/1/2 556/1/2 1914/1/2
f 556/1/2 557/1/2 1913/1/2
f 1913/1/2 557/1/2 1912/1/2
f 1912/1/2 557/1/2 558/1/2
f 1911/1/2 558/1/2 1909/1/2
f 1909/1/2 558/1/2 559/1/2
f 559/1/2 560/1/2 1907/1/2
f 920/1/3 921/1/3 961/1/3 962/1/3
f 560/1/2 561/1/2 1903/1/2
f 552/1/2 553/1/2 1908/1/2
f 1894/1/2 562/1/2 563/1/2
f 1896/1/2 1895/1/2 563/1/2
f 563/1/2 564/1/2 1898/1/2
f 1897/1/2 563/1/2 1898/1/2
f 1898/1/2 565/1/2 1899/1/2
f 1899/1/2 566/1/2 1900/1/2
f 1900/1/2 567/1/2 1902/1/2
f 1910/1/2 1908/1/2 553/1/2
f 1906/1/2 552/1/2 1908/1/2
f 1910/1/2 554/1/2 1917/1/2
f 1916/1/2 555/1/2 1915/1/2
f 1914/1/2 556/1/2 1913/1/2
f 1911/1/2 1912/1/2 558/1/2
f 1907/1/2 1909/1/2 559/1/2
f 1903/1/2 1905/1/2 560/1/2
f 561/1/2 562/1/2 1901/1/2
f 1897/1/2 1896/1/2 563/1/2
f 1904/1/2 1902/1/2 567/1/2
f 934/1/3 935/1/3 959/1/3 960/1/3
f 937/1/3 938/1/3 948/1/3 949/1/3
f 949/1/3 950/1/3 972/1/3 957/1/3
f 950/1/3 951/1/3 971/1/3 972/1/3
f 938/1/3 939/1/3 947/1/3 948/1/3
f 939/1/3 940/1/3 946/1/3 947/1/3
f 905/1/3 906/1/3 944/1/3 945/1/3
f 900/1/3 901/1/3 909/1/3 910/1/3
f 936/1/3 937/1/3 957/1/3 958/1/3
f 935/1/3 936/1/3 958/1/3 959/1/3
f 933/1/3 934/1/3 960/1/3 961/1/3
f 923/1/3 924/1/3 930/1/3 931/1/3
f 922/1/3 923/1/3 931/1/3 932/1/3
f 921/1/3 922/1/3 932/1/3 933/1/3
f 924/1/3 909/1/3 929/1/3 930/1/3
f 901/1/3 902/1/3 928/1/3 929/1/3
f 902/1/3 903/1/3 927/1/3 928/1/3
f 903/1/3 904/1/3 926/1/3 927/1/3
f 904/1/3 905/1/3 925/1/3 926/1/3
f 940/1/3 925/1/3 945/1/3 946/1/3
f 945/1/3 925/1/3 905/1/3
f 909/1/3 901/1/3 929/1/3
f 961/1/3 921/1/3 933/1/3
f 949/1/3 957/1/3 937/1/3
f 906/1/3 907/1/3 943/1/3 944/1/3
f 899/1/3 900/1/3 910/1/3 911/1/3
f 919/1/3 920/1/3 962/1/3 963/1/3
f 1937/1/3 912/1/3 913/1/3
f 970/1/3 1920/1/3 969/1/3
f 967/1/3 968/1/3 1918/1/3
f 1918/1/3 1925/1/3 966/1/3
f 1939/1/3 898/1/3 899/1/3
f 941/1/3 1928/1/3 1926/1/3
f 956/1/3 1926/1/3 1924/1/3
f 1924/1/3 1923/1/3 954/1/3
f 1923/1/3 1922/1/3 953/1/3
f 1921/1/3 951/1/3 1922/1/3
f 1920/1/3 971/1/3 1921/1/3
f 1932/1/3 908/1/3 893/1/3
f 1928/1/3 942/1/3 943/1/3
f 894/1/3 1941/1/3 1934/1/3
f 1920/1/3 1919/1/3 969/1/3
f 970/1/3 971/1/3 1920/1/3
f 1927/1/3 965/1/3 1925/1/3
f 1930/1/3 943/1/3 907/1/3
f 1929/1/3 963/1/3 1927/1/3
f 434/1/1 435/1/1 459/1/1 460/1/1
f 1929/1/3 1931/1/3 919/1/3
f 919/1/3 1931/1/3 918/1/3
f 1931/1/3 1933/1/3 917/1/3
f 917/1/3 1933/1/3 916/1/3
f 916/1/3 1933/1/3 1935/1/3
f 915/1/3 1935/1/3 914/1/3
f 914/1/3 1935/1/3 1936/1/3
f 1936/1/3 1937/1/3 913/1/3
f 1919/1/3 1918/1/3 968/1/3
f 1937/1/3 1938/1/3 911/1/3
f 971/1/3 951/1/3 1921/1/3
f 951/1/3 952/1/3 1922/1/3
f 1938/1/3 899/1/3 911/1/3
f 1939/1/3 897/1/3 898/1/3
f 1940/1/3 896/1/3 897/1/3
f 1932/1/3 907/1/3 908/1/3
f 893/1/3 894/1/3 1934/1/3
f 896/1/3 1940/1/3 1941/1/3
f 1932/1/3 1930/1/3 907/1/3
f 1930/1/3 1928/1/3 943/1/3
f 941/1/3 942/1/3 1928/1/3
f 956/1/3 941/1/3 1926/1/3
f 955/1/3 956/1/3 1924/1/3
f 955/1/3 1924/1/3 954/1/3
f 954/1/3 1923/1/3 953/1/3
f 953/1/3 1922/1/3 952/1/3
f 963/1/3 964/1/3 1927/1/3
f 965/1/3 966/1/3 1925/1/3
f 1941/1/3 894/1/3 895/1/3
f 969/1/3 1919/1/3 968/1/3
f 967/1/3 1918/1/3 966/1/3
f 965/1/3 1927/1/3 964/1/3
f 963/1/3 1929/1/3 919/1/3
f 918/1/3 1931/1/3 917/1/3
f 915/1/3 916/1/3 1935/1/3
f 913/1/3 914/1/3 1936/1/3
f 911/1/3 912/1/3 1937/1/3
f 1938/1/3 1939/1/3 899/1/3
f 1939/1/3 1940/1/3 897/1/3
f 895/1/3 896/1/3 1941/1/3
f 1934/1/3 1932/1/3 893/1/3
f 435/1/1 436/1/1 458/1/1 459/1/1
f 436/1/1 437/1/1 457/1/1 458/1/1
f 433/1/1 434/1/1 460/1/1 461/1/1
f 463/1/1 464/1/1 486/1/1 471/1/1
f 462/1/1 463/1/1 471/1/1 472/1/1
f 461/1/1 462/1/1 472/1/1 473/1/1
f 451/1/1 452/1/1 474/1/1 475/1/1
f 450/1/1 451/1/1 475/1/1 476/1/1
f 449/1/1 450/1/1 476/1/1 477/1/1
f 452/1/1 453/1/1 473/1/1 474/1/1
f 432/1/1 433/1/1 453/1/1 454/1/1
f 431/1/1 432/1/1 454/1/1 439/1/1
f 430/1/1 431/1/1 439/1/1 440/1/1
f 429/1/1 430/1/1 440/1/1 441/1/1
f 420/1/1 421/1/1 441/1/1 442/1/1
f 419/1/1 420/1/1 442/1/1 443/1/1
f 418/1/1 419/1/1 443/1/1 444/1/1
f 417/1/1 418/1/1 444/1/1 445/1/1
f 401/1/1 402/1/1 428/1/1 429/1/1
f 91/1/1 429/1/1 428/1/1 87/1/1
f 403/1/1 404/1/1 426/1/1 427/1/1
f 404/1/1 405/1/1 425/1/1 426/1/1
f 398/1/1 399/1/1 407/1/1 408/1/1
f 397/1/1 398/1/1 408/1/1 409/1/1
f 399/1/1 400/1/1 422/1/1 407/1/1
f 400/1/1 401/1/1 421/1/1 422/1/1
f 441/1/1 421/1/1 401/1/1 429/1/1
f 461/1/1 473/1/1 453/1/1 433/1/1
f 391/1/1 392/1/1 1958/1/1
f 455/1/1 456/1/1 1952/1/1
f 425/1/1 1956/1/1 424/1/1
f 424/1/1 1956/1/1 1954/1/1
f 423/1/1 1954/1/1 438/1/1
f 438/1/1 1954/1/1 1952/1/1
f 437/1/1 1952/1/1 457/1/1
f 1950/1/1 455/1/1 1952/1/1
f 1955/1/1 1957/1/1 415/1/1
f 1950/1/1 1948/1/1 470/1/1
f 470/1/1 1948/1/1 469/1/1
f 1948/1/1 1947/1/1 468/1/1
f 468/1/1 1947/1/1 467/1/1
f 467/1/1 1947/1/1 1946/1/1
f 466/1/1 1946/1/1 465/1/1
f 465/1/1 1946/1/1 1945/1/1
f 464/1/1 1945/1/1 486/1/1
f 1945/1/1 1944/1/1 485/1/1
f 485/1/1 1944/1/1 484/1/1
f 1944/1/1 1943/1/1 483/1/1
f 483/1/1 1943/1/1 482/1/1
f 482/1/1 1943/1/1 1942/1/1
f 481/1/1 1942/1/1 480/1/1
f 480/1/1 1942/1/1 1949/1/1
f 1949/1/1 1951/1/1 479/1/1
f 1956/1/1 406/1/1 391/1/1
f 477/1/1 1951/1/1 449/1/1
f 1951/1/1 1953/1/1 448/1/1
f 448/1/1 1953/1/1 447/1/1
f 1953/1/1 1955/1/1 446/1/1
f 446/1/1 1955/1/1 445/1/1
f 392/1/1 1965/1/1 1958/1/1
f 414/1/1 415/1/1 1957/1/1
f 1959/1/1 414/1/1 1957/1/1
f 1956/1/1 405/1/1 406/1/1
f 1960/1/1 412/1/1 1959/1/1
f 1951/1/1 478/1/1 479/1/1
f 1960/1/1 1961/1/1 411/1/1
f 411/1/1 1961/1/1 410/1/1
f 1961/1/1 1962/1/1 409/1/1
f 409/1/1 1962/1/1 397/1/1
f 397/1/1 1962/1/1 1963/1/1
f 396/1/1 1963/1/1 395/1/1
f 395/1/1 1963/1/1 1964/1/1
f 1964/1/1 1965/1/1 394/1/1
f 412/1/1 413/1/1 1959/1/1
f 1965/1/1 393/1/1 394/1/1
f 1958/1/1 1956/1/1 391/1/1
f 425/1/1 405/1/1 1956/1/1
f 423/1/1 424/1/1 1954/1/1
f 437/1/1 438/1/1 1952/1/1
f 457/1/1 1952/1/1 456/1/1
f 455/1/1 1950/1/1 470/1/1
f 469/1/1 1948/1/1 468/1/1
f 466/1/1 467/1/1 1946/1/1
f 464/1/1 465/1/1 1945/1/1
f 486/1/1 1945/1/1 485/1/1
f 484/1/1 1944/1/1 483/1/1
f 481/1/1 482/1/1 1942/1/1
f 479/1/1 480/1/1 1949/1/1
f 477/1/1 478/1/1 1951/1/1
f 449/1/1 1951/1/1 448/1/1
f 447/1/1 1953/1/1 446/1/1
f 445/1/1 1955/1/1 417/1/1
f 416/1/1 1955/1/1 415/1/1
f 414/1/1 1959/1/1 413/1/1
f 412/1/1 1960/1/1 411/1/1
f 410/1/1 1961/1/1 409/1/1
f 396/1/1 397/1/1 1963/1/1
f 394/1/1 395/1/1 1964/1/1
f 392/1/1 393/1/1 1965/1/1
f 416/1/1 417/1/1 1955/1/1
f 1117/1/4 1118/1/4 1124/1/4 1125/1/4
f 1116/1/4 1117/1/4 1125/1/4 1126/1/4
f 1115/1/4 1116/1/4 1126/1/4 1127/1/4
f 1118/1/4 1103/1/4 1123/1/4 1124/1/4
f 1103/1/4 1104/1/4 1893/1/4
f 1123/1/4 1893/1/4 1886/1/4
f 1122/1/4 1886/1/4 1884/1/4
f 1883/1/4 1111/1/4 1112/1/4
f 1882/1/4 1121/1/4 1122/1/4
f 1119/1/4 1880/1/4 1878/1/4
f 1134/1/4 1878/1/4 1876/1/4
f 1876/1/4 1875/1/4 1132/1/4
f 1875/1/4 1874/1/4 1131/1/4
f 1874/1/4 1873/1/4 1130/1/4
f 1872/1/4 1128/1/4 1873/1/4
f 1872/1/4 1871/1/4 1128/1/4
f 1871/1/4 1870/1/4 1127/1/4
f 1127/1/4 1870/1/4 1115/1/4
f 1115/1/4 1870/1/4 1877/1/4
f 1114/1/4 1877/1/4 1113/1/4
f 1113/1/4 1877/1/4 1879/1/4
f 1106/1/4 1107/1/4 1888/1/4
f 1104/1/4 1891/1/4 1892/1/4
f 1887/1/4 1109/1/4 1110/1/4
f 1881/1/4 1112/1/4 1113/1/4
f 1108/1/4 1887/1/4 1888/1/4
f 1889/1/4 1106/1/4 1888/1/4
f 1889/1/4 1890/1/4 1105/1/4
f 1104/1/4 1105/1/4 1891/1/4
f 1402/1/5 1403/1/5 1411/1/5 1412/1/5
f 1123/1/4 1103/1/4 1893/1/4
f 1122/1/4 1123/1/4 1886/1/4
f 1884/1/4 1882/1/4 1122/1/4
f 1882/1/4 1880/1/4 1121/1/4
f 1119/1/4 1120/1/4 1880/1/4
f 1134/1/4 1119/1/4 1878/1/4
f 1133/1/4 1134/1/4 1876/1/4
f 1133/1/4 1876/1/4 1132/1/4
f 1132/1/4 1875/1/4 1131/1/4
f 1131/1/4 1874/1/4 1130/1/4
f 1130/1/4 1873/1/4 1129/1/4
f 1104/1/4 1892/1/4 1893/1/4
f 1128/1/4 1871/1/4 1127/1/4
f 1114/1/4 1115/1/4 1877/1/4
f 1879/1/4 1881/1/4 1113/1/4
f 1881/1/4 1883/1/4 1112/1/4
f 1883/1/4 1885/1/4 1111/1/4
f 1885/1/4 1887/1/4 1110/1/4
f 1108/1/4 1109/1/4 1887/1/4
f 1107/1/4 1108/1/4 1888/1/4
f 1105/1/4 1890/1/4 1891/1/4
f 1106/1/4 1889/1/4 1105/1/4
f 1880/1/4 1120/1/4 1121/1/4
f 1128/1/4 1129/1/4 1873/1/4
f 1885/1/4 1110/1/4 1111/1/4
f 1403/1/5 1404/1/5 1426/1/5 1411/1/5
f 1401/1/5 1402/1/5 1412/1/5 1413/1/5
f 1423/1/5 1424/1/5 1446/1/5 1447/1/5
f 1422/1/5 1423/1/5 1447/1/5 1448/1/5
f 1421/1/5 1422/1/5 1448/1/5 1449/1/5
f 1424/1/5 1425/1/5 1445/1/5 1446/1/5
f 1433/1/5 1434/1/5 1444/1/5 1445/1/5
f 1434/1/5 1435/1/5 1443/1/5 1444/1/5
f 1435/1/5 1436/1/5 1458/1/5 1443/1/5
f 1436/1/5 1437/1/5 1457/1/5 1458/1/5
f 1405/1/5 1406/1/5 1432/1/5 1433/1/5
f 1406/1/5 1407/1/5 1431/1/5 1432/1/5
f 1407/1/5 1408/1/5 1430/1/5 1431/1/5
f 1408/1/5 1409/1/5 1429/1/5 1430/1/5
f 1404/1/5 1405/1/5 1425/1/5 1426/1/5
f 1445/1/5 1425/1/5 1405/1/5 1433/1/5
f 1989/1/5 1982/1/5 1396/1/5
f 1456/1/5 1968/1/5 1455/1/5
f 1453/1/5 1454/1/5 1966/1/5
f 1437/1/5 1438/1/5 1970/1/5
f 1428/1/5 1978/1/5 1976/1/5
f 1427/1/5 1976/1/5 1974/1/5
f 1442/1/5 1974/1/5 1972/1/5
f 1972/1/5 1971/1/5 1440/1/5
f 1971/1/5 1970/1/5 1439/1/5
f 1969/1/5 1437/1/5 1970/1/5
f 1968/1/5 1457/1/5 1969/1/5
f 1980/1/5 1410/1/5 1395/1/5
f 1982/1/5 1395/1/5 1396/1/5
f 1989/1/5 1396/1/5 1397/1/5
f 1968/1/5 1967/1/5 1455/1/5
f 1967/1/5 1966/1/5 1454/1/5
f 1975/1/5 1451/1/5 1973/1/5
f 1987/1/5 1399/1/5 1400/1/5
f 1977/1/5 1449/1/5 1975/1/5
f 1977/1/5 1979/1/5 1421/1/5
f 1421/1/5 1979/1/5 1420/1/5
f 1979/1/5 1981/1/5 1419/1/5
f 1419/1/5 1981/1/5 1418/1/5
f 1418/1/5 1981/1/5 1983/1/5
f 1417/1/5 1983/1/5 1416/1/5
f 1416/1/5 1983/1/5 1984/1/5
f 1984/1/5 1985/1/5 1415/1/5
f 1449/1/5 1450/1/5 1975/1/5
f 1985/1/5 1986/1/5 1413/1/5
f 1985/1/5 1414/1/5 1415/1/5
f 1986/1/5 1987/1/5 1400/1/5
f 1978/1/5 1429/1/5 1409/1/5
f 1966/1/5 1973/1/5 1452/1/5
f 1988/1/5 1398/1/5 1399/1/5
f 1982/1/5 1980/1/5 1395/1/5
f 1457/1/5 1437/1/5 1969/1/5
f 1451/1/5 1452/1/5 1973/1/5
f 1980/1/5 1978/1/5 1409/1/5
f 1428/1/5 1429/1/5 1978/1/5
f 1427/1/5 1428/1/5 1976/1/5
f 1442/1/5 1427/1/5 1974/1/5
f 1441/1/5 1442/1/5 1972/1/5
f 1441/1/5 1972/1/5 1440/1/5
f 1440/1/5 1971/1/5 1439/1/5
f 1439/1/5 1970/1/5 1438/1/5
f 1398/1/5 1988/1/5 1989/1/5
f 1986/1/5 1401/1/5 1413/1/5
f 1980/1/5 1409/1/5 1410/1/5
f 1455/1/5 1967/1/5 1454/1/5
f 1453/1/5 1966/1/5 1452/1/5
f 1451/1/5 1975/1/5 1450/1/5
f 1449/1/5 1977/1/5 1421/1/5
f 1420/1/5 1979/1/5 1419/1/5
f 1417/1/5 1418/1/5 1983/1/5
f 1415/1/5 1416/1/5 1984/1/5
f 1413/1/5 1414/1/5 1985/1/5
f 1400/1/5 1401/1/5 1986/1/5
f 1987/1/5 1988/1/5 1399/1/5
f 1397/1/5 1398/1/5 1989/1/5
f 1456/1/5 1457/1/5 1968/1/5
usemtl Spots
f 4/2/87 8/3/87 7/4/87 3/5/87
f 3/5/88 7/4/88 6/6/88 2/7/88
f 2/7/89 6/6/89 5/8/89 1/9/89
f 8/3/90 12/10/90 11/11/90 7/4/90
f 7/4/91 11/11/91 10/12/91 6/6/91
f 6/6/92 10/12/92 9/13/92 5/8/92
f 12/10/93 17/14/93 16/15/93 11/11/93
f 11/11/94 16/15/94 15/16/94 10/12/94
f 10/12/95 15/16/95 14/17/95 9/13/95
f 17/14/96 21/18/96 20/19/96 16/15/96
f 16/15/97 20/19/97 19/20/97 15/16/97
f 15/16/98 19/20/98 18/21/98 14/17/98
f 21/18/99 25/22/99 24/23/99 20/19/99
f 20/19/100 24/23/100 23/24/100 19/20/100
f 19/20/101 23/24/101 22/25/101 18/21/101
f 25/22/102 29/26/102 28/27/102 24/23/102
f 24/23/103 28/27/103 27/28/103 23/24/103
f 23/24/104 27/28/104 26/29/104 22/25/104
f 29/26/105 33/30/105 32/31/105 28/27/105
f 28/27/106 32/31/106 31/32/106 27/28/106
f 27/28/107 31/32/107 30/33/107 26/29/107
f 33/30/108 37/34/108 36/35/108 32/31/108
f 32/31/109 36/35/109 35/36/109 31/32/109
f 31/32/110 35/36/110 34/37/110 30/33/110
f 37/34/111 41/38/111 40/39/111 36/35/111
f 36/35/112 40/39/112 39/40/112 35/36/112
f 35/36/113 39/40/113 38/41/113 34/37/113
f 41/38/114 45/42/114 44/43/114 40/39/114
f 40/39/115 44/43/115 43/44/115 39/40/115
f 39/40/116 43/44/116 42/45/116 38/41/116
f 45/42/117 49/46/117 48/47/117 44/43/117
f 44/43/118 48/47/118 47/48/118 43/44/118
f 43/44/119 47/48/119 46/49/119 42/45/119
f 49/46/120 53/50/120 52/51/120 48/47/120
f 48/47/121 52/51/121 51/52/121 47/48/121
f 47/48/122 51/52/122 50/53/122 46/49/122
f 53/50/123 57/54/123 56/55/123 52/51/123
f 52/51/124 56/55/124 55/56/124 51/52/124
f 51/52/125 55/56/125 54/57/125 50/53/125
f 57/54/126 61/58/126 60/59/126 56/55/126
f 56/55/127 60/59/127 59/60/127 55/56/127
f 55/56/128 59/60/128 58/61/128 54/57/128
f 61/58/129 65/62/129 64/63/129 60/59/129
f 60/59/130 64/63/130 63/64/130 59/60/130
f 59/60/131 63/64/131 62/65/131 58/61/131
f 13/66/132 8/3/132 4/2/132
f 13/66/133 12/10/133 8/3/133
f 13/66/134 17/14/134 12/10/134
f 13/66/135 21/18/135 17/14/135
f 13/66/136 25/22/136 21/18/136
f 13/66/137 29/26/137 25/22/137
f 13/66/138 33/30/138 29/26/138
f 13/66/139 37/34/139 33/30/139
f 13/66/140 41/38/140 37/34/140
f 13/66/141 45/42/141 41/38/141
f 13/66/142 49/46/142 45/42/142
f 13/66/143 53/50/143 49/46/143
f 13/66/144 57/54/144 53/50/144
f 13/66/145 61/58/145 57/54/145
f 13/66/146 65/62/146 61/58/146
f 13/66/147 4/2/147 65/62/147
f 65/62/148 4/2/148 3/5/148 64/63/148
f 64/63/149 3/5/149 2/7/149 63/64/149
f 63/64/150 2/7/150 1/9/150 62/65/150
f 69/67/87 73/68/87 72/69/87 68/70/87
f 68/70/88 72/69/88 71/71/88 67/72/88
f 67/72/89 71/71/89 70/73/89 66/74/89
f 73/68/90 77/75/90 76/76/90 72/69/90
f 72/69/91 76/76/91 75/77/91 71/71/91
f 71/71/92 75/77/92 74/78/92 70/73/92
f 77/75/93 82/79/93 81/80/93 76/76/93
f 76/76/94 81/80/94 80/81/94 75/77/94
f 75/77/95 80/81/95 79/82/95 74/78/95
f 82/79/96 86/83/96 85/84/96 81/80/96
f 81/80/97 85/84/97 84/85/97 80/81/97
f 80/81/98 84/85/98 83/86/98 79/82/98
f 86/83/99 90/87/99 89/88/99 85/84/99
f 85/84/100 89/88/100 88/89/100 84/85/100
f 84/85/101 88/89/101 87/90/101 83/86/101
f 90/87/102 94/91/102 93/92/102 89/88/102
f 89/88/103 93/92/103 92/93/103 88/89/103
f 88/89/104 92/93/104 91/94/104 87/90/104
f 94/91/105 98/95/105 97/96/105 93/92/105
f 93/92/151 97/96/151 96/97/151 92/93/151
f 92/93/107 96/97/107 95/98/107 91/94/107
f 98/95/108 102/99/108 101/100/108 97/96/108
f 97/96/109 101/100/109 100/101/109 96/97/109
f 96/97/110 100/101/110 99/102/110 95/98/110
f 102/99/111 106/103/111 105/104/111 101/100/111
f 101/100/112 105/104/112 104/105/112 100/101/112
f 100/101/113 104/105/113 103/106/113 99/102/113
f 106/103/114 110/107/114 109/108/114 105/104/114
f 105/104/152 109/108/152 108/109/152 104/105/152
f 104/105/116 108/109/116 107/110/116 103/106/116
f 110/107/117 114/111/117 113/112/117 109/108/117
f 109/108/118 113/112/118 112/113/118 108/109/118
f 108/109/119 112/113/119 111/114/119 107/110/119
f 114/111/120 118/115/120 117/116/120 113/112/120
f 113/112/121 117/116/121 116/117/121 112/113/121
f 112/113/122 116/117/122 115/118/122 111/114/122
f 118/115/153 122/119/153 121/120/153 117/116/153
f 117/116/124 121/120/124 120/121/124 116/117/124
f 116/117/125 120/121/125 119/122/125 115/118/125
f 122/119/126 126/123/126 125/124/126 121/120/126
f 121/120/127 125/124/127 124/125/127 120/121/127
f 120/121/128 124/125/128 123/126/128 119/122/128
f 126/123/129 130/127/129 129/128/129 125/124/129
f 125/124/130 129/128/130 128/129/130 124/125/130
f 124/125/131 128/129/131 127/130/131 123/126/131
f 78/131/132 73/68/132 69/67/132
f 78/131/133 77/75/133 73/68/133
f 78/131/134 82/79/134 77/75/134
f 78/131/154 86/83/154 82/79/154
f 78/131/136 90/87/136 86/83/136
f 78/131/137 94/91/137 90/87/137
f 78/131/138 98/95/138 94/91/138
f 78/131/139 102/99/139 98/95/139
f 78/131/140 106/103/140 102/99/140
f 78/131/141 110/107/141 106/103/141
f 78/131/142 114/111/142 110/107/142
f 78/131/143 118/115/143 114/111/143
f 78/131/155 122/119/155 118/115/155
f 78/131/145 126/123/145 122/119/145
f 78/131/146 130/127/146 126/123/146
f 78/131/147 69/67/147 130/127/147
f 130/127/148 69/67/148 68/70/148 129/128/148
f 129/128/149 68/70/149 67/72/149 128/129/149
f 128/129/150 67/72/150 66/74/150 127/130/150
f 134/132/87 138/133/87 137/134/87 133/135/87
f 133/135/88 137/134/88 136/136/88 132/137/88
f 132/137/89 136/136/89 135/138/89 131/139/89
f 138/133/90 142/140/90 141/141/90 137/134/90
f 137/134/91 141/141/91 140/142/91 136/136/91
f 136/136/92 140/142/92 139/143/92 135/138/92
f 142/140/93 147/144/93 146/145/93 141/141/93
f 141/141/94 146/145/94 145/146/94 140/142/94
f 140/142/95 145/146/95 144/147/95 139/143/95
f 147/144/96 151/148/96 150/149/96 146/145/96
f 146/145/97 150/149/97 149/150/97 145/146/97
f 145/146/98 149/150/98 148/151/98 144/147/98
f 151/148/99 155/152/99 154/153/99 150/149/99
f 150/149/100 154/153/100 153/154/100 149/150/100
f 149/150/101 153/154/101 152/155/101 148/151/101
f 155/152/102 159/156/102 158/157/102 154/153/102
f 154/153/103 158/157/103 157/158/103 153/154/103
f 153/154/104 157/158/104 156/159/104 152/155/104
f 159/156/105 163/160/105 162/161/105 158/157/105
f 158/157/151 162/161/151 161/162/151 157/158/151
f 157/158/156 161/162/156 160/163/156 156/159/156
f 163/160/108 167/164/108 166/165/108 162/161/108
f 162/161/109 166/165/109 165/166/109 161/162/109
f 161/162/110 165/166/110 164/167/110 160/163/110
f 167/164/111 171/168/111 170/169/111 166/165/111
f 166/165/112 170/169/112 169/170/112 165/166/112
f 165/166/113 169/170/113 168/171/113 164/167/113
f 171/168/114 175/172/114 174/173/114 170/169/114
f 170/169/152 174/173/152 173/174/152 169/170/152
f 169/170/116 173/174/116 172/175/116 168/171/116
f 175/172/117 179/176/117 178/177/117 174/173/117
f 174/173/118 178/177/118 177/178/118 173/174/118
f 173/174/119 177/178/119 176/179/119 172/175/119
f 179/176/120 183/180/120 182/181/120 178/177/120
f 178/177/121 182/181/121 181/182/121 177/178/121
f 177/178/122 181/182/122 180/183/122 176/179/122
f 183/180/123 187/184/123 186/185/123 182/181/123
f 182/181/124 186/185/124 185/186/124 181/182/124
f 181/182/125 185/186/125 184/187/125 180/183/125
f 187/184/126 191/188/126 190/189/126 186/185/126
f 186/185/127 190/189/127 189/190/127 185/186/127
f 185/186/128 189/190/128 188/191/128 184/187/128
f 191/188/129 195/192/129 194/193/129 190/189/129
f 190/189/130 194/193/130 193/194/130 189/190/130
f 189/190/131 193/194/131 192/195/131 188/191/131
f 143/196/157 138/133/157 134/132/157
f 143/196/133 142/140/133 138/133/133
f 143/196/134 147/144/134 142/140/134
f 143/196/135 151/148/135 147/144/135
f 143/196/136 155/152/136 151/148/136
f 143/196/137 159/156/137 155/152/137
f 143/196/138 163/160/138 159/156/138
f 143/196/139 167/164/139 163/160/139
f 143/196/140 171/168/140 167/164/140
f 143/196/141 175/172/141 171/168/141
f 143/196/142 179/176/142 175/172/142
f 143/196/143 183/180/143 179/176/143
f 143/196/144 187/184/144 183/180/144
f 143/196/145 191/188/145 187/184/145
f 143/196/146 195/192/146 191/188/146
f 143/196/158 134/132/158 195/192/158
f 195/192/148 134/132/148 133/135/148 194/193/148
f 194/193/149 133/135/149 132/137/149 193/194/149
f 193/194/150 132/137/150 131/139/150 192/195/150
f 199/197/87 203/198/87 202/199/87 198/200/87
f 198/200/88 202/199/88 201/201/88 197/202/88
f 197/202/89 201/201/89 200/203/89 196/204/89
f 203/198/90 207/205/90 206/206/90 202/199/90
f 202/199/91 206/206/91 205/207/91 201/201/91
f 201/201/92 205/207/92 204/208/92 200/203/92
f 207/205/93 212/209/93 211/210/93 206/206/93
f 206/206/94 211/210/94 210/211/94 205/207/94
f 205/207/95 210/211/95 209/212/95 204/208/95
f 212/209/96 216/213/96 215/214/96 211/210/96
f 211/210/97 215/214/97 214/215/97 210/211/97
f 210/211/98 214/215/98 213/216/98 209/212/98
f 216/213/99 220/217/99 219/218/99 215/214/99
f 215/214/100 219/218/100 218/219/100 214/215/100
f 214/215/101 218/219/101 217/220/101 213/216/101
f 220/217/102 224/221/102 223/222/102 219/218/102
f 219/218/103 223/222/103 222/223/103 218/219/103
f 218/219/104 222/223/104 221/224/104 217/220/104
f 224/221/105 228/225/105 227/226/105 223/222/105
f 223/222/151 227/226/151 226/227/151 222/223/151
f 222/223/107 226/227/107 225/228/107 221/224/107
f 228/225/108 232/229/108 231/230/108 227/226/108
f 227/226/109 231/230/109 230/231/109 226/227/109
f 226/227/110 230/231/110 229/232/110 225/228/110
f 232/229/111 236/233/111 235/234/111 231/230/111
f 231/230/112 235/234/112 234/235/112 230/231/112
f 230/231/113 234/235/113 233/236/113 229/232/113
f 236/233/114 240/237/114 239/238/114 235/234/114
f 235/234/152 239/238/152 238/239/152 234/235/152
f 234/235/116 238/239/116 237/240/116 233/236/116
f 240/237/117 244/241/117 243/242/117 239/238/117
f 239/238/118 243/242/118 242/243/118 238/239/118
f 238/239/119 242/243/119 241/244/119 237/240/119
f 244/241/120 248/245/120 247/246/120 243/242/120
f 243/242/121 247/246/121 246/247/121 242/243/121
f 242/243/122 246/247/122 245/248/122 241/244/122
f 248/245/123 252/249/123 251/250/123 247/246/123
f 247/246/124 251/250/124 250/251/124 246/247/124
f 246/247/125 250/251/125 249/252/125 245/248/125
f 252/249/126 256/253/126 255/254/126 251/250/126
f 251/250/127 255/254/127 254/255/127 250/251/127
f 250/251/128 254/255/128 253/256/128 249/252/128
f 256/253/129 260/257/129 259/258/129 255/254/129
f 255/254/130 259/258/130 258/259/130 254/255/130
f 254/255/131 258/259/131 257/260/131 253/256/131
f 208/261/132 203/198/132 199/197/132
f 208/261/133 207/205/133 203/198/133
f 208/261/134 212/209/134 207/205/134
f 208/261/135 216/213/135 212/209/135
f 208/261/136 220/217/136 216/213/136
f 208/261/137 224/221/137 220/217/137
f 208/261/138 228/225/138 224/221/138
f 208/261/139 232/229/139 228/225/139
f 208/261/140 236/233/140 232/229/140
f 208/261/141 240/237/141 236/233/141
f 208/261/142 244/241/142 240/237/142
f 208/261/143 248/245/143 244/241/143
f 208/261/155 252/249/155 248/245/155
f 208/261/145 256/253/145 252/249/145
f 208/261/146 260/257/146 256/253/146
f 208/261/147 199/197/147 260/257/147
f 260/257/148 199/197/148 198/200/148 259/258/148
f 259/258/149 198/200/149 197/202/149 258/259/149
f 258/259/150 197/202/150 196/204/150 257/260/150
f 264/262/87 268/263/87 267/264/87 263/265/87
f 263/265/88 267/264/88 266/266/88 262/267/88
f 262/267/89 266/266/89 265/268/89 261/269/89
f 268/263/90 272/270/90 271/271/90 267/264/90
f 267/264/91 271/271/91 270/272/91 266/266/91
f 266/266/92 270/272/92 269/273/92 265/268/92
f 272/270/93 277/274/93 276/275/93 271/271/93
f 271/271/94 276/275/94 275/276/94 270/272/94
f 270/272/95 275/276/95 274/277/95 269/273/95
f 277/274/96 281/278/96 280/279/96 276/275/96
f 276/275/97 280/279/97 279/280/97 275/276/97
f 275/276/98 279/280/98 278/281/98 274/277/98
f 281/278/99 285/282/99 284/283/99 280/279/99
f 280/279/100 284/283/100 283/284/100 279/280/100
f 279/280/101 283/284/101 282/285/101 278/281/101
f 285/282/102 289/286/102 288/287/102 284/283/102
f 284/283/103 288/287/103 287/288/103 283/284/103
f 283/284/104 287/288/104 286/289/104 282/285/104
f 289/286/105 293/290/105 292/291/105 288/287/105
f 288/287/151 292/291/151 291/292/151 287/288/151
f 287/288/107 291/292/107 290/293/107 286/289/107
f 293/290/108 297/294/108 296/295/108 292/291/108
f 292/291/109 296/295/109 295/296/109 291/292/109
f 291/292/110 295/296/110 294/297/110 290/293/110
f 297/294/111 301/298/111 300/299/111 296/295/111
f 296/295/112 300/299/112 299/300/112 295/296/112
f 295/296/113 299/300/113 298/301/113 294/297/113
f 301/298/114 305/302/114 304/303/114 300/299/114
f 300/299/152 304/303/152 303/304/152 299/300/152
f 299/300/116 303/304/116 302/305/116 298/301/116
f 305/302/117 309/306/117 308/307/117 304/303/117
f 304/303/118 308/307/118 307/308/118 303/304/118
f 303/304/119 307/308/119 306/309/119 302/305/119
f 309/306/120 313/310/120 312/311/120 308/307/120
f 308/307/121 312/311/121 311/312/121 307/308/121
f 307/308/122 311/312/122 310/313/122 306/309/122
f 313/310/153 317/314/153 316/315/153 312/311/153
f 312/311/124 316/315/124 315/316/124 311/312/124
f 311/312/125 315/316/125 314/317/125 310/313/125
f 317/314/126 321/318/126 320/319/126 316/315/126
f 316/315/127 320/319/127 319/320/127 315/316/127
f 315/316/128 319/320/128 318/321/128 314/317/128
f 321/318/129 325/322/129 324/323/129 320/319/129
f 320/319/130 324/323/130 323/324/130 319/320/130
f 319/320/131 323/324/131 322/325/131 318/321/131
f 273/326/157 268/263/157 264/262/157
f 273/326/133 272/270/133 268/263/133
f 273/326/134 277/274/134 272/270/134
f 273/326/154 281/278/154 277/274/154
f 273/326/136 285/282/136 281/278/136
f 273/326/137 289/286/137 285/282/137
f 273/326/138 293/290/138 289/286/138
f 273/326/139 297/294/139 293/290/139
f 273/326/140 301/298/140 297/294/140
f 273/326/141 305/302/141 301/298/141
f 273/326/142 309/306/142 305/302/142
f 273/326/143 313/310/143 309/306/143
f 273/326/155 317/314/155 313/310/155
f 273/326/145 321/318/145 317/314/145
f 273/326/146 325/322/146 321/318/146
f 273/326/158 264/262/158 325/322/158
f 325/322/148 264/262/148 263/265/148 324/323/148
f 324/323/149 263/265/149 262/267/149 323/324/149
f 323/324/150 262/267/150 261/269/150 322/325/150
f 329/327/87 333/328/87 332/329/87 328/330/87
f 328/330/88 332/329/88 331/331/88 327/332/88
f 327/332/89 331/331/89 330/333/89 326/334/89
f 333/328/90 337/335/90 336/336/90 332/329/90
f 332/329/91 336/336/91 335/337/91 331/331/91
f 331/331/92 335/337/92 334/338/92 330/333/92
f 337/335/93 342/339/93 341/340/93 336/336/93
f 336/336/94 341/340/94 340/341/94 335/337/94
f 335/337/95 340/341/95 339/342/95 334/338/95
f 342/339/96 346/343/96 345/344/96 341/340/96
f 341/340/97 345/344/97 344/345/97 340/341/97
f 340/341/98 344/345/98 343/346/98 339/342/98
f 346/343/99 350/347/99 349/348/99 345/344/99
f 345/344/100 349/348/100 348/349/100 344/345/100
f 344/345/101 348/349/101 347/350/101 343/346/101
f 350/347/102 354/351/102 353/352/102 349/348/102
f 349/348/103 353/352/103 352/353/103 348/349/103
f 348/349/104 352/353/104 351/354/104 347/350/104
f 354/351/105 358/355/105 357/356/105 353/352/105
f 353/352/106 357/356/106 356/357/106 352/353/106
f 352/353/156 356/357/156 355/358/156 351/354/156
f 358/355/108 362/359/108 361/360/108 357/356/108
f 357/356/109 361/360/109 360/361/109 356/357/109
f 356/357/110 360/361/110 359/362/110 355/358/110
f 362/359/111 366/363/111 365/364/111 361/360/111
f 361/360/112 365/364/112 364/365/112 360/361/112
f 360/361/113 364/365/113 363/366/113 359/362/113
f 366/363/114 370/367/114 369/368/114 365/364/114
f 365/364/115 369/368/115 368/369/115 364/365/115
f 364/365/116 368/369/116 367/370/116 363/366/116
f 370/367/117 374/371/117 373/372/117 369/368/117
f 369/368/118 373/372/118 372/373/118 368/369/118
f 368/369/119 372/373/119 371/374/119 367/370/119
f 374/371/120 378/375/120 377/376/120 373/372/120
f 373/372/121 377/376/121 376/377/121 372/373/121
f 372/373/122 376/377/122 375/378/122 371/374/122
f 378/375/123 382/379/123 381/380/123 377/376/123
f 377/376/124 381/380/124 380/381/124 376/377/124
f 376/377/125 380/381/125 379/382/125 375/378/125
f 382/379/126 386/383/126 385/384/126 381/380/126
f 381/380/127 385/384/127 384/385/127 380/381/127
f 380/381/128 384/385/128 383/386/128 379/382/128
f 386/383/129 390/387/129 389/388/129 385/384/129
f 385/384/130 389/388/130 388/389/130 384/385/130
f 384/385/131 388/389/131 387/390/131 383/386/131
f 338/391/157 333/328/157 329/327/157
f 338/391/133 337/335/133 333/328/133
f 338/391/134 342/339/134 337/335/134
f 338/391/154 346/343/154 342/339/154
f 338/391/136 350/347/136 346/343/136
f 338/391/137 354/351/137 350/347/137
f 338/391/138 358/355/138 354/351/138
f 338/391/139 362/359/139 358/355/139
f 338/391/140 366/363/140 362/359/140
f 338/391/141 370/367/141 366/363/141
f 338/391/142 374/371/142 370/367/142
f 338/391/143 378/375/143 374/371/143
f 338/391/155 382/379/155 378/375/155
f 338/391/145 386/383/145 382/379/145
f 338/391/146 390/387/146 386/383/146
f 338/391/158 329/327/158 390/387/158
f 390/387/148 329/327/148 328/330/148 389/388/148
f 389/388/149 328/330/149 327/332/149 388/389/149
f 388/389/150 327/332/150 326/334/150 387/390/150
f 490/392/159 494/393/159 493/394/159 489/395/159
f 489/395/160 493/394/160 492/396/160 488/397/160
f 488/397/161 492/396/161 491/398/161 487/399/161
f 494/393/162 498/400/162 497/401/162 493/394/162
f 493/394/163 497/401/163 496/402/163 492/396/163
f 492/396/164 496/402/164 495/403/164 491/398/164
f 498/400/165 503/404/165 502/405/165 497/401/165
f 497/401/166 502/405/166 501/406/166 496/402/166
f 496/402/167 501/406/167 500/407/167 495/403/167
f 503/404/168 507/408/168 506/409/168 502/405/168
f 502/405/169 506/409/169 505/410/169 501/406/169
f 501/406/170 505/410/170 504/411/170 500/407/170
f 507/408/171 511/412/171 510/413/171 506/409/171
f 506/409/172 510/413/172 509/414/172 505/410/172
f 505/410/173 509/414/173 508/415/173 504/411/173
f 511/412/174 515/416/174 514/417/174 510/413/174
f 510/413/175 514/417/175 513/418/175 509/414/175
f 509/414/176 513/418/176 512/419/176 508/415/176
f 515/416/177 519/420/177 518/421/177 514/417/177
f 514/417/178 518/421/178 517/422/178 513/418/178
f 513/418/179 517/422/179 516/423/179 512/419/179
f 519/420/180 523/424/180 522/425/180 518/421/180
f 518/421/181 522/425/181 521/426/181 517/422/181
f 517/422/182 521/426/182 520/427/182 516/423/182
f 523/424/183 527/428/183 526/429/183 522/425/183
f 522/425/184 526/429/184 525/430/184 521/426/184
f 521/426/185 525/430/185 524/431/185 520/427/185
f 527/428/186 531/432/186 530/433/186 526/429/186
f 526/429/187 530/433/187 529/434/187 525/430/187
f 525/430/188 529/434/188 528/435/188 524/431/188
f 531/432/189 535/436/189 534/437/189 530/433/189
f 530/433/190 534/437/190 533/438/190 529/434/190
f 529/434/191 533/438/191 532/439/191 528/435/191
f 535/436/192 539/440/192 538/441/192 534/437/192
f 534/437/193 538/441/193 537/442/193 533/438/193
f 533/438/194 537/442/194 536/443/194 532/439/194
f 539/440/195 543/444/195 542/445/195 538/441/195
f 538/441/196 542/445/196 541/446/196 537/442/196
f 537/442/197 541/446/197 540/447/197 536/443/197
f 543/444/198 547/448/198 546/449/198 542/445/198
f 542/445/199 546/449/199 545/450/199 541/446/199
f 541/446/200 545/450/200 544/451/200 540/447/200
f 547/448/201 551/452/201 550/453/201 546/449/201
f 546/449/202 550/453/202 549/454/202 545/450/202
f 545/450/203 549/454/203 548/455/203 544/451/203
f 499/456/204 494/393/204 490/392/204
f 499/456/205 498/400/205 494/393/205
f 499/456/206 503/404/206 498/400/206
f 499/456/207 507/408/207 503/404/207
f 499/456/208 511/412/208 507/408/208
f 499/456/209 515/416/209 511/412/209
f 499/456/210 519/420/210 515/416/210
f 499/456/211 523/424/211 519/420/211
f 499/456/212 527/428/212 523/424/212
f 499/456/213 531/432/213 527/428/213
f 499/456/214 535/436/214 531/432/214
f 499/456/215 539/440/215 535/436/215
f 499/456/216 543/444/216 539/440/216
f 499/456/217 547/448/217 543/444/217
f 499/456/218 551/452/218 547/448/218
f 499/456/219 490/392/219 551/452/219
f 551/452/220 490/392/220 489/395/220 550/453/220
f 550/453/221 489/395/221 488/397/221 549/454/221
f 549/454/222 488/397/222 487/399/222 548/455/222
f 571/457/223 575/458/223 574/459/223 570/460/223
f 570/460/224 574/459/224 573/461/224 569/462/224
f 569/462/225 573/461/225 572/463/225 568/464/225
f 575/458/226 579/465/226 578/466/226 574/459/226
f 574/459/227 578/466/227 577/467/227 573/461/227
f 573/461/228 577/467/228 576/468/228 572/463/228
f 579/465/229 584/469/229 583/470/229 578/466/229
f 578/466/230 583/470/230 582/471/230 577/467/230
f 577/467/231 582/471/231 581/472/231 576/468/231
f 584/469/232 588/473/232 587/474/232 583/470/232
f 583/470/233 587/474/233 586/475/233 582/471/233
f 582/471/234 586/475/234 585/476/234 581/472/234
f 588/473/235 592/477/235 591/478/235 587/474/235
f 587/474/236 591/478/236 590/479/236 586/475/236
f 586/475/237 590/479/237 589/480/237 585/476/237
f 592/477/238 596/481/238 595/482/238 591/478/238
f 591/478/239 595/482/239 594/483/239 590/479/239
f 590/479/240 594/483/240 593/484/240 589/480/240
f 596/481/241 600/485/241 599/486/241 595/482/241
f 595/482/242 599/486/242 598/487/242 594/483/242
f 594/483/243 598/487/243 597/488/243 593/484/243
f 600/485/244 604/489/244 603/490/244 599/486/244
f 599/486/245 603/490/245 602/491/245 598/487/245
f 598/487/246 602/491/246 601/492/246 597/488/246
f 604/489/247 608/493/247 607/494/247 603/490/247
f 603/490/248 607/494/248 606/495/248 602/491/248
f 602/491/249 606/495/249 605/496/249 601/492/249
f 608/493/250 612/497/250 611/498/250 607/494/250
f 607/494/251 611/498/251 610/499/251 606/495/251
f 606/495/252 610/499/252 609/500/252 605/496/252
f 612/497/253 616/501/253 615/502/253 611/498/253
f 611/498/254 615/502/254 614/503/254 610/499/254
f 610/499/255 614/503/255 613/504/255 609/500/255
f 616/501/256 620/505/256 619/506/256 615/502/256
f 615/502/257 619/506/257 618/507/257 614/503/257
f 614/503/258 618/507/258 617/508/258 613/504/258
f 620/505/259 624/509/259 623/510/259 619/506/259
f 619/506/260 623/510/260 622/511/260 618/507/260
f 618/507/261 622/511/261 621/512/261 617/508/261
f 624/509/262 628/513/262 627/514/262 623/510/262
f 623/510/263 627/514/263 626/515/263 622/511/263
f 622/511/264 626/515/264 625/516/264 621/512/264
f 628/513/265 632/517/265 631/518/265 627/514/265
f 627/514/266 631/518/266 630/519/266 626/515/266
f 626/515/267 630/519/267 629/520/267 625/516/267
f 580/521/268 575/458/268 571/457/268
f 580/521/269 579/465/269 575/458/269
f 580/521/270 584/469/270 579/465/270
f 580/521/271 588/473/271 584/469/271
f 580/521/272 592/477/272 588/473/272
f 580/521/273 596/481/273 592/477/273
f 580/521/274 600/485/274 596/481/274
f 580/521/275 604/489/275 600/485/275
f 580/521/276 608/493/276 604/489/276
f 580/521/277 612/497/277 608/493/277
f 580/521/278 616/501/278 612/497/278
f 580/521/279 620/505/279 616/501/279
f 580/521/280 624/509/280 620/505/280
f 580/521/281 628/513/281 624/509/281
f 580/521/282 632/517/282 628/513/282
f 580/521/283 571/457/283 632/517/283
f 632/517/284 571/457/284 570/460/284 631/518/284
f 631/518/285 570/460/285 569/462/285 630/519/285
f 630/519/286 569/462/286 568/464/286 629/520/286
f 636/522/223 640/523/223 639/524/223 635/525/223
f 635/525/224 639/524/224 638/526/224 634/527/224
f 634/527/225 638/526/225 637/528/225 633/529/225
f 640/523/226 644/530/226 643/531/226 639/524/226
f 639/524/227 643/531/227 642/532/227 638/526/227
f 638/526/228 642/532/228 641/533/228 637/528/228
f 644/530/229 649/534/229 648/535/229 643/531/229
f 643/531/230 648/535/230 647/536/230 642/532/230
f 642/532/231 647/536/231 646/537/231 641/533/231
f 649/534/232 653/538/232 652/539/232 648/535/232
f 648/535/233 652/539/233 651/540/233 647/536/233
f 647/536/234 651/540/234 650/541/234 646/537/234
f 653/538/235 657/542/235 656/543/235 652/539/235
f 652/539/236 656/543/236 655/544/236 651/540/236
f 651/540/237 655/544/237 654/545/237 650/541/237
f 657/542/238 661/546/238 660/547/238 656/543/238
f 656/543/239 660/547/239 659/548/239 655/544/239
f 655/544/240 659/548/240 658/549/240 654/545/240
f 661/546/241 665/550/241 664/551/241 660/547/241
f 660/547/242 664/551/242 663/552/242 659/548/242
f 659/548/243 663/552/243 662/553/243 658/549/243
f 665/550/244 669/554/244 668/555/244 664/551/244
f 664/551/245 668/555/245 667/556/245 663/552/245
f 663/552/246 667/556/246 666/557/246 662/553/246
f 669/554/247 673/558/247 672/559/247 668/555/247
f 668/555/248 672/559/248 671/560/248 667/556/248
f 667/556/249 671/560/249 670/561/249 666/557/249
f 673/558/250 677/562/250 676/563/250 672/559/250
f 672/559/251 676/563/251 675/564/251 671/560/251
f 671/560/252 675/564/252 674/565/252 670/561/252
f 677/562/253 681/566/253 680/567/253 676/563/253
f 676/563/254 680/567/254 679/568/254 675/564/254
f 675/564/255 679/568/255 678/569/255 674/565/255
f 681/566/256 685/570/256 684/571/256 680/567/256
f 680/567/257 684/571/257 683/572/257 679/568/257
f 679/568/258 683/572/258 682/573/258 678/569/258
f 685/570/259 689/574/259 688/575/259 684/571/259
f 684/571/260 688/575/260 687/576/260 683/572/260
f 683/572/261 687/576/261 686/577/261 682/573/261
f 689/574/262 693/578/262 692/579/262 688/575/262
f 688/575/263 692/579/263 691/580/263 687/576/263
f 687/576/264 691/580/264 690/581/264 686/577/264
f 693/578/265 697/582/265 696/583/265 692/579/265
f 692/579/266 696/583/266 695/584/266 691/580/266
f 691/580/267 695/584/267 694/585/267 690/581/267
f 645/586/287 640/523/287 636/522/287
f 645/586/269 644/530/269 640/523/269
f 645/586/270 649/534/270 644/530/270
f 645/586/271 653/538/271 649/534/271
f 645/586/272 657/542/272 653/538/272
f 645/586/273 661/546/273 657/542/273
f 645/586/274 665/550/274 661/546/274
f 645/586/275 669/554/275 665/550/275
f 645/586/276 673/558/276 669/554/276
f 645/586/277 677/562/277 673/558/277
f 645/586/278 681/566/278 677/562/278
f 645/586/279 685/570/279 681/566/279
f 645/586/280 689/574/280 685/570/280
f 645/586/281 693/578/281 689/574/281
f 645/586/282 697/582/282 693/578/282
f 645/586/288 636/522/288 697/582/288
f 697/582/284 636/522/284 635/525/284 696/583/284
f 696/583/285 635/525/285 634/527/285 695/584/285
f 695/584/286 634/527/286 633/529/286 694/585/286
f 701/587/223 705/588/223 704/589/223 700/590/223
f 700/590/224 704/589/224 703/591/224 699/267/224
f 699/267/225 703/591/225 702/592/225 698/593/225
f 705/588/226 709/594/226 708/595/226 704/589/226
f 704/589/227 708/595/227 707/596/227 703/591/227
f 703/591/228 707/596/228 706/597/228 702/592/228
f 709/594/229 714/598/229 713/599/229 708/595/229
f 708/595/230 713/599/230 712/600/230 707/596/230
f 707/596/231 712/600/231 711/601/231 706/597/231
f 714/598/232 718/602/232 717/603/232 713/599/232
f 713/599/233 717/603/233 716/604/233 712/600/233
f 712/600/234 716/604/234 715/605/234 711/601/234
f 718/602/235 722/606/235 721/607/235 717/603/235
f 717/603/236 721/607/236 720/608/236 716/604/236
f 716/604/289 720/608/289 719/609/289 715/605/289
f 722/606/238 726/610/238 725/611/238 721/607/238
f 721/607/239 725/611/239 724/612/239 720/608/239
f 720/608/240 724/612/240 723/613/240 719/609/240
f 726/610/241 730/614/241 729/615/241 725/611/241
f 725/611/242 729/615/242 728/616/242 724/612/242
f 724/612/243 728/616/243 727/617/243 723/613/243
f 730/614/244 734/618/244 733/619/244 729/615/244
f 729/615/245 733/619/245 732/620/245 728/616/245
f 728/616/246 732/620/246 731/621/246 727/617/246
f 734/618/247 738/622/247 737/623/247 733/619/247
f 733/619/248 737/623/248 736/624/248 732/620/248
f 732/620/249 736/624/249 735/625/249 731/621/249
f 738/622/250 742/626/250 741/627/250 737/623/250
f 737/623/251 741/627/251 740/628/251 736/624/251
f 736/624/252 740/628/252 739/629/252 735/625/252
f 742/626/253 746/306/253 745/630/253 741/627/253
f 741/627/254 745/630/254 744/631/254 740/628/254
f 740/628/255 744/631/255 743/632/255 739/629/255
f 746/306/256 750/633/256 749/634/256 745/630/256
f 745/630/257 749/634/257 748/635/257 744/631/257
f 744/631/258 748/635/258 747/636/258 743/632/258
f 750/633/259 754/314/259 753/637/259 749/634/259
f 749/634/260 753/637/260 752/638/260 748/635/260
f 748/635/261 752/638/261 751/639/261 747/636/261
f 754/314/262 758/318/262 757/640/262 753/637/262
f 753/637/263 757/640/263 756/641/263 752/638/263
f 752/638/264 756/641/264 755/642/264 751/639/264
f 758/318/265 762/643/265 761/644/265 757/640/265
f 757/640/266 761/644/266 760/645/266 756/641/266
f 756/641/267 760/645/267 759/646/267 755/642/267
f 710/647/287 705/588/287 701/587/287
f 710/647/269 709/594/269 705/588/269
f 710/647/270 714/598/270 709/594/270
f 710/647/290 718/602/290 714/598/290
f 710/647/272 722/606/272 718/602/272
f 710/647/273 726/610/273 722/606/273
f 710/647/274 730/614/274 726/610/274
f 710/647/275 734/618/275 730/614/275
f 710/647/276 738/622/276 734/618/276
f 710/647/277 742/626/277 738/622/277
f 710/647/278 746/306/278 742/626/278
f 710/647/279 750/633/279 746/306/279
f 710/647/291 754/314/291 750/633/291
f 710/647/281 758/318/281 754/314/281
f 710/647/282 762/643/282 758/318/282
f 710/647/288 701/587/288 762/643/288
f 762/643/284 701/587/284 700/590/284 761/644/284
f 761/644/285 700/590/285 699/267/285 760/645/285
f 760/645/286 699/267/286 698/593/286 759/646/286
f 766/648/223 770/649/223 769/650/223 765/651/223
f 765/651/224 769/650/224 768/652/224 764/653/224
f 764/653/225 768/652/225 767/654/225 763/655/225
f 770/649/226 774/656/226 773/657/226 769/650/226
f 769/650/227 773/657/227 772/658/227 768/652/227
f 768/652/228 772/658/228 771/659/228 767/654/228
f 774/656/229 779/660/229 778/661/229 773/657/229
f 773/657/230 778/661/230 777/662/230 772/658/230
f 772/658/231 777/662/231 776/663/231 771/659/231
f 779/660/232 783/664/232 782/665/232 778/661/232
f 778/661/233 782/665/233 781/666/233 777/662/233
f 777/662/234 781/666/234 780/667/234 776/663/234
f 783/664/235 787/668/235 786/669/235 782/665/235
f 782/665/236 786/669/236 785/670/236 781/666/236
f 781/666/237 785/670/237 784/671/237 780/667/237
f 787/668/238 791/672/238 790/673/238 786/669/238
f 786/669/239 790/673/239 789/674/239 785/670/239
f 785/670/240 789/674/240 788/675/240 784/671/240
f 791/672/241 795/676/241 794/677/241 790/673/241
f 790/673/242 794/677/242 793/678/242 789/674/242
f 789/674/243 793/678/243 792/679/243 788/675/243
f 795/676/244 799/680/244 798/681/244 794/677/244
f 794/677/245 798/681/245 797/682/245 793/678/245
f 793/678/246 797/682/246 796/683/246 792/679/246
f 799/680/247 803/684/247 802/685/247 798/681/247
f 798/681/248 802/685/248 801/686/248 797/682/248
f 797/682/249 801/686/249 800/687/249 796/683/249
f 803/684/250 807/688/250 806/689/250 802/685/250
f 802/685/251 806/689/251 805/690/251 801/686/251
f 801/686/252 805/690/252 804/691/252 800/687/252
f 807/688/253 811/692/253 810/693/253 806/689/253
f 806/689/254 810/693/254 809/694/254 805/690/254
f 805/690/255 809/694/255 808/695/255 804/691/255
f 811/692/256 815/696/256 814/697/256 810/693/256
f 810/693/257 814/697/257 813/698/257 809/694/257
f 809/694/292 813/698/292 812/699/292 808/695/292
f 815/696/259 819/700/259 818/701/259 814/697/259
f 814/697/260 818/701/260 817/702/260 813/698/260
f 813/698/261 817/702/261 816/703/261 812/699/261
f 819/700/262 823/704/262 822/705/262 818/701/262
f 818/701/263 822/705/263 821/706/263 817/702/263
f 817/702/264 821/706/264 820/707/264 816/703/264
f 823/704/265 827/708/265 826/709/265 822/705/265
f 822/705/266 826/709/266 825/710/266 821/706/266
f 821/706/267 825/710/267 824/711/267 820/707/267
f 775/712/287 770/649/287 766/648/287
f 775/712/269 774/656/269 770/649/269
f 775/712/270 779/660/270 774/656/270
f 775/712/271 783/664/271 779/660/271
f 775/712/272 787/668/272 783/664/272
f 775/712/273 791/672/273 787/668/273
f 775/712/274 795/676/274 791/672/274
f 775/712/275 799/680/275 795/676/275
f 775/712/276 803/684/276 799/680/276
f 775/712/277 807/688/277 803/684/277
f 775/712/278 811/692/278 807/688/278
f 775/712/279 815/696/279 811/692/279
f 775/712/280 819/700/280 815/696/280
f 775/712/281 823/704/281 819/700/281
f 775/712/282 827/708/282 823/704/282
f 775/712/288 766/648/288 827/708/288
f 827/708/284 766/648/284 765/651/284 826/709/284
f 826/709/285 765/651/285 764/653/285 825/710/285
f 825/710/286 764/653/286 763/655/286 824/711/286
f 831/713/223 835/714/223 834/715/223 830/716/223
f 830/716/224 834/715/224 833/717/224 829/718/224
f 829/718/225 833/717/225 832/719/225 828/720/225
f 835/714/226 839/721/226 838/722/226 834/715/226
f 834/715/227 838/722/227 837/723/227 833/717/227
f 833/717/228 837/723/228 836/724/228 832/719/228
f 839/721/229 844/725/229 843/726/229 838/722/229
f 838/722/230 843/726/230 842/727/230 837/723/230
f 837/723/231 842/727/231 841/728/231 836/724/231
f 844/725/232 848/729/232 847/730/232 843/726/232
f 843/726/233 847/730/233 846/731/233 842/727/233
f 842/727/234 846/731/234 845/732/234 841/728/234
f 848/729/235 852/733/235 851/734/235 847/730/235
f 847/730/236 851/734/236 850/735/236 846/731/236
f 846/731/237 850/735/237 849/736/237 845/732/237
f 852/733/238 856/737/238 855/738/238 851/734/238
f 851/734/239 855/738/239 854/739/239 850/735/239
f 850/735/240 854/739/240 853/740/240 849/736/240
f 856/737/241 860/741/241 859/742/241 855/738/241
f 855/738/242 859/742/242 858/743/242 854/739/242
f 854/739/243 858/743/243 857/744/243 853/740/243
f 860/741/244 864/745/244 863/746/244 859/742/244
f 859/742/245 863/746/245 862/747/245 858/743/245
f 858/743/246 862/747/246 861/748/246 857/744/246
f 864/745/247 868/749/247 867/750/247 863/746/247
f 863/746/248 867/750/248 866/751/248 862/747/248
f 862/747/249 866/751/249 865/752/249 861/748/249
f 868/749/250 872/753/250 871/754/250 867/750/250
f 867/750/251 871/754/251 870/755/251 866/751/251
f 866/751/252 870/755/252 869/756/252 865/752/252
f 872/753/253 876/757/253 875/758/253 871/754/253
f 871/754/254 875/758/254 874/759/254 870/755/254
f 870/755/255 874/759/255 873/760/255 869/756/255
f 876/757/256 880/761/256 879/762/256 875/758/256
f 875/758/257 879/762/257 878/763/257 874/759/257
f 874/759/258 878/763/258 877/764/258 873/760/258
f 880/761/259 884/765/259 883/766/259 879/762/259
f 879/762/260 883/766/260 882/767/260 878/763/260
f 878/763/261 882/767/261 881/768/261 877/764/261
f 884/765/262 888/769/262 887/770/262 883/766/262
f 883/766/263 887/770/263 886/771/263 882/767/263
f 882/767/264 886/771/264 885/772/264 881/768/264
f 888/769/265 892/773/265 891/774/265 887/770/265
f 887/770/266 891/774/266 890/775/266 886/771/266
f 886/771/267 890/775/267 889/776/267 885/772/267
f 840/777/287 835/714/287 831/713/287
f 840/777/269 839/721/269 835/714/269
f 840/777/270 844/725/270 839/721/270
f 840/777/271 848/729/271 844/725/271
f 840/777/272 852/733/272 848/729/272
f 840/777/273 856/737/273 852/733/273
f 840/777/274 860/741/274 856/737/274
f 840/777/275 864/745/275 860/741/275
f 840/777/276 868/749/276 864/745/276
f 840/777/277 872/753/277 868/749/277
f 840/777/278 876/757/278 872/753/278
f 840/777/279 880/761/279 876/757/279
f 840/777/280 884/765/280 880/761/280
f 840/777/281 888/769/281 884/765/281
f 840/777/282 892/773/282 888/769/282
f 840/777/288 831/713/288 892/773/288
f 892/773/284 831/713/284 830/716/284 891/774/284
f 891/774/285 830/716/285 829/718/285 890/775/285
f 890/775/286 829/718/286 828/720/286 889/776/286
f 976/778/293 980/779/293 979/780/293 975/781/293
f 975/781/294 979/780/294 978/782/294 974/783/294
f 974/783/295 978/782/295 977/784/295 973/785/295
f 980/779/296 984/786/296 983/787/296 979/780/296
f 979/780/297 983/787/297 982/788/297 978/782/297
f 978/782/298 982/788/298 981/789/298 977/784/298
f 984/786/299 989/790/299 988/791/299 983/787/299
f 983/787/300 988/791/300 987/792/300 982/788/300
f 982/788/301 987/792/301 986/793/301 981/789/301
f 989/790/302 993/794/302 992/795/302 988/791/302
f 988/791/303 992/795/303 991/796/303 987/792/303
f 987/792/304 991/796/304 990/797/304 986/793/304
f 993/794/305 997/798/305 996/799/305 992/795/305
f 992/795/306 996/799/306 995/800/306 991/796/306
f 991/796/307 995/800/307 994/801/307 990/797/307
f 997/798/308 1001/802/308 1000/803/308 996/799/308
f 996/799/309 1000/803/309 999/804/309 995/800/309
f 995/800/310 999/804/310 998/805/310 994/801/310
f 1001/802/311 1005/806/311 1004/807/311 1000/803/311
f 1000/803/312 1004/807/312 1003/808/312 999/804/312
f 999/804/313 1003/808/313 1002/809/313 998/805/313
f 1005/806/314 1009/810/314 1008/811/314 1004/807/314
f 1004/807/315 1008/811/315 1007/812/315 1003/808/315
f 1003/808/316 1007/812/316 1006/813/316 1002/809/316
f 1009/810/317 1013/814/317 1012/815/317 1008/811/317
f 1008/811/318 1012/815/318 1011/816/318 1007/812/318
f 1007/812/319 1011/816/319 1010/817/319 1006/813/319
f 1013/814/320 1017/818/320 1016/819/320 1012/815/320
f 1012/815/321 1016/819/321 1015/820/321 1011/816/321
f 1011/816/322 1015/820/322 1014/821/322 1010/817/322
f 1017/818/323 1021/822/323 1020/823/323 1016/819/323
f 1016/819/324 1020/823/324 1019/824/324 1015/820/324
f 1015/820/325 1019/824/325 1018/825/325 1014/821/325
f 1021/822/326 1025/826/326 1024/827/326 1020/823/326
f 1020/823/327 1024/827/327 1023/828/327 1019/824/327
f 1019/824/328 1023/828/328 1022/829/328 1018/825/328
f 1025/826/329 1029/830/329 1028/831/329 1024/827/329
f 1024/827/330 1028/831/330 1027/832/330 1023/828/330
f 1023/828/331 1027/832/331 1026/833/331 1022/829/331
f 1029/830/332 1033/834/332 1032/835/332 1028/831/332
f 1028/831/333 1032/835/333 1031/836/333 1027/832/333
f 1027/832/334 1031/836/334 1030/837/334 1026/833/334
f 1033/834/335 1037/838/335 1036/839/335 1032/835/335
f 1032/835/336 1036/839/336 1035/840/336 1031/836/336
f 1031/836/337 1035/840/337 1034/841/337 1030/837/337
f 985/842/338 980/779/338 976/778/338
f 985/842/339 984/786/339 980/779/339
f 985/842/340 989/790/340 984/786/340
f 985/842/341 993/794/341 989/790/341
f 985/842/342 997/798/342 993/794/342
f 985/842/343 1001/802/343 997/798/343
f 985/842/344 1005/806/344 1001/802/344
f 985/842/345 1009/810/345 1005/806/345
f 985/842/346 1013/814/346 1009/810/346
f 985/842/347 1017/818/347 1013/814/347
f 985/842/348 1021/822/348 1017/818/348
f 985/842/349 1025/826/349 1021/822/349
f 985/842/350 1029/830/350 1025/826/350
f 985/842/351 1033/834/351 1029/830/351
f 985/842/352 1037/838/352 1033/834/352
f 985/842/353 976/778/353 1037/838/353
f 1037/838/354 976/778/354 975/781/354 1036/839/354
f 1036/839/355 975/781/355 974/783/355 1035/840/355
f 1035/840/356 974/783/356 973/785/356 1034/841/356
f 1041/843/293 1045/844/293 1044/845/293 1040/846/293
f 1040/846/294 1044/845/294 1043/847/294 1039/848/294
f 1039/848/295 1043/847/295 1042/849/295 1038/850/295
f 1045/844/296 1049/851/296 1048/852/296 1044/845/296
f 1044/845/297 1048/852/297 1047/853/297 1043/847/297
f 1043/847/298 1047/853/298 1046/854/298 1042/849/298
f 1049/851/299 1054/855/299 1053/856/299 1048/852/299
f 1048/852/300 1053/856/300 1052/857/300 1047/853/300
f 1047/853/301 1052/857/301 1051/858/301 1046/854/301
f 1054/855/302 1058/859/302 1057/860/302 1053/856/302
f 1053/856/303 1057/860/303 1056/861/303 1052/857/303
f 1052/857/304 1056/861/304 1055/862/304 1051/858/304
f 1058/859/305 1062/863/305 1061/864/305 1057/860/305
f 1057/860/306 1061/864/306 1060/865/306 1056/861/306
f 1056/861/307 1060/865/307 1059/866/307 1055/862/307
f 1062/863/308 1066/867/308 1065/868/308 1061/864/308
f 1061/864/309 1065/868/309 1064/869/309 1060/865/309
f 1060/865/310 1064/869/310 1063/870/310 1059/866/310
f 1066/867/311 1070/871/311 1069/872/311 1065/868/311
f 1065/868/312 1069/872/312 1068/873/312 1064/869/312
f 1064/869/313 1068/873/313 1067/874/313 1063/870/313
f 1070/871/314 1074/875/314 1073/876/314 1069/872/314
f 1069/872/315 1073/876/315 1072/877/315 1068/873/315
f 1068/873/316 1072/877/316 1071/878/316 1067/874/316
f 1074/875/317 1078/879/317 1077/880/317 1073/876/317
f 1073/876/318 1077/880/318 1076/881/318 1072/877/318
f 1072/877/319 1076/881/319 1075/882/319 1071/878/319
f 1078/879/320 1082/883/320 1081/884/320 1077/880/320
f 1077/880/321 1081/884/321 1080/885/321 1076/881/321
f 1076/881/322 1080/885/322 1079/886/322 1075/882/322
f 1082/883/323 1086/887/323 1085/888/323 1081/884/323
f 1081/884/324 1085/888/324 1084/889/324 1080/885/324
f 1080/885/325 1084/889/325 1083/890/325 1079/886/325
f 1086/887/326 1090/891/326 1089/892/326 1085/888/326
f 1085/888/327 1089/892/327 1088/893/327 1084/889/327
f 1084/889/328 1088/893/328 1087/894/328 1083/890/328
f 1090/891/329 1094/895/329 1093/896/329 1089/892/329
f 1089/892/330 1093/896/330 1092/897/330 1088/893/330
f 1088/893/331 1092/897/331 1091/898/331 1087/894/331
f 1094/895/332 1098/899/332 1097/900/332 1093/896/332
f 1093/896/333 1097/900/333 1096/901/333 1092/897/333
f 1092/897/334 1096/901/334 1095/902/334 1091/898/334
f 1098/899/335 1102/903/335 1101/904/335 1097/900/335
f 1097/900/336 1101/904/336 1100/905/336 1096/901/336
f 1096/901/337 1100/905/337 1099/906/337 1095/902/337
f 1050/907/338 1045/844/338 1041/843/338
f 1050/907/339 1049/851/339 1045/844/339
f 1050/907/340 1054/855/340 1049/851/340
f 1050/907/341 1058/859/341 1054/855/341
f 1050/907/357 1062/863/357 1058/859/357
f 1050/907/343 1066/867/343 1062/863/343
f 1050/907/344 1070/871/344 1066/867/344
f 1050/907/358 1074/875/358 1070/871/358
f 1050/907/359 1078/879/359 1074/875/359
f 1050/907/347 1082/883/347 1078/879/347
f 1050/907/348 1086/887/348 1082/883/348
f 1050/907/349 1090/891/349 1086/887/349
f 1050/907/350 1094/895/350 1090/891/350
f 1050/907/351 1098/899/351 1094/895/351
f 1050/907/352 1102/903/352 1098/899/352
f 1050/907/353 1041/843/353 1102/903/353
f 1102/903/354 1041/843/354 1040/846/354 1101/904/354
f 1101/904/355 1040/846/355 1039/848/355 1100/905/355
f 1100/905/356 1039/848/356 1038/850/356 1099/906/356
f 1138/908/360 1142/909/360 1141/910/360 1137/911/360
f 1137/911/361 1141/910/361 1140/912/361 1136/913/361
f 1136/913/362 1140/912/362 1139/914/362 1135/915/362
f 1142/909/363 1146/916/363 1145/917/363 1141/910/363
f 1141/910/364 1145/917/364 1144/918/364 1140/912/364
f 1140/912/365 1144/918/365 1143/919/365 1139/914/365
f 1146/916/366 1151/920/366 1150/921/366 1145/917/366
f 1145/917/367 1150/921/367 1149/922/367 1144/918/367
f 1144/918/368 1149/922/368 1148/472/368 1143/919/368
f 1151/920/369 1155/923/369 1154/924/369 1150/921/369
f 1150/921/370 1154/924/370 1153/925/370 1149/922/370
f 1149/922/371 1153/925/371 1152/926/371 1148/472/371
f 1155/923/372 1159/927/372 1158/928/372 1154/924/372
f 1154/924/373 1158/928/373 1157/929/373 1153/925/373
f 1153/925/374 1157/929/374 1156/930/374 1152/926/374
f 1159/927/375 1163/931/375 1162/932/375 1158/928/375
f 1158/928/376 1162/932/376 1161/933/376 1157/929/376
f 1157/929/377 1161/933/377 1160/934/377 1156/930/377
f 1163/931/378 1167/935/378 1166/936/378 1162/932/378
f 1162/932/379 1166/936/379 1165/937/379 1161/933/379
f 1161/933/380 1165/937/380 1164/938/380 1160/934/380
f 1167/935/381 1171/939/381 1170/940/381 1166/936/381
f 1166/936/382 1170/940/382 1169/941/382 1165/937/382
f 1165/937/383 1169/941/383 1168/942/383 1164/938/383
f 1171/939/384 1175/943/384 1174/944/384 1170/940/384
f 1170/940/385 1174/944/385 1173/945/385 1169/941/385
f 1169/941/386 1173/945/386 1172/946/386 1168/942/386
f 1175/943/387 1179/947/387 1178/948/387 1174/944/387
f 1174/944/388 1178/948/388 1177/949/388 1173/945/388
f 1173/945/389 1177/949/389 1176/950/389 1172/946/389
f 1179/947/390 1183/951/390 1182/952/390 1178/948/390
f 1178/948/391 1182/952/391 1181/953/391 1177/949/391
f 1177/949/392 1181/953/392 1180/954/392 1176/950/392
f 1183/951/393 1187/955/393 1186/956/393 1182/952/393
f 1182/952/394 1186/956/394 1185/957/394 1181/953/394
f 1181/953/395 1185/957/395 1184/958/395 1180/954/395
f 1187/955/396 1191/959/396 1190/960/396 1186/956/396
f 1186/956/397 1190/960/397 1189/961/397 1185/957/397
f 1185/957/398 1189/961/398 1188/962/398 1184/958/398
f 1191/959/399 1195/963/399 1194/964/399 1190/960/399
f 1190/960/400 1194/964/400 1193/965/400 1189/961/400
f 1189/961/401 1193/965/401 1192/966/401 1188/962/401
f 1195/963/402 1199/967/402 1198/968/402 1194/964/402
f 1194/964/403 1198/968/403 1197/969/403 1193/965/403
f 1193/965/404 1197/969/404 1196/970/404 1192/966/404
f 1147/971/405 1142/909/405 1138/908/405
f 1147/971/406 1146/916/406 1142/909/406
f 1147/971/407 1151/920/407 1146/916/407
f 1147/971/408 1155/923/408 1151/920/408
f 1147/971/409 1159/927/409 1155/923/409
f 1147/971/410 1163/931/410 1159/927/410
f 1147/971/411 1167/935/411 1163/931/411
f 1147/971/412 1171/939/412 1167/935/412
f 1147/971/413 1175/943/413 1171/939/413
f 1147/971/414 1179/947/414 1175/943/414
f 1147/971/415 1183/951/415 1179/947/415
f 1147/971/416 1187/955/416 1183/951/416
f 1147/971/417 1191/959/417 1187/955/417
f 1147/971/418 1195/963/418 1191/959/418
f 1147/971/419 1199/967/419 1195/963/419
f 1147/971/420 1138/908/420 1199/967/420
f 1199/967/421 1138/908/421 1137/911/421 1198/968/421
f 1198/968/422 1137/911/422 1136/913/422 1197/969/422
f 1197/969/423 1136/913/423 1135/915/423 1196/970/423
f 1203/972/360 1207/973/360 1206/974/360 1202/975/360
f 1202/975/361 1206/974/361 1205/976/361 1201/977/361
f 1201/977/362 1205/976/362 1204/978/362 1200/979/362
f 1207/973/363 1211/980/363 1210/981/363 1206/974/363
f 1206/974/364 1210/981/364 1209/982/364 1205/976/364
f 1205/976/365 1209/982/365 1208/983/365 1204/978/365
f 1211/980/366 1216/984/366 1215/985/366 1210/981/366
f 1210/981/367 1215/985/367 1214/986/367 1209/982/367
f 1209/982/368 1214/986/368 1213/987/368 1208/983/368
f 1216/984/369 1220/988/369 1219/989/369 1215/985/369
f 1215/985/370 1219/989/370 1218/990/370 1214/986/370
f 1214/986/371 1218/990/371 1217/991/371 1213/987/371
f 1220/988/372 1224/992/372 1223/993/372 1219/989/372
f 1219/989/373 1223/993/373 1222/994/373 1218/990/373
f 1218/990/374 1222/994/374 1221/995/374 1217/991/374
f 1224/992/375 1228/996/375 1227/997/375 1223/993/375
f 1223/993/376 1227/997/376 1226/998/376 1222/994/376
f 1222/994/377 1226/998/377 1225/999/377 1221/995/377
f 1228/996/378 1232/1000/378 1231/1001/378 1227/997/378
f 1227/997/379 1231/1001/379 1230/1002/379 1226/998/379
f 1226/998/380 1230/1002/380 1229/1003/380 1225/999/380
f 1232/1000/381 1236/1004/381 1235/1005/381 1231/1001/381
f 1231/1001/382 1235/1005/382 1234/1006/382 1230/1002/382
f 1230/1002/383 1234/1006/383 1233/1007/383 1229/1003/383
f 1236/1004/384 1240/1008/384 1239/1009/384 1235/1005/384
f 1235/1005/385 1239/1009/385 1238/1010/385 1234/1006/385
f 1234/1006/386 1238/1010/386 1237/1011/386 1233/1007/386
f 1240/1008/387 1244/1012/387 1243/1013/387 1239/1009/387
f 1239/1009/388 1243/1013/388 1242/1014/388 1238/1010/388
f 1238/1010/389 1242/1014/389 1241/1015/389 1237/1011/389
f 1244/1012/390 1248/1016/390 1247/1017/390 1243/1013/390
f 1243/1013/391 1247/1017/391 1246/1018/391 1242/1014/391
f 1242/1014/392 1246/1018/392 1245/1019/392 1241/1015/392
f 1248/1016/393 1252/1020/393 1251/1021/393 1247/1017/393
f 1247/1017/394 1251/1021/394 1250/1022/394 1246/1018/394
f 1246/1018/395 1250/1022/395 1249/1023/395 1245/1019/395
f 1252/1020/396 1256/1024/396 1255/1025/396 1251/1021/396
f 1251/1021/397 1255/1025/397 1254/251/397 1250/1022/397
f 1250/1022/398 1254/251/398 1253/1026/398 1249/1023/398
f 1256/1024/399 1260/1027/399 1259/254/399 1255/1025/399
f 1255/1025/400 1259/254/400 1258/1028/400 1254/251/400
f 1254/251/401 1258/1028/401 1257/256/401 1253/1026/401
f 1260/1027/402 1264/1029/402 1263/1030/402 1259/254/402
f 1259/254/403 1263/1030/403 1262/1031/403 1258/1028/403
f 1258/1028/404 1262/1031/404 1261/1032/404 1257/256/404
f 1212/1033/405 1207/973/405 1203/972/405
f 1212/1033/406 1211/980/406 1207/973/406
f 1212/1033/407 1216/984/407 1211/980/407
f 1212/1033/408 1220/988/408 1216/984/408
f 1212/1033/409 1224/992/409 1220/988/409
f 1212/1033/410 1228/996/410 1224/992/410
f 1212/1033/411 1232/1000/411 1228/996/411
f 1212/1033/412 1236/1004/412 1232/1000/412
f 1212/1033/413 1240/1008/413 1236/1004/413
f 1212/1033/414 1244/1012/414 1240/1008/414
f 1212/1033/415 1248/1016/415 1244/1012/415
f 1212/1033/416 1252/1020/416 1248/1016/416
f 1212/1033/417 1256/1024/417 1252/1020/417
f 1212/1033/418 1260/1027/418 1256/1024/418
f 1212/1033/419 1264/1029/419 1260/1027/419
f 1212/1033/420 1203/972/420 1264/1029/420
f 1264/1029/421 1203/972/421 1202/975/421 1263/1030/421
f 1263/1030/422 1202/975/422 1201/977/422 1262/1031/422
f 1262/1031/423 1201/977/423 1200/979/423 1261/1032/423
f 1268/1034/360 1272/1035/360 1271/1036/360 1267/1037/360
f 1267/1037/361 1271/1036/361 1270/1038/361 1266/1039/361
f 1266/1039/362 1270/1038/362 1269/1040/362 1265/1041/362
f 1272/1035/363 1276/1042/363 1275/1043/363 1271/1036/363
f 1271/1036/364 1275/1043/364 1274/1044/364 1270/1038/364
f 1270/1038/365 1274/1044/365 1273/1045/365 1269/1040/365
f 1276/1042/366 1281/1046/366 1280/1047/366 1275/1043/366
f 1275/1043/367 1280/1047/367 1279/1048/367 1274/1044/367
f 1274/1044/368 1279/1048/368 1278/1049/368 1273/1045/368
f 1281/1046/369 1285/1050/369 1284/1051/369 1280/1047/369
f 1280/1047/370 1284/1051/370 1283/1052/370 1279/1048/370
f 1279/1048/371 1283/1052/371 1282/1053/371 1278/1049/371
f 1285/1050/372 1289/1054/372 1288/1055/372 1284/1051/372
f 1284/1051/373 1288/1055/373 1287/1056/373 1283/1052/373
f 1283/1052/374 1287/1056/374 1286/1057/374 1282/1053/374
f 1289/1054/375 1293/1058/375 1292/1059/375 1288/1055/375
f 1288/1055/376 1292/1059/376 1291/1060/376 1287/1056/376
f 1287/1056/377 1291/1060/377 1290/1061/377 1286/1057/377
f 1293/1058/378 1297/1062/378 1296/1063/378 1292/1059/378
f 1292/1059/379 1296/1063/379 1295/1064/379 1291/1060/379
f 1291/1060/380 1295/1064/380 1294/1065/380 1290/1061/380
f 1297/1062/381 1301/1066/381 1300/1067/381 1296/1063/381
f 1296/1063/382 1300/1067/382 1299/1068/382 1295/1064/382
f 1295/1064/383 1299/1068/383 1298/1069/383 1294/1065/383
f 1301/1066/384 1305/1070/384 1304/1071/384 1300/1067/384
f 1300/1067/385 1304/1071/385 1303/1072/385 1299/1068/385
f 1299/1068/386 1303/1072/386 1302/1073/386 1298/1069/386
f 1305/1070/387 1309/1074/387 1308/1075/387 1304/1071/387
f 1304/1071/388 1308/1075/388 1307/1076/388 1303/1072/388
f 1303/1072/389 1307/1076/389 1306/1077/389 1302/1073/389
f 1309/1074/390 1313/1078/390 1312/1079/390 1308/1075/390
f 1308/1075/391 1312/1079/391 1311/1080/391 1307/1076/391
f 1307/1076/392 1311/1080/392 1310/1081/392 1306/1077/392
f 1313/1078/393 1317/1082/393 1316/1083/393 1312/1079/393
f 1312/1079/394 1316/1083/394 1315/1084/394 1311/1080/394
f 1311/1080/395 1315/1084/395 1314/1085/395 1310/1081/395
f 1317/1082/396 1321/1086/396 1320/1087/396 1316/1083/396
f 1316/1083/397 1320/1087/397 1319/1088/397 1315/1084/397
f 1315/1084/398 1319/1088/398 1318/1089/398 1314/1085/398
f 1321/1086/399 1325/1090/399 1324/1091/399 1320/1087/399
f 1320/1087/400 1324/1091/400 1323/1092/400 1319/1088/400
f 1319/1088/401 1323/1092/401 1322/1093/401 1318/1089/401
f 1325/1090/402 1329/1094/402 1328/1095/402 1324/1091/402
f 1324/1091/403 1328/1095/403 1327/1096/403 1323/1092/403
f 1323/1092/404 1327/1096/404 1326/1097/404 1322/1093/404
f 1277/1098/405 1272/1035/405 1268/1034/405
f 1277/1098/406 1276/1042/406 1272/1035/406
f 1277/1098/407 1281/1046/407 1276/1042/407
f 1277/1098/408 1285/1050/408 1281/1046/408
f 1277/1098/409 1289/1054/409 1285/1050/409
f 1277/1098/410 1293/1058/410 1289/1054/410
f 1277/1098/411 1297/1062/411 1293/1058/411
f 1277/1098/412 1301/1066/412 1297/1062/412
f 1277/1098/413 1305/1070/413 1301/1066/413
f 1277/1098/414 1309/1074/414 1305/1070/414
f 1277/1098/415 1313/1078/415 1309/1074/415
f 1277/1098/416 1317/1082/416 1313/1078/416
f 1277/1098/417 1321/1086/417 1317/1082/417
f 1277/1098/418 1325/1090/418 1321/1086/418
f 1277/1098/419 1329/1094/419 1325/1090/419
f 1277/1098/420 1268/1034/420 1329/1094/420
f 1329/1094/421 1268/1034/421 1267/1037/421 1328/1095/421
f 1328/1095/422 1267/1037/422 1266/1039/422 1327/1096/422
f 1327/1096/423 1266/1039/423 1265/1041/423 1326/1097/423
f 1333/1099/360 1337/1100/360 1336/1101/360 1332/1102/360
f 1332/1102/361 1336/1101/361 1335/1103/361 1331/1104/361
f 1331/1104/362 1335/1103/362 1334/1105/362 1330/1106/362
f 1337/1100/363 1341/1107/363 1340/1108/363 1336/1101/363
f 1336/1101/364 1340/1108/364 1339/1109/364 1335/1103/364
f 1335/1103/365 1339/1109/365 1338/1110/365 1334/1105/365
f 1341/1107/366 1346/1111/366 1345/1112/366 1340/1108/366
f 1340/1108/367 1345/1112/367 1344/1113/367 1339/1109/367
f 1339/1109/368 1344/1113/368 1343/1114/368 1338/1110/368
f 1346/1111/369 1350/1115/369 1349/1116/369 1345/1112/369
f 1345/1112/370 1349/1116/370 1348/1117/370 1344/1113/370
f 1344/1113/371 1348/1117/371 1347/1118/371 1343/1114/371
f 1350/1115/372 1354/1119/372 1353/1120/372 1349/1116/372
f 1349/1116/373 1353/1120/373 1352/1121/373 1348/1117/373
f 1348/1117/374 1352/1121/374 1351/1122/374 1347/1118/374
f 1354/1119/375 1358/1123/375 1357/1124/375 1353/1120/375
f 1353/1120/376 1357/1124/376 1356/1125/376 1352/1121/376
f 1352/1121/377 1356/1125/377 1355/1126/377 1351/1122/377
f 1358/1123/378 1362/1127/378 1361/1128/378 1357/1124/378
f 1357/1124/379 1361/1128/379 1360/1129/379 1356/1125/379
f 1356/1125/380 1360/1129/380 1359/1130/380 1355/1126/380
f 1362/1127/381 1366/1131/381 1365/1132/381 1361/1128/381
f 1361/1128/382 1365/1132/382 1364/1133/382 1360/1129/382
f 1360/1129/383 1364/1133/383 1363/1134/383 1359/1130/383
f 1366/1131/384 1370/1135/384 1369/1136/384 1365/1132/384
f 1365/1132/385 1369/1136/385 1368/1137/385 1364/1133/385
f 1364/1133/386 1368/1137/386 1367/1138/386 1363/1134/386
f 1370/1135/387 1374/1139/387 1373/1140/387 1369/1136/387
f 1369/1136/388 1373/1140/388 1372/1141/388 1368/1137/388
f 1368/1137/389 1372/1141/389 1371/1142/389 1367/1138/389
f 1374/1139/390 1378/1143/390 1377/1144/390 1373/1140/390
f 1373/1140/391 1377/1144/391 1376/1145/391 1372/1141/391
f 1372/1141/392 1376/1145/392 1375/1146/392 1371/1142/392
f 1378/1143/393 1382/1147/393 1381/1148/393 1377/1144/393
f 1377/1144/394 1381/1148/394 1380/1149/394 1376/1145/394
f 1376/1145/395 1380/1149/395 1379/1150/395 1375/1146/395
f 1382/1147/396 1386/1151/396 1385/1152/396 1381/1148/396
f 1381/1148/397 1385/1152/397 1384/1153/397 1380/1149/397
f 1380/1149/398 1384/1153/398 1383/1154/398 1379/1150/398
f 1386/1151/399 1390/1155/399 1389/1156/399 1385/1152/399
f 1385/1152/400 1389/1156/400 1388/1157/400 1384/1153/400
f 1384/1153/401 1388/1157/401 1387/1158/401 1383/1154/401
f 1390/1155/402 1394/1159/402 1393/1160/402 1389/1156/402
f 1389/1156/403 1393/1160/403 1392/1161/403 1388/1157/403
f 1388/1157/404 1392/1161/404 1391/1162/404 1387/1158/404
f 1342/1163/405 1337/1100/405 1333/1099/405
f 1342/1163/406 1341/1107/406 1337/1100/406
f 1342/1163/407 1346/1111/407 1341/1107/407
f 1342/1163/408 1350/1115/408 1346/1111/408
f 1342/1163/409 1354/1119/409 1350/1115/409
f 1342/1163/410 1358/1123/410 1354/1119/410
f 1342/1163/411 1362/1127/411 1358/1123/411
f 1342/1163/412 1366/1131/412 1362/1127/412
f 1342/1163/413 1370/1135/413 1366/1131/413
f 1342/1163/414 1374/1139/414 1370/1135/414
f 1342/1163/415 1378/1143/415 1374/1139/415
f 1342/1163/416 1382/1147/416 1378/1143/416
f 1342/1163/417 1386/1151/417 1382/1147/417
f 1342/1163/418 1390/1155/418 1386/1151/418
f 1342/1163/419 1394/1159/419 1390/1155/419
f 1342/1163/420 1333/1099/420 1394/1159/420
f 1394/1159/421 1333/1099/421 1332/1102/421 1393/1160/421
f 1393/1160/422 1332/1102/422 1331/1104/422 1392/1161/422
f 1392/1161/423 1331/1104/423 1330/1106/423 1391/1162/423
f 1462/1164/424 1466/1165/424 1465/1166/424 1461/1167/424
f 1461/1167/425 1465/1166/425 1464/1168/425 1460/1169/425
f 1460/1169/426 1464/1168/426 1463/1170/426 1459/1171/426
f 1466/1165/427 1470/1172/427 1469/1173/427 1465/1166/427
f 1465/1166/428 1469/1173/428 1468/1174/428 1464/1168/428
f 1464/1168/429 1468/1174/429 1467/1175/429 1463/1170/429
f 1470/1172/430 1475/1176/430 1474/1177/430 1469/1173/430
f 1469/1173/431 1474/1177/431 1473/1178/431 1468/1174/431
f 1468/1174/432 1473/1178/432 1472/1179/432 1467/1175/432
f 1475/1176/433 1479/1180/433 1478/1181/433 1474/1177/433
f 1474/1177/434 1478/1181/434 1477/1182/434 1473/1178/434
f 1473/1178/435 1477/1182/435 1476/1183/435 1472/1179/435
f 1479/1180/436 1483/1184/436 1482/1185/436 1478/1181/436
f 1478/1181/437 1482/1185/437 1481/1186/437 1477/1182/437
f 1477/1182/438 1481/1186/438 1480/1187/438 1476/1183/438
f 1483/1184/439 1487/1188/439 1486/1189/439 1482/1185/439
f 1482/1185/440 1486/1189/440 1485/1190/440 1481/1186/440
f 1481/1186/441 1485/1190/441 1484/1191/441 1480/1187/441
f 1487/1188/442 1491/1192/442 1490/1193/442 1486/1189/442
f 1486/1189/443 1490/1193/443 1489/1194/443 1485/1190/443
f 1485/1190/444 1489/1194/444 1488/1195/444 1484/1191/444
f 1491/1192/445 1495/1196/445 1494/1197/445 1490/1193/445
f 1490/1193/446 1494/1197/446 1493/1198/446 1489/1194/446
f 1489/1194/447 1493/1198/447 1492/1199/447 1488/1195/447
f 1495/1196/448 1499/1200/448 1498/1201/448 1494/1197/448
f 1494/1197/449 1498/1201/449 1497/1202/449 1493/1198/449
f 1493/1198/450 1497/1202/450 1496/1203/450 1492/1199/450
f 1499/1200/451 1503/1204/451 1502/1205/451 1498/1201/451
f 1498/1201/452 1502/1205/452 1501/1206/452 1497/1202/452
f 1497/1202/453 1501/1206/453 1500/1207/453 1496/1203/453
f 1503/1204/454 1507/1208/454 1506/1209/454 1502/1205/454
f 1502/1205/455 1506/1209/455 1505/1210/455 1501/1206/455
f 1501/1206/456 1505/1210/456 1504/1211/456 1500/1207/456
f 1507/1208/457 1511/1212/457 1510/1213/457 1506/1209/457
f 1506/1209/458 1510/1213/458 1509/1214/458 1505/1210/458
f 1505/1210/459 1509/1214/459 1508/1215/459 1504/1211/459
f 1511/1212/460 1515/1216/460 1514/1217/460 1510/1213/460
f 1510/1213/461 1514/1217/461 1513/1218/461 1509/1214/461
f 1509/1214/462 1513/1218/462 1512/1219/462 1508/1215/462
f 1515/1216/463 1519/1220/463 1518/1221/463 1514/1217/463
f 1514/1217/464 1518/1221/464 1517/1222/464 1513/1218/464
f 1513/1218/465 1517/1222/465 1516/1223/465 1512/1219/465
f 1519/1220/466 1523/1224/466 1522/1225/466 1518/1221/466
f 1518/1221/467 1522/1225/467 1521/1226/467 1517/1222/467
f 1517/1222/468 1521/1226/468 1520/1227/468 1516/1223/468
f 1471/586/469 1466/1165/469 1462/1164/469
f 1471/586/470 1470/1172/470 1466/1165/470
f 1471/586/471 1475/1176/471 1470/1172/471
f 1471/586/472 1479/1180/472 1475/1176/472
f 1471/586/473 1483/1184/473 1479/1180/473
f 1471/586/474 1487/1188/474 1483/1184/474
f 1471/586/475 1491/1192/475 1487/1188/475
f 1471/586/476 1495/1196/476 1491/1192/476
f 1471/586/477 1499/1200/477 1495/1196/477
f 1471/586/478 1503/1204/478 1499/1200/478
f 1471/586/479 1507/1208/479 1503/1204/479
f 1471/586/480 1511/1212/480 1507/1208/480
f 1471/586/481 1515/1216/481 1511/1212/481
f 1471/586/482 1519/1220/482 1515/1216/482
f 1471/586/483 1523/1224/483 1519/1220/483
f 1471/586/484 1462/1164/484 1523/1224/484
f 1523/1224/485 1462/1164/485 1461/1167/485 1522/1225/485
f 1522/1225/486 1461/1167/486 1460/1169/486 1521/1226/486
f 1521/1226/487 1460/1169/487 1459/1171/487 1520/1227/487
f 1527/1228/424 1531/1229/424 1530/1230/424 1526/1231/424
f 1526/1231/425 1530/1230/425 1529/1232/425 1525/1233/425
f 1525/1233/426 1529/1232/426 1528/1234/426 1524/1235/426
f 1531/1229/427 1535/1236/427 1534/1108/427 1530/1230/427
f 1530/1230/428 1534/1108/428 1533/1237/428 1529/1232/428
f 1529/1232/429 1533/1237/429 1532/1110/429 1528/1234/429
f 1535/1236/430 1540/1238/430 1539/1239/430 1534/1108/430
f 1534/1108/431 1539/1239/431 1538/1240/431 1533/1237/431
f 1533/1237/432 1538/1240/432 1537/1241/432 1532/1110/432
f 1540/1238/433 1544/1242/433 1543/1243/433 1539/1239/433
f 1539/1239/434 1543/1243/434 1542/1244/434 1538/1240/434
f 1538/1240/435 1542/1244/435 1541/1245/435 1537/1241/435
f 1544/1242/436 1548/1246/436 1547/1247/436 1543/1243/436
f 1543/1243/437 1547/1247/437 1546/1248/437 1542/1244/437
f 1542/1244/438 1546/1248/438 1545/1249/438 1541/1245/438
f 1548/1246/439 1552/1250/439 1551/1251/439 1547/1247/439
f 1547/1247/440 1551/1251/440 1550/1252/440 1546/1248/440
f 1546/1248/441 1550/1252/441 1549/1253/441 1545/1249/441
f 1552/1250/442 1556/1254/442 1555/1255/442 1551/1251/442
f 1551/1251/443 1555/1255/443 1554/1256/443 1550/1252/443
f 1550/1252/444 1554/1256/444 1553/1257/444 1549/1253/444
f 1556/1254/445 1560/1258/445 1559/1259/445 1555/1255/445
f 1555/1255/446 1559/1259/446 1558/1260/446 1554/1256/446
f 1554/1256/447 1558/1260/447 1557/1261/447 1553/1257/447
f 1560/1258/448 1564/1262/448 1563/1263/448 1559/1259/448
f 1559/1259/449 1563/1263/449 1562/1264/449 1558/1260/449
f 1558/1260/450 1562/1264/450 1561/1265/450 1557/1261/450
f 1564/1262/451 1568/1266/451 1567/1267/451 1563/1263/451
f 1563/1263/452 1567/1267/452 1566/1268/452 1562/1264/452
f 1562/1264/453 1566/1268/453 1565/1269/453 1561/1265/453
f 1568/1266/454 1572/1270/454 1571/1271/454 1567/1267/454
f 1567/1267/455 1571/1271/455 1570/1272/455 1566/1268/455
f 1566/1268/456 1570/1272/456 1569/1273/456 1565/1269/456
f 1572/1270/457 1576/1274/457 1575/1275/457 1571/1271/457
f 1571/1271/458 1575/1275/458 1574/1276/458 1570/1272/458
f 1570/1272/459 1574/1276/459 1573/1277/459 1569/1273/459
f 1576/1274/460 1580/1278/460 1579/1279/460 1575/1275/460
f 1575/1275/461 1579/1279/461 1578/1280/461 1574/1276/461
f 1574/1276/462 1578/1280/462 1577/1281/462 1573/1277/462
f 1580/1278/463 1584/1282/463 1583/1283/463 1579/1279/463
f 1579/1279/464 1583/1283/464 1582/1284/464 1578/1280/464
f 1578/1280/465 1582/1284/465 1581/1285/465 1577/1281/465
f 1584/1282/466 1588/1286/466 1587/1287/466 1583/1283/466
f 1583/1283/467 1587/1287/467 1586/1288/467 1582/1284/467
f 1582/1284/468 1586/1288/468 1585/1289/468 1581/1285/468
f 1536/391/469 1531/1229/469 1527/1228/469
f 1536/391/470 1535/1236/470 1531/1229/470
f 1536/391/471 1540/1238/471 1535/1236/471
f 1536/391/472 1544/1242/472 1540/1238/472
f 1536/391/473 1548/1246/473 1544/1242/473
f 1536/391/474 1552/1250/474 1548/1246/474
f 1536/391/475 1556/1254/475 1552/1250/475
f 1536/391/476 1560/1258/476 1556/1254/476
f 1536/391/477 1564/1262/477 1560/1258/477
f 1536/391/478 1568/1266/478 1564/1262/478
f 1536/391/479 1572/1270/479 1568/1266/479
f 1536/391/480 1576/1274/480 1572/1270/480
f 1536/391/481 1580/1278/481 1576/1274/481
f 1536/391/482 1584/1282/482 1580/1278/482
f 1536/391/483 1588/1286/483 1584/1282/483
f 1536/391/484 1527/1228/484 1588/1286/484
f 1588/1286/485 1527/1228/485 1526/1231/485 1587/1287/485
f 1587/1287/486 1526/1231/486 1525/1233/486 1586/1288/486
f 1586/1288/487 1525/1233/487 1524/1235/487 1585/1289/487
f 1592/1290/424 1596/1291/424 1595/1292/424 1591/1293/424
f 1591/1293/425 1595/1292/425 1594/1294/425 1590/1295/425
f 1590/1295/426 1594/1294/426 1593/1296/426 1589/1297/426
f 1596/1291/427 1600/1298/427 1599/1299/427 1595/1292/427
f 1595/1292/428 1599/1299/428 1598/1300/428 1594/1294/428
f 1594/1294/429 1598/1300/429 1597/1301/429 1593/1296/429
f 1600/1298/430 1605/1302/430 1604/1303/430 1599/1299/430
f 1599/1299/431 1604/1303/431 1603/1304/431 1598/1300/431
f 1598/1300/432 1603/1304/432 1602/1305/432 1597/1301/432
f 1605/1302/433 1609/1306/433 1608/1307/433 1604/1303/433
f 1604/1303/434 1608/1307/434 1607/1308/434 1603/1304/434
f 1603/1304/435 1607/1308/435 1606/1309/435 1602/1305/435
f 1609/1306/436 1613/1310/436 1612/1311/436 1608/1307/436
f 1608/1307/437 1612/1311/437 1611/1312/437 1607/1308/437
f 1607/1308/438 1611/1312/438 1610/1313/438 1606/1309/438
f 1613/1310/439 1617/1314/439 1616/1315/439 1612/1311/439
f 1612/1311/440 1616/1315/440 1615/1316/440 1611/1312/440
f 1611/1312/441 1615/1316/441 1614/1317/441 1610/1313/441
f 1617/1314/442 1621/1318/442 1620/1319/442 1616/1315/442
f 1616/1315/443 1620/1319/443 1619/1320/443 1615/1316/443
f 1615/1316/444 1619/1320/444 1618/1321/444 1614/1317/444
f 1621/1318/445 1625/1322/445 1624/1323/445 1620/1319/445
f 1620/1319/446 1624/1323/446 1623/1324/446 1619/1320/446
f 1619/1320/447 1623/1324/447 1622/1325/447 1618/1321/447
f 1625/1322/448 1629/1326/448 1628/1327/448 1624/1323/448
f 1624/1323/449 1628/1327/449 1627/1328/449 1623/1324/449
f 1623/1324/450 1627/1328/450 1626/1329/450 1622/1325/450
f 1629/1326/451 1633/1330/451 1632/1331/451 1628/1327/451
f 1628/1327/452 1632/1331/452 1631/1332/452 1627/1328/452
f 1627/1328/453 1631/1332/453 1630/1333/453 1626/1329/453
f 1633/1330/454 1637/1334/454 1636/1335/454 1632/1331/454
f 1632/1331/455 1636/1335/455 1635/1336/455 1631/1332/455
f 1631/1332/456 1635/1336/456 1634/1337/456 1630/1333/456
f 1637/1334/457 1641/1338/457 1640/1339/457 1636/1335/457
f 1636/1335/458 1640/1339/458 1639/1340/458 1635/1336/458
f 1635/1336/459 1639/1340/459 1638/1341/459 1634/1337/459
f 1641/1338/460 1645/1342/460 1644/1343/460 1640/1339/460
f 1640/1339/461 1644/1343/461 1643/1344/461 1639/1340/461
f 1639/1340/462 1643/1344/462 1642/1345/462 1638/1341/462
f 1645/1342/463 1649/1346/463 1648/1347/463 1644/1343/463
f 1644/1343/464 1648/1347/464 1647/1348/464 1643/1344/464
f 1643/1344/465 1647/1348/465 1646/1349/465 1642/1345/465
f 1649/1346/466 1653/1350/466 1652/1351/466 1648/1347/466
f 1648/1347/467 1652/1351/467 1651/1352/467 1647/1348/467
f 1647/1348/468 1651/1352/468 1650/1353/468 1646/1349/468
f 1601/1354/469 1596/1291/469 1592/1290/469
f 1601/1354/470 1600/1298/470 1596/1291/470
f 1601/1354/471 1605/1302/471 1600/1298/471
f 1601/1354/472 1609/1306/472 1605/1302/472
f 1601/1354/473 1613/1310/473 1609/1306/473
f 1601/1354/474 1617/1314/474 1613/1310/474
f 1601/1354/475 1621/1318/475 1617/1314/475
f 1601/1354/476 1625/1322/476 1621/1318/476
f 1601/1354/477 1629/1326/477 1625/1322/477
f 1601/1354/478 1633/1330/478 1629/1326/478
f 1601/1354/479 1637/1334/479 1633/1330/479
f 1601/1354/480 1641/1338/480 1637/1334/480
f 1601/1354/481 1645/1342/481 1641/1338/481
f 1601/1354/482 1649/1346/482 1645/1342/482
f 1601/1354/483 1653/1350/483 1649/1346/483
f 1601/1354/484 1592/1290/484 1653/1350/484
f 1653/1350/485 1592/1290/485 1591/1293/485 1652/1351/485
f 1652/1351/486 1591/1293/486 1590/1295/486 1651/1352/486
f 1651/1352/487 1590/1295/487 1589/1297/487 1650/1353/487
