# Blender v2.74 (sub 0) OBJ File: 'circus_tent.blend'
# www.blender.org
mtllib circus_tent.mtl
o BigTent_Plane.004
v 0.021412 0.124249 0.002245
v 0.021412 0.124249 -0.000588
v -0.024352 0.124249 0.002245
v -0.024352 0.124249 -0.000588
v 0.006157 0.123240 0.002177
v 0.006157 0.123240 -0.000520
v -0.009098 0.123240 0.002177
v -0.009098 0.123240 -0.000520
v 0.021247 0.125059 0.001301
v 0.021247 0.125059 0.000356
v -0.024188 0.125059 0.001301
v -0.024188 0.125059 0.000356
v 0.006102 0.124018 0.001278
v 0.006102 0.124018 0.000379
v -0.009043 0.124018 0.001278
v -0.009043 0.124018 0.000379
v 0.057005 0.126606 0.002404
v 0.057005 0.126606 -0.000747
v -0.059946 0.126606 0.002404
v -0.059946 0.126606 -0.000747
v 0.038361 0.125371 0.002321
v 0.038361 0.125371 -0.000664
v -0.041302 0.125371 0.002321
v -0.041302 0.125371 -0.000664
v 0.056586 0.127489 0.001354
v 0.056586 0.127489 0.000303
v -0.059526 0.127489 0.001354
v -0.059526 0.127489 0.000303
v 0.038075 0.126216 0.001326
v 0.038075 0.126216 0.000331
v -0.041016 0.126216 0.001326
v -0.041016 0.126216 0.000331
v 0.041419 0.013747 0.069507
v 0.041419 0.013747 -0.067850
v -0.044360 0.013747 0.069507
v -0.044360 0.013747 -0.067850
v 0.012826 0.013747 0.070979
v 0.012826 0.013747 -0.069322
v -0.015767 0.013747 0.070979
v -0.015767 0.013747 -0.069322
v 0.040750 0.036105 0.067489
v 0.040750 0.036105 -0.065831
v -0.043691 0.036105 0.067489
v -0.043691 0.036105 -0.065831
v 0.012603 0.036105 0.068917
v 0.012603 0.036105 -0.067260
v -0.015544 0.036105 0.068917
v -0.015544 0.036105 -0.067260
v 0.108136 0.013747 0.074628
v 0.108136 0.013747 -0.072971
v -0.111077 0.013747 0.074628
v -0.111077 0.013747 -0.072971
v 0.073189 0.013747 0.070724
v 0.073189 0.013747 -0.069066
v -0.076130 0.013747 0.070724
v -0.076130 0.013747 -0.069066
v 0.107556 0.036105 0.072459
v 0.107556 0.036105 -0.070802
v -0.110496 0.036105 0.072459
v -0.110496 0.036105 -0.070802
v 0.072591 0.036105 0.068669
v 0.072591 0.036105 -0.067012
v -0.075532 0.036105 0.068669
v -0.075532 0.036105 -0.067012
v 0.075384 0.070652 0.070345
v 0.075384 0.070652 -0.068688
v -0.078325 0.070652 0.070345
v -0.078325 0.070652 -0.068688
v 0.111145 0.070652 0.074228
v 0.111145 0.070652 -0.072571
v -0.114085 0.070652 0.074228
v -0.114085 0.070652 -0.072571
v 0.073539 0.055074 0.068543
v 0.073539 0.055074 -0.066886
v -0.076480 0.055074 0.068543
v -0.076480 0.055074 -0.066886
v 0.108990 0.055074 0.072325
v 0.108990 0.055074 -0.070668
v -0.111930 0.055074 0.072325
v -0.111931 0.055074 -0.070668
v 0.012839 0.070652 0.070599
v 0.012839 0.070652 -0.068942
v -0.015779 0.070652 0.070599
v -0.015779 0.070652 -0.068942
v 0.042112 0.070652 0.069135
v 0.042112 0.070652 -0.067478
v -0.045052 0.070652 0.069135
v -0.045052 0.070652 -0.067478
v 0.012607 0.055074 0.068790
v 0.012607 0.055074 -0.067133
v -0.015548 0.055074 0.068790
v -0.015548 0.055074 -0.067133
v 0.040989 0.055074 0.067365
v 0.040989 0.055074 -0.065707
v -0.043929 0.055074 0.067365
v -0.043929 0.055074 -0.065707
v 0.067679 0.085374 0.059439
v 0.067679 0.085374 -0.057782
v -0.070619 0.085374 0.059439
v -0.070619 0.085374 -0.057782
v 0.101001 0.085374 0.062713
v 0.101001 0.085374 -0.061056
v -0.103941 0.085374 0.062713
v -0.103941 0.085374 -0.061056
v 0.073986 0.081074 0.067797
v 0.073986 0.081074 -0.066139
v -0.076926 0.081074 0.067797
v -0.076926 0.081074 -0.066139
v 0.108983 0.081074 0.071537
v 0.108983 0.081074 -0.069880
v -0.111924 0.081074 0.071537
v -0.111924 0.081074 -0.069880
v 0.011389 0.085374 0.055565
v 0.011389 0.085374 -0.053908
v -0.014329 0.085374 0.055565
v -0.014329 0.085374 -0.053908
v 0.037611 0.085374 0.057057
v 0.037611 0.085374 -0.055399
v -0.040552 0.085374 0.057057
v -0.040552 0.085374 -0.055399
v 0.012534 0.081074 0.066679
v 0.012534 0.081074 -0.065021
v -0.015475 0.081074 0.066679
v -0.015475 0.081074 -0.065021
v 0.041323 0.081074 0.066177
v 0.041323 0.081074 -0.064520
v -0.044264 0.081074 0.066177
v -0.044264 0.081074 -0.064520
v 0.066409 0.127072 0.002428
v 0.066409 0.127072 -0.000771
v -0.069349 0.127072 0.002428
v -0.069349 0.127072 -0.000771
v 0.066247 0.127373 0.001709
v 0.066247 0.127373 -0.000052
v -0.069187 0.127373 0.001709
v -0.069187 0.127373 -0.000052
v 0.065922 0.127975 0.001188
v 0.065922 0.127975 0.000469
v -0.068863 0.127975 0.001188
v -0.068863 0.127975 0.000469
v 0.134943 0.013747 0.066164
v 0.134943 0.013747 -0.064507
v -0.137884 0.013747 0.066164
v -0.137884 0.013747 -0.064507
v 0.134294 0.036105 0.064244
v 0.134294 0.036105 -0.062587
v -0.137235 0.036105 0.064244
v -0.137235 0.036105 -0.062587
v 0.137616 0.070652 0.065810
v 0.137616 0.070652 -0.064153
v -0.140557 0.070652 0.065810
v -0.140557 0.070652 -0.064153
v 0.135639 0.055074 0.064126
v 0.135639 0.055074 -0.062469
v -0.138580 0.055074 0.064126
v -0.138580 0.055074 -0.062469
v 0.125232 0.084367 0.055616
v 0.125231 0.084367 -0.053959
v -0.128172 0.084367 0.055616
v -0.128172 0.084367 -0.053959
v 0.134576 0.080738 0.063428
v 0.134576 0.080738 -0.061771
v -0.137516 0.080738 0.063428
v -0.137516 0.080738 -0.061771
v 0.047001 0.105294 0.024647
v 0.047001 0.105294 -0.022990
v -0.049941 0.105294 0.024647
v -0.049941 0.105294 -0.022990
v 0.041213 0.118397 0.010095
v 0.041213 0.118397 -0.008437
v -0.044153 0.118397 0.010095
v -0.044153 0.118397 -0.008437
v 0.071759 0.105982 0.025978
v 0.071759 0.105982 -0.024321
v -0.074700 0.105982 0.025978
v -0.074700 0.105982 -0.024321
v 0.061466 0.119436 0.010612
v 0.061466 0.119436 -0.008955
v -0.064407 0.119436 0.010612
v -0.064407 0.119436 -0.008955
v 0.060844 0.090329 0.049426
v 0.060844 0.090329 -0.047769
v -0.063785 0.090329 0.049426
v -0.063785 0.090329 -0.047769
v 0.053661 0.095938 0.037758
v 0.053661 0.095938 -0.036101
v -0.056601 0.095938 0.037758
v -0.056601 0.095938 -0.036101
v 0.092759 0.090457 0.052141
v 0.092759 0.090457 -0.050484
v -0.095700 0.090457 0.052141
v -0.095700 0.090457 -0.050484
v 0.082988 0.096322 0.039821
v 0.082988 0.096322 -0.038164
v -0.085929 0.096322 0.039821
v -0.085929 0.096322 -0.038164
v 0.007740 0.104107 0.022349
v 0.007740 0.104107 -0.020692
v -0.010681 0.104107 0.022349
v -0.010681 0.104107 -0.020692
v 0.006703 0.116603 0.009200
v 0.006703 0.116603 -0.007543
v -0.009644 0.116603 0.009200
v -0.009644 0.116603 -0.007543
v 0.026162 0.104669 0.023438
v 0.026162 0.104669 -0.021781
v -0.029102 0.104669 0.023438
v -0.029102 0.104669 -0.021781
v 0.023050 0.117453 0.009624
v 0.023050 0.117453 -0.007967
v -0.025990 0.117453 0.009624
v -0.025990 0.117453 -0.007967
v 0.010177 0.090108 0.044737
v 0.010177 0.090108 -0.043080
v -0.013117 0.090108 0.044737
v -0.013117 0.090108 -0.043080
v 0.008898 0.095275 0.034195
v 0.008898 0.095275 -0.032538
v -0.011839 0.095275 0.034195
v -0.011839 0.095275 -0.032538
v 0.033624 0.090213 0.046958
v 0.033624 0.090213 -0.045301
v -0.036565 0.090213 0.046958
v -0.036565 0.090213 -0.045301
v 0.029636 0.095589 0.035883
v 0.029636 0.095589 -0.034225
v -0.032576 0.095589 0.035883
v -0.032576 0.095589 -0.034225
v 0.086255 0.105796 0.023094
v 0.086255 0.105796 -0.021436
v -0.089195 0.105796 0.023094
v -0.089195 0.105796 -0.021436
v 0.071580 0.119780 0.009490
v 0.071580 0.119780 -0.007833
v -0.074520 0.119780 0.009490
v -0.074520 0.119780 -0.007833
v 0.115200 0.089337 0.046256
v 0.115200 0.089337 -0.044599
v -0.118141 0.089337 0.046256
v -0.118141 0.089337 -0.044599
v 0.102701 0.095649 0.035349
v 0.102701 0.095649 -0.033692
v -0.105641 0.095649 0.035349
v -0.105641 0.095649 -0.033692
v 0.066409 0.127072 0.001618
v 0.066409 0.127072 0.000039
v -0.069349 0.127072 0.001618
v -0.069349 0.127072 0.000039
v 0.066409 0.127072 0.001097
v 0.066409 0.127072 0.000560
v -0.069349 0.127072 0.001097
v -0.069349 0.127072 0.000560
v 0.153734 0.013747 0.042430
v 0.153734 0.013747 -0.040773
v -0.156675 0.013747 0.042430
v -0.156675 0.013747 -0.040773
v 0.165103 0.013747 0.014970
v 0.165103 0.013747 -0.013313
v -0.168043 0.013747 0.014970
v -0.168043 0.013747 -0.013313
v 0.152507 0.036105 0.041208
v 0.152507 0.036105 -0.039550
v -0.155448 0.036105 0.041208
v -0.155448 0.036105 -0.039550
v 0.162785 0.036105 0.014555
v 0.162785 0.036105 -0.012898
v -0.165725 0.036105 0.014555
v -0.165725 0.036105 -0.012898
v 0.165746 0.070652 0.014894
v 0.165746 0.070652 -0.013237
v -0.168686 0.070652 0.014894
v -0.168686 0.070652 -0.013237
v 0.155483 0.070652 0.042205
v 0.155483 0.070652 -0.040548
v -0.158423 0.070652 0.042205
v -0.158423 0.070652 -0.040548
v 0.163070 0.055074 0.014529
v 0.163070 0.055074 -0.012872
v -0.166010 0.055074 0.014529
v -0.166010 0.055074 -0.012872
v 0.153392 0.055074 0.041132
v 0.153392 0.055074 -0.039475
v -0.156333 0.055074 0.041132
v -0.156333 0.055074 -0.039475
v 0.147468 0.079416 0.012687
v 0.147468 0.079416 -0.011030
v -0.150409 0.079416 0.012687
v -0.150409 0.079416 -0.011030
v 0.139505 0.082072 0.035714
v 0.139505 0.082072 -0.034057
v -0.142446 0.082072 0.035714
v -0.142446 0.082072 -0.034057
v 0.162006 0.079088 0.014378
v 0.162006 0.079088 -0.012721
v -0.164947 0.079088 0.014378
v -0.164947 0.079088 -0.012721
v 0.151881 0.079973 0.040688
v 0.151881 0.079973 -0.039031
v -0.154821 0.079973 0.040688
v -0.154821 0.079973 -0.039031
v 0.088537 0.104591 0.015006
v 0.088537 0.104591 -0.013348
v -0.091478 0.104591 0.015006
v -0.091478 0.104591 -0.013348
v 0.090430 0.103197 0.005648
v 0.090430 0.103197 -0.003991
v -0.093370 0.103197 0.005648
v -0.093370 0.103197 -0.003991
v 0.071663 0.119378 0.006344
v 0.071663 0.119378 -0.004687
v -0.074604 0.119378 0.006344
v -0.074604 0.119378 -0.004687
v 0.072146 0.118913 0.002703
v 0.072146 0.118913 -0.001046
v -0.075087 0.118913 0.002703
v -0.075087 0.118913 -0.001046
v 0.124841 0.086640 0.029754
v 0.124841 0.086640 -0.028097
v -0.127781 0.086640 0.029754
v -0.127781 0.086640 -0.028097
v 0.130519 0.083520 0.010661
v 0.130519 0.083520 -0.009004
v -0.133459 0.083520 0.010661
v -0.133459 0.083520 -0.009004
v 0.108542 0.093679 0.022809
v 0.108542 0.093679 -0.021152
v -0.111482 0.093679 0.022809
v -0.111482 0.093679 -0.021152
v 0.112253 0.091399 0.008301
v 0.112253 0.091399 -0.006643
v -0.115194 0.091399 0.008301
v -0.115194 0.091399 -0.006643
v 0.065956 0.127192 0.002443
v 0.065956 0.127192 -0.000786
v -0.068897 0.127192 0.002443
v -0.068897 0.127192 -0.000786
v 0.065472 0.128094 0.001360
v 0.065472 0.128094 0.000297
v -0.068413 0.128094 0.001360
v -0.068413 0.128094 0.000297
v 0.123575 0.013747 0.073488
v 0.123575 0.013747 -0.071831
v -0.126515 0.013747 0.073488
v -0.126515 0.013747 -0.071831
v 0.122839 0.036105 0.071352
v 0.122839 0.036105 -0.069695
v -0.125779 0.036105 0.071352
v -0.125779 0.036105 -0.069695
v -0.001470 0.122987 0.002160
v -0.001470 0.122987 -0.000503
v -0.001470 0.123757 0.001272
v -0.001470 0.123757 0.000385
v -0.001470 0.013747 0.071347
v -0.001470 0.013747 -0.069690
v -0.001470 0.036105 0.069274
v -0.001470 0.036105 -0.067617
v 0.124254 0.055074 0.071221
v 0.124254 0.055074 -0.069564
v -0.127195 0.055074 0.071221
v -0.127195 0.055074 -0.069564
v 0.126489 0.070652 0.073094
v 0.126489 0.070652 -0.071437
v -0.129429 0.070652 0.073094
v -0.129429 0.070652 -0.071437
v -0.001470 0.055074 0.069147
v -0.001470 0.055074 -0.067490
v -0.001470 0.070652 0.070965
v -0.001470 0.070652 -0.069308
v 0.123942 0.080990 0.070445
v 0.123942 0.080990 -0.068788
v -0.126882 0.080990 0.070445
v -0.126882 0.080990 -0.068788
v 0.115367 0.085122 0.061757
v 0.115367 0.085122 -0.060100
v -0.118308 0.085122 0.061757
v -0.118308 0.085122 -0.060100
v -0.001470 0.081074 0.066804
v -0.001470 0.081074 -0.065147
v -0.001470 0.085374 0.055193
v -0.001470 0.085374 -0.053535
v 0.058226 0.124592 0.004719
v 0.058226 0.124592 -0.003061
v -0.061166 0.124592 0.004719
v -0.061166 0.124592 -0.003061
v 0.039145 0.123417 0.004513
v 0.039145 0.123417 -0.002856
v -0.042086 0.123417 0.004513
v -0.042086 0.123417 -0.002856
v 0.006307 0.121386 0.004157
v 0.006307 0.121386 -0.002500
v -0.009248 0.121386 0.004157
v -0.009248 0.121386 -0.002500
v 0.021862 0.122348 0.004326
v 0.021862 0.122348 -0.002669
v -0.024803 0.122348 0.004326
v -0.024803 0.122348 -0.002669
v 0.056376 0.127931 0.000829
v -0.059316 0.127931 0.000829
v 0.037932 0.126639 0.000829
v -0.040873 0.126639 0.000829
v 0.006075 0.124407 0.000829
v -0.009015 0.124407 0.000829
v 0.021165 0.125464 0.000829
v -0.024106 0.125464 0.000829
v 0.110159 0.003051 0.076483
v 0.110159 0.003051 -0.074825
v -0.113100 0.003051 0.076483
v -0.113100 0.003051 -0.074825
v 0.074567 0.003051 0.072480
v 0.074567 0.003051 -0.070823
v -0.077508 0.003051 0.072480
v -0.077508 0.003051 -0.070823
v 0.013090 0.003051 0.072742
v 0.013090 0.003051 -0.071085
v -0.016031 0.003051 0.072742
v -0.016031 0.003051 -0.071085
v 0.042211 0.003051 0.071233
v 0.042211 0.003051 -0.069576
v -0.045151 0.003051 0.071233
v -0.045151 0.003051 -0.069576
v 0.108636 0.046678 0.072268
v 0.108636 0.046678 -0.070611
v -0.111576 0.046678 0.072268
v -0.111576 0.046678 -0.070611
v 0.073218 0.046678 0.068489
v 0.073218 0.046678 -0.066831
v -0.076159 0.046678 0.068489
v -0.076159 0.046678 -0.066831
v 0.012625 0.046678 0.068736
v 0.012625 0.046678 -0.067079
v -0.015565 0.046678 0.068736
v -0.015565 0.046678 -0.067079
v 0.040871 0.046678 0.067311
v 0.040871 0.046678 -0.065654
v -0.043812 0.046678 0.067311
v -0.043812 0.046678 -0.065654
v 0.111686 0.077393 0.074416
v 0.111686 0.077393 -0.072759
v -0.114627 0.077393 0.074416
v -0.114627 0.077393 -0.072759
v 0.075873 0.077393 0.070523
v 0.075873 0.077393 -0.068866
v -0.078814 0.077393 0.070523
v -0.078814 0.077393 -0.068866
v 0.012897 0.077393 0.070437
v 0.012897 0.077393 -0.068780
v -0.015837 0.077393 0.070437
v -0.015837 0.077393 -0.068780
v 0.042419 0.077393 0.069197
v 0.042419 0.077393 -0.067539
v -0.045359 0.077393 0.069197
v -0.045359 0.077393 -0.067539
v 0.097111 0.087720 0.057864
v 0.097111 0.087720 -0.056207
v -0.100052 0.087720 0.057864
v -0.100052 0.087720 -0.056207
v 0.064354 0.087688 0.054847
v 0.064354 0.087688 -0.053189
v -0.067295 0.087688 0.054847
v -0.067295 0.087688 -0.053189
v 0.010799 0.087633 0.050080
v 0.010799 0.087633 -0.048423
v -0.013740 0.087633 0.050080
v -0.013740 0.087633 -0.048423
v 0.035657 0.087659 0.052252
v 0.035657 0.087659 -0.050595
v -0.038597 0.087659 0.052252
v -0.038597 0.087659 -0.050595
v 0.029463 0.124782 0.002281
v 0.029463 0.124782 -0.000624
v -0.032403 0.124782 0.002281
v -0.032403 0.124782 -0.000624
v 0.029240 0.125609 0.001313
v 0.029240 0.125609 0.000344
v -0.032181 0.125609 0.001313
v -0.032181 0.125609 0.000344
v 0.056510 0.013747 0.069444
v 0.056510 0.013747 -0.067786
v -0.059450 0.013747 0.069444
v -0.059450 0.013747 -0.067786
v 0.055747 0.036105 0.067427
v 0.055747 0.036105 -0.065769
v -0.058688 0.036105 0.067427
v -0.058688 0.036105 -0.065769
v 0.056278 0.055074 0.067303
v 0.056278 0.055074 -0.065645
v -0.059219 0.055074 0.067303
v -0.059219 0.055074 -0.065645
v 0.057912 0.070652 0.069072
v 0.057912 0.070652 -0.067414
v -0.060853 0.070652 0.069072
v -0.060853 0.070652 -0.067414
v 0.056881 0.081074 0.066456
v 0.056881 0.081074 -0.064799
v -0.059822 0.081074 0.066456
v -0.059822 0.081074 -0.064799
v 0.051810 0.085374 0.058025
v 0.051810 0.085374 -0.056368
v -0.054750 0.085374 0.058025
v -0.054750 0.085374 -0.056368
v 0.067783 0.125098 0.004324
v 0.067783 0.125098 -0.002666
v -0.070723 0.125098 0.004324
v -0.070723 0.125098 -0.002666
v 0.136953 0.003051 0.067806
v 0.136953 0.003051 -0.066149
v -0.139893 0.003051 0.067806
v -0.139893 0.003051 -0.066149
v 0.135311 0.046678 0.064075
v 0.135311 0.046678 -0.062418
v -0.138251 0.046678 0.064075
v -0.138251 0.046678 -0.062418
v 0.137852 0.077310 0.065977
v 0.137852 0.077310 -0.064319
v -0.140793 0.077310 0.065977
v -0.140793 0.077310 -0.064319
v 0.120568 0.086517 0.051323
v 0.120568 0.086517 -0.049666
v -0.123509 0.086517 0.051323
v -0.123509 0.086517 -0.049666
v 0.065881 0.128051 0.000829
v -0.068822 0.128051 0.000829
v 0.066368 0.127147 0.000829
v -0.069309 0.127147 0.000829
v 0.166059 0.013747 0.000829
v -0.168999 0.013747 0.000829
v 0.163588 0.036105 0.000829
v -0.166528 0.036105 0.000829
v 0.163755 0.055074 0.000829
v -0.166695 0.055074 0.000829
v 0.166454 0.070652 0.000829
v -0.169395 0.070652 0.000829
v 0.162652 0.078860 0.000829
v -0.165593 0.078860 0.000829
v 0.148119 0.078733 0.000829
v -0.151060 0.078733 0.000829
v 0.069127 0.119782 0.010461
v 0.069127 0.119782 -0.008804
v -0.072067 0.119782 0.010461
v -0.072067 0.119782 -0.008804
v 0.081948 0.106107 0.025589
v 0.081948 0.106107 -0.023932
v -0.084889 0.106107 0.025589
v -0.084889 0.106107 -0.023932
v 0.106617 0.090209 0.051348
v 0.106617 0.090209 -0.049691
v -0.109558 0.090209 0.051348
v -0.109558 0.090209 -0.049691
v 0.095752 0.096250 0.039219
v 0.095752 0.096250 -0.037561
v -0.098693 0.096250 0.039219
v -0.098693 0.096250 -0.037561
v -0.001470 0.116390 0.009095
v -0.001470 0.116390 -0.007437
v -0.001470 0.103966 0.022077
v -0.001470 0.103966 -0.020420
v -0.001470 0.090082 0.044182
v -0.001470 0.090082 -0.042525
v -0.001470 0.095197 0.033773
v -0.001470 0.095197 -0.032116
v 0.031677 0.117901 0.009847
v 0.031677 0.117901 -0.008190
v -0.034618 0.117901 0.009847
v -0.034618 0.117901 -0.008190
v 0.035977 0.104966 0.024012
v 0.035977 0.104966 -0.022355
v -0.038917 0.104966 0.024012
v -0.038917 0.104966 -0.022355
v 0.046330 0.090268 0.048131
v 0.046330 0.090268 -0.046473
v -0.049270 0.090268 0.048131
v -0.049270 0.090268 -0.046473
v 0.040826 0.095755 0.036773
v 0.040826 0.095755 -0.035116
v -0.043767 0.095755 0.036773
v -0.043767 0.095755 -0.035116
v 0.131510 0.082717 0.000829
v -0.134451 0.082717 0.000829
v 0.113209 0.090812 0.000829
v -0.116150 0.090812 0.000829
v 0.072271 0.118793 0.000829
v -0.075211 0.118793 0.000829
v 0.090917 0.102837 0.000829
v -0.093857 0.102837 0.000829
v 0.077587 0.100203 0.033280
v 0.077587 0.100203 -0.031623
v -0.080528 0.100203 0.033280
v -0.080528 0.100203 -0.031623
v 0.050205 0.099680 0.031563
v 0.050205 0.099680 -0.029906
v -0.053146 0.099680 0.031563
v -0.053146 0.099680 -0.029906
v 0.008289 0.098775 0.028598
v 0.008289 0.098775 -0.026940
v -0.011230 0.098775 0.028598
v -0.011230 0.098775 -0.026940
v 0.027808 0.099204 0.030002
v 0.027808 0.099204 -0.028345
v -0.030749 0.099204 0.030002
v -0.030749 0.099204 -0.028345
v 0.095199 0.099764 0.029558
v 0.095199 0.099764 -0.027901
v -0.098140 0.099764 0.029558
v -0.098140 0.099764 -0.027901
v 0.021329 0.124654 0.001773
v 0.021329 0.124654 -0.000116
v -0.024270 0.124654 0.001773
v -0.024270 0.124654 -0.000116
v 0.013784 0.123744 0.002211
v 0.013784 0.123744 -0.000554
v -0.016725 0.123744 0.002211
v -0.016725 0.123744 -0.000554
v 0.006130 0.123629 0.001727
v 0.006130 0.123629 -0.000070
v -0.009070 0.123629 0.001727
v -0.009070 0.123629 -0.000070
v 0.013675 0.124538 0.001289
v 0.013675 0.124538 0.000368
v -0.016615 0.124538 0.001289
v -0.016615 0.124538 0.000368
v 0.056796 0.127048 0.001879
v 0.056796 0.127048 -0.000222
v -0.059736 0.127048 0.001879
v -0.059736 0.127048 -0.000222
v 0.047683 0.125989 0.002362
v 0.047683 0.125988 -0.000705
v -0.050624 0.125988 0.002362
v -0.050624 0.125989 -0.000705
v 0.038218 0.125794 0.001823
v 0.038218 0.125794 -0.000166
v -0.041159 0.125794 0.001823
v -0.041159 0.125794 -0.000166
v 0.047330 0.126853 0.001340
v 0.047330 0.126853 0.000317
v -0.050271 0.126853 0.001340
v -0.050271 0.126853 0.000317
v 0.040856 0.024685 0.068140
v 0.040856 0.024685 -0.066482
v -0.043797 0.024685 0.068140
v -0.043797 0.024685 -0.066482
v 0.027123 0.013747 0.070243
v 0.027123 0.013747 -0.068586
v -0.030063 0.013747 0.070243
v -0.030063 0.013747 -0.068586
v 0.012639 0.024685 0.069582
v 0.012639 0.024685 -0.067925
v -0.015579 0.024685 0.069582
v -0.015579 0.024685 -0.067925
v 0.026677 0.036105 0.068203
v 0.026677 0.036105 -0.066546
v -0.029617 0.036105 0.068203
v -0.029617 0.036105 -0.066546
v 0.106979 0.024685 0.073158
v 0.106979 0.024685 -0.071501
v -0.109920 0.024685 0.073158
v -0.109920 0.024685 -0.071501
v 0.090663 0.013747 0.072676
v 0.090663 0.013747 -0.071019
v -0.093603 0.013747 0.072676
v -0.093603 0.013747 -0.071019
v 0.072350 0.024685 0.069332
v 0.072350 0.024685 -0.067675
v -0.075291 0.024685 0.069332
v -0.075291 0.024685 -0.067675
v 0.090216 0.036105 0.070564
v 0.090216 0.036105 -0.068907
v -0.093157 0.036105 0.070564
v -0.093157 0.036105 -0.068907
v 0.074084 0.062621 0.069079
v 0.074084 0.062621 -0.067422
v -0.077025 0.062621 0.069079
v -0.077025 0.062621 -0.067422
v 0.093478 0.070652 0.072286
v 0.093478 0.070652 -0.070629
v -0.096419 0.070652 0.072286
v -0.096419 0.070652 -0.070629
v 0.109524 0.062621 0.072892
v 0.109524 0.062621 -0.071234
v -0.112465 0.062621 0.072892
v -0.112465 0.062621 -0.071234
v 0.091526 0.055074 0.070434
v 0.091526 0.055074 -0.068777
v -0.094466 0.055074 0.070434
v -0.094466 0.055074 -0.068777
v 0.012647 0.062621 0.069329
v 0.012647 0.062621 -0.067672
v -0.015587 0.062621 0.069329
v -0.015587 0.062621 -0.067672
v 0.027311 0.070652 0.069867
v 0.027311 0.070652 -0.068210
v -0.030252 0.070652 0.069867
v -0.030252 0.070652 -0.068210
v 0.041327 0.062621 0.067892
v 0.041327 0.062621 -0.066234
v -0.044268 0.062621 0.067892
v -0.044268 0.062621 -0.066234
v 0.026741 0.055074 0.068078
v 0.026741 0.055074 -0.066420
v -0.029682 0.055074 0.068078
v -0.029682 0.055074 -0.066420
v 0.070871 0.083224 0.063618
v 0.070871 0.083224 -0.061961
v -0.073811 0.083224 0.063618
v -0.073811 0.083224 -0.061961
v 0.084361 0.085374 0.061076
v 0.084361 0.085374 -0.059419
v -0.087301 0.085374 0.061076
v -0.087301 0.085374 -0.059419
v 0.104825 0.083224 0.067125
v 0.104825 0.083224 -0.065468
v -0.107766 0.083224 0.067125
v -0.107766 0.083224 -0.065468
v 0.091674 0.081074 0.069667
v 0.091674 0.081074 -0.068010
v -0.094614 0.081074 0.069667
v -0.094614 0.081074 -0.068010
v 0.011961 0.083224 0.061122
v 0.011961 0.083224 -0.059465
v -0.014902 0.083224 0.061122
v -0.014902 0.083224 -0.059465
v 0.024374 0.085374 0.056311
v 0.024374 0.085374 -0.054654
v -0.027314 0.085374 0.056311
v -0.027314 0.085374 -0.054654
v 0.039497 0.083224 0.061617
v 0.039497 0.083224 -0.059960
v -0.042438 0.083224 0.061617
v -0.042438 0.083224 -0.059960
v 0.026734 0.081074 0.066428
v 0.026734 0.081074 -0.064771
v -0.029674 0.081074 0.066428
v -0.029674 0.081074 -0.064771
v 0.066328 0.127223 0.002109
v 0.066328 0.127223 -0.000452
v -0.069268 0.127223 0.002109
v -0.069268 0.127223 -0.000452
v 0.066328 0.127223 0.001637
v 0.066328 0.127223 0.000020
v -0.069268 0.127223 0.001637
v -0.069268 0.127223 0.000020
v 0.066084 0.127674 0.001408
v 0.066084 0.127674 0.000249
v -0.069025 0.127674 0.001408
v -0.069025 0.127674 0.000249
v 0.144308 0.013747 0.055023
v 0.144308 0.013747 -0.053366
v -0.147249 0.013747 0.055023
v -0.147249 0.013747 -0.053366
v 0.133777 0.024685 0.064863
v 0.133777 0.024685 -0.063206
v -0.136717 0.024685 0.064863
v -0.136717 0.024685 -0.063206
v 0.143618 0.036105 0.053430
v 0.143618 0.036105 -0.051773
v -0.146559 0.036105 0.053430
v -0.146559 0.036105 -0.051773
v 0.136126 0.062621 0.064627
v 0.136126 0.062621 -0.062970
v -0.139067 0.062621 0.064627
v -0.139067 0.062621 -0.062970
v 0.146593 0.070652 0.054729
v 0.146593 0.070652 -0.053072
v -0.149533 0.070652 0.054729
v -0.149533 0.070652 -0.053072
v 0.144801 0.055074 0.053332
v 0.144801 0.055074 -0.051675
v -0.147741 0.055074 0.053332
v -0.147741 0.055074 -0.051675
v 0.129723 0.082553 0.059522
v 0.129723 0.082553 -0.057865
v -0.132664 0.082553 0.059522
v -0.132664 0.082553 -0.057865
v 0.132606 0.083290 0.046273
v 0.132606 0.083290 -0.044616
v -0.135547 0.083290 0.046273
v -0.135547 0.083290 -0.044616
v 0.143138 0.080379 0.052753
v 0.143138 0.080379 -0.051096
v -0.146078 0.080379 0.052753
v -0.146078 0.080379 -0.051096
v 0.059004 0.105638 0.025313
v 0.059004 0.105638 -0.023655
v -0.061945 0.105638 0.025313
v -0.061945 0.105638 -0.023655
v 0.044014 0.111846 0.017371
v 0.044014 0.111846 -0.015714
v -0.046955 0.111846 0.017371
v -0.046955 0.111846 -0.015714
v 0.051271 0.118917 0.010353
v 0.051271 0.118917 -0.008696
v -0.054211 0.118917 0.010353
v -0.054211 0.118917 -0.008696
v 0.066165 0.112709 0.018295
v 0.066165 0.112709 -0.016638
v -0.069106 0.112709 0.018295
v -0.069106 0.112709 -0.016638
v 0.076533 0.090393 0.050784
v 0.076533 0.090393 -0.049126
v -0.079473 0.090393 0.050784
v -0.079473 0.090393 -0.049126
v 0.057247 0.093134 0.043592
v 0.057247 0.093134 -0.041935
v -0.060187 0.093134 0.043592
v -0.060187 0.093134 -0.041935
v 0.067821 0.096130 0.038789
v 0.067821 0.096130 -0.037132
v -0.070761 0.096130 0.038789
v -0.070761 0.096130 -0.037132
v 0.088025 0.093389 0.045981
v 0.088025 0.093389 -0.044324
v -0.090965 0.093389 0.045981
v -0.090965 0.093389 -0.044324
v 0.016951 0.104388 0.022893
v 0.016951 0.104388 -0.021236
v -0.019892 0.104388 0.022893
v -0.019892 0.104388 -0.021236
v 0.007222 0.110355 0.015775
v 0.007222 0.110355 -0.014118
v -0.010162 0.110355 0.015775
v -0.010162 0.110355 -0.014118
v 0.014876 0.117028 0.009412
v 0.014876 0.117028 -0.007755
v -0.017817 0.117028 0.009412
v -0.017817 0.117028 -0.007755
v 0.024606 0.111061 0.016531
v 0.024606 0.111061 -0.014874
v -0.027546 0.111061 0.016531
v -0.027546 0.111061 -0.014874
v 0.021862 0.090160 0.045848
v 0.021862 0.090160 -0.044191
v -0.024803 0.090160 0.045848
v -0.024803 0.090160 -0.044191
v 0.009538 0.092692 0.039466
v 0.009538 0.092692 -0.037809
v -0.012478 0.092692 0.039466
v -0.012478 0.092692 -0.037809
v 0.019267 0.095432 0.035039
v 0.019267 0.095432 -0.033381
v -0.022207 0.095432 0.035039
v -0.022207 0.095432 -0.033381
v 0.031591 0.092901 0.041421
v 0.031591 0.092901 -0.039763
v -0.034532 0.092901 0.041421
v -0.034532 0.092901 -0.039763
v 0.087508 0.105231 0.019297
v 0.087508 0.105231 -0.017640
v -0.090448 0.105231 0.019297
v -0.090448 0.105231 -0.017640
v 0.077753 0.112788 0.016292
v 0.077753 0.112788 -0.014635
v -0.080693 0.112788 0.016292
v -0.080693 0.112788 -0.014635
v 0.071525 0.119591 0.008013
v 0.071525 0.119591 -0.006356
v -0.074465 0.119591 0.008013
v -0.074465 0.119591 -0.006356
v 0.120583 0.088071 0.038510
v 0.120583 0.088071 -0.036852
v -0.123524 0.088071 0.038510
v -0.123524 0.088071 -0.036852
v 0.109216 0.092493 0.040803
v 0.109216 0.092493 -0.039145
v -0.112156 0.092493 0.040803
v -0.112156 0.092493 -0.039145
v 0.106182 0.094724 0.029462
v 0.106182 0.094724 -0.027805
v -0.109122 0.094724 0.029462
v -0.109122 0.094724 -0.027805
v 0.067924 0.124882 0.001566
v 0.067924 0.124882 0.000092
v -0.070865 0.124882 0.001566
v -0.070865 0.124882 0.000092
v 0.067803 0.124998 0.002997
v 0.067803 0.124998 -0.001340
v -0.070744 0.124998 0.002997
v -0.070744 0.124998 -0.001340
v 0.168028 0.003051 0.015326
v 0.168028 0.003051 -0.013669
v -0.170968 0.003051 0.015326
v -0.170968 0.003051 -0.013669
v 0.155942 0.003051 0.043476
v 0.155942 0.003051 -0.041819
v -0.158883 0.003051 0.043476
v -0.158883 0.003051 -0.041819
v 0.163159 0.046678 0.014518
v 0.163159 0.046678 -0.012861
v -0.166100 0.046678 0.014518
v -0.166100 0.046678 -0.012861
v 0.153219 0.046678 0.041100
v 0.153219 0.046678 -0.039443
v -0.156159 0.046678 0.041100
v -0.156159 0.046678 -0.039443
v 0.166310 0.076897 0.014930
v 0.166310 0.076897 -0.013273
v -0.169250 0.076897 0.014930
v -0.169250 0.076897 -0.013273
v 0.155675 0.077118 0.042311
v 0.155675 0.077118 -0.040654
v -0.158616 0.077118 0.042311
v -0.158616 0.077118 -0.040654
v 0.139331 0.080524 0.011758
v 0.139331 0.080524 -0.010101
v -0.142271 0.080524 0.011758
v -0.142271 0.080524 -0.010101
v 0.132545 0.083739 0.032980
v 0.132545 0.083739 -0.031323
v -0.135486 0.083739 0.032980
v -0.135486 0.083739 -0.031323
v 0.102240 0.096318 0.007047
v 0.102240 0.096318 -0.005390
v -0.105180 0.096318 0.007047
v -0.105180 0.096318 -0.005390
v 0.099430 0.098166 0.019122
v 0.099430 0.098166 -0.017465
v -0.102370 0.098166 0.019122
v -0.102370 0.098166 -0.017465
v 0.163061 0.024685 0.014689
v 0.163061 0.024685 -0.013032
v -0.166001 0.024685 0.014689
v -0.166001 0.024685 -0.013032
v 0.152323 0.024685 0.041602
v 0.152323 0.024685 -0.039945
v -0.155264 0.024685 0.041602
v -0.155264 0.024685 -0.039945
v 0.163578 0.062621 0.014638
v 0.163578 0.062621 -0.012981
v -0.166518 0.062621 0.014638
v -0.166518 0.062621 -0.012981
v 0.153867 0.062621 0.041452
v 0.153867 0.062621 -0.039794
v -0.156807 0.062621 0.041452
v -0.156807 0.062621 -0.039794
v 0.155003 0.079252 0.013533
v 0.155003 0.079252 -0.011876
v -0.157943 0.079252 0.013533
v -0.157943 0.079252 -0.011876
v 0.145893 0.081023 0.038201
v 0.145893 0.081023 -0.036544
v -0.148833 0.081023 0.038201
v -0.148833 0.081023 -0.036544
v 0.079505 0.111055 0.004176
v 0.079505 0.111055 -0.002518
v -0.082445 0.111055 0.004176
v -0.082445 0.111055 -0.002518
v 0.078428 0.111984 0.010675
v 0.078428 0.111984 -0.009017
v -0.081368 0.111984 0.010675
v -0.081368 0.111984 -0.009017
v 0.121378 0.087459 0.009481
v 0.121378 0.087459 -0.007824
v -0.124318 0.087459 0.009481
v -0.124318 0.087459 -0.007824
v 0.116728 0.090159 0.026282
v 0.116728 0.090159 -0.024624
v -0.119668 0.090159 0.026282
v -0.119668 0.090159 -0.024624
v 0.066368 0.127147 0.001294
v 0.066368 0.127147 0.000363
v -0.069309 0.127147 0.001294
v -0.069309 0.127147 0.000363
v 0.161305 0.013747 0.028906
v 0.161305 0.013747 -0.027249
v -0.164245 0.013747 0.028906
v -0.164245 0.013747 -0.027249
v 0.159412 0.036105 0.028081
v 0.159412 0.036105 -0.026424
v -0.162353 0.036105 0.028081
v -0.162353 0.036105 -0.026424
v 0.162472 0.070652 0.028754
v 0.162472 0.070652 -0.027097
v -0.165412 0.070652 0.028754
v -0.165412 0.070652 -0.027097
v 0.159965 0.055074 0.028030
v 0.159965 0.055074 -0.026373
v -0.162906 0.055074 0.028030
v -0.162906 0.055074 -0.026373
v 0.144826 0.080764 0.024373
v 0.144826 0.080764 -0.022716
v -0.147767 0.080764 0.024373
v -0.147767 0.080764 -0.022716
v 0.158829 0.079537 0.027731
v 0.158829 0.079537 -0.026073
v -0.161769 0.079537 0.027731
v -0.161769 0.079537 -0.026073
v 0.089469 0.103904 0.010397
v 0.089469 0.103904 -0.008740
v -0.092410 0.103904 0.010397
v -0.092410 0.103904 -0.008740
v 0.071901 0.119149 0.004551
v 0.071901 0.119149 -0.002894
v -0.074842 0.119149 0.004551
v -0.074842 0.119149 -0.002894
v 0.128108 0.085104 0.020351
v 0.128108 0.085104 -0.018694
v -0.131048 0.085104 0.020351
v -0.131048 0.085104 -0.018694
v 0.110370 0.092556 0.015664
v 0.110370 0.092556 -0.014006
v -0.113310 0.092556 0.015664
v -0.113310 0.092556 -0.014006
v 0.065402 0.125013 0.004671
v 0.065402 0.125013 -0.003014
v -0.068343 0.125013 0.004671
v -0.068343 0.125013 -0.003014
v 0.065228 0.128503 0.000829
v -0.068169 0.128503 0.000829
v 0.125756 0.003051 0.075314
v 0.125756 0.003051 -0.073657
v -0.128696 0.003051 0.075314
v -0.128696 0.003051 -0.073657
v 0.123915 0.046678 0.071165
v 0.123915 0.046678 -0.069508
v -0.126856 0.046678 0.071165
v -0.126856 0.046678 -0.069508
v -0.001470 0.121145 0.004115
v -0.001470 0.121145 -0.002458
v -0.001470 0.124142 0.000829
v -0.001470 0.003051 0.073119
v -0.001470 0.003051 -0.071462
v -0.001470 0.046678 0.069092
v -0.001470 0.046678 -0.067435
v 0.126984 0.077372 0.073279
v 0.126984 0.077372 -0.071622
v -0.129925 0.077372 0.073279
v -0.129925 0.077372 -0.071622
v -0.001470 0.077393 0.070747
v -0.001470 0.077393 -0.069090
v 0.111299 0.087427 0.056983
v 0.111299 0.087427 -0.055326
v -0.114239 0.087427 0.056983
v -0.114239 0.087427 -0.055326
v -0.001470 0.087626 0.049537
v -0.001470 0.087626 -0.047880
v 0.030072 0.122855 0.004415
v 0.030072 0.122855 -0.002757
v -0.033012 0.122855 0.004415
v -0.033012 0.122855 -0.002757
v 0.029129 0.126022 0.000829
v -0.032070 0.126022 0.000829
v 0.057580 0.003051 0.071168
v 0.057580 0.003051 -0.069511
v -0.060521 0.003051 0.071168
v -0.060521 0.003051 -0.069511
v 0.056034 0.046678 0.067249
v 0.056034 0.046678 -0.065592
v -0.058974 0.046678 0.067249
v -0.058974 0.046678 -0.065592
v 0.058360 0.077393 0.069218
v 0.058360 0.077393 -0.067561
v -0.061300 0.077393 0.069218
v -0.061300 0.077393 -0.067561
v 0.049125 0.087673 0.053444
v 0.049125 0.087673 -0.051786
v -0.052065 0.087673 0.053444
v -0.052065 0.087673 -0.051786
v 0.067945 0.124871 0.000829
v -0.070886 0.124871 0.000829
v 0.169074 0.003051 0.000829
v -0.172015 0.003051 0.000829
v 0.163902 0.046678 0.000829
v -0.166842 0.046678 0.000829
v 0.167042 0.076840 0.000829
v -0.169983 0.076840 0.000829
v 0.140140 0.079697 0.000829
v -0.143080 0.079697 0.000829
v 0.089363 0.100224 0.032779
v 0.089363 0.100224 -0.031122
v -0.092303 0.100224 0.032779
v -0.092303 0.100224 -0.031122
v -0.001470 0.098668 0.028247
v -0.001470 0.098668 -0.026589
v 0.038287 0.099430 0.030744
v 0.038287 0.099430 -0.029087
v -0.041228 0.099430 0.030744
v -0.041228 0.099430 -0.029087
v 0.102963 0.095842 0.000829
v -0.105904 0.095842 0.000829
v 0.065851 0.127649 0.001900
v 0.065851 0.127649 -0.000242
v -0.068791 0.127649 0.001900
v -0.068791 0.127649 -0.000242
v 0.122300 0.024685 0.072041
v 0.122300 0.024685 -0.070384
v -0.125241 0.024685 0.072041
v -0.125241 0.024685 -0.070384
v -0.001470 0.123372 0.001716
v -0.001470 0.123372 -0.000059
v -0.001470 0.024685 0.069943
v -0.001470 0.024685 -0.068286
v 0.124798 0.062621 0.071779
v 0.124798 0.062621 -0.070121
v -0.127738 0.062621 0.071779
v -0.127738 0.062621 -0.070121
v -0.001470 0.062621 0.069688
v -0.001470 0.062621 -0.068031
v 0.119392 0.083056 0.066101
v 0.119392 0.083056 -0.064444
v -0.122333 0.083056 0.066101
v -0.122333 0.083056 -0.064444
v -0.001470 0.083224 0.060998
v -0.001470 0.083224 -0.059341
v 0.048668 0.124004 0.004616
v 0.048668 0.124004 -0.002959
v -0.051609 0.124004 0.004616
v -0.051609 0.124004 -0.002959
v 0.014085 0.121867 0.004242
v 0.014085 0.121867 -0.002584
v -0.017025 0.121867 0.004242
v -0.017025 0.121867 -0.002584
v 0.047154 0.127285 0.000829
v -0.050094 0.127285 0.000829
v 0.013620 0.124935 0.000829
v -0.016561 0.124935 0.000829
v 0.092363 0.003051 0.074481
v 0.092363 0.003051 -0.072824
v -0.095304 0.003051 0.074481
v -0.095304 0.003051 -0.072824
v 0.027651 0.003051 0.071988
v 0.027651 0.003051 -0.070331
v -0.030591 0.003051 0.071988
v -0.030591 0.003051 -0.070331
v 0.091171 0.046678 0.070378
v 0.091171 0.046678 -0.068721
v -0.094111 0.046678 0.070378
v -0.094111 0.046678 -0.068721
v 0.026734 0.046678 0.068024
v 0.026734 0.046678 -0.066366
v -0.029674 0.046678 0.068024
v -0.029674 0.046678 -0.066366
v 0.093976 0.077393 0.072469
v 0.093976 0.077393 -0.070812
v -0.096916 0.077393 0.072469
v -0.096916 0.077393 -0.070812
v 0.027461 0.077393 0.069817
v 0.027461 0.077393 -0.068160
v -0.030401 0.077393 0.069817
v -0.030401 0.077393 -0.068160
v 0.080598 0.087704 0.056355
v 0.080598 0.087704 -0.054698
v -0.083539 0.087704 0.056355
v -0.083539 0.087704 -0.054698
v 0.023148 0.087646 0.051166
v 0.023148 0.087646 -0.049509
v -0.026089 0.087646 0.051166
v -0.026089 0.087646 -0.049509
v 0.029352 0.125196 0.001797
v 0.029352 0.125196 -0.000140
v -0.032292 0.125196 0.001797
v -0.032292 0.125196 -0.000140
v 0.055784 0.024685 0.068077
v 0.055784 0.024685 -0.066420
v -0.058724 0.024685 0.068077
v -0.058724 0.024685 -0.066420
v 0.056798 0.062621 0.067829
v 0.056798 0.062621 -0.066172
v -0.059739 0.062621 0.067829
v -0.059739 0.062621 -0.066172
v 0.054393 0.083224 0.062241
v 0.054393 0.083224 -0.060584
v -0.057333 0.083224 0.062241
v -0.057333 0.083224 -0.060584
v 0.067299 0.125743 0.003146
v 0.067299 0.125743 -0.001489
v -0.070239 0.125743 0.003146
v -0.070239 0.125743 -0.001489
v 0.146199 0.003051 0.056385
v 0.146199 0.003051 -0.054728
v -0.149139 0.003051 0.056385
v -0.149139 0.003051 -0.054728
v 0.144514 0.046678 0.053290
v 0.144514 0.046678 -0.051633
v -0.147455 0.046678 0.053290
v -0.147455 0.046678 -0.051633
v 0.146634 0.077220 0.054867
v 0.146634 0.077220 -0.053210
v -0.149575 0.077220 0.054867
v -0.149575 0.077220 -0.053210
v 0.126967 0.085213 0.042712
v 0.126967 0.085213 -0.041055
v -0.129908 0.085213 0.042712
v -0.129908 0.085213 -0.041055
v 0.066135 0.127580 0.000829
v -0.069075 0.127580 0.000829
v 0.163933 0.024685 0.000829
v -0.166874 0.024685 0.000829
v 0.164241 0.062621 0.000829
v -0.167181 0.062621 0.000829
v 0.155580 0.078796 0.000829
v -0.158520 0.078796 0.000829
v 0.074779 0.112945 0.018025
v 0.074779 0.112945 -0.016368
v -0.077720 0.112945 0.018025
v -0.077720 0.112945 -0.016368
v 0.101407 0.093229 0.045284
v 0.101407 0.093229 -0.043626
v -0.104348 0.093229 0.045284
v -0.104348 0.093229 -0.043626
v -0.001470 0.110178 0.015586
v -0.001470 0.110178 -0.013929
v -0.001470 0.092639 0.038977
v -0.001470 0.092639 -0.037320
v 0.033804 0.111434 0.016930
v 0.033804 0.111434 -0.015273
v -0.036744 0.111434 0.016930
v -0.036744 0.111434 -0.015273
v 0.043528 0.093011 0.042452
v 0.043528 0.093011 -0.040795
v -0.046469 0.093011 0.042452
v -0.046469 0.093011 -0.040795
v 0.122457 0.086764 0.000829
v -0.125398 0.086764 0.000829
v 0.079782 0.110815 0.000829
v -0.082723 0.110815 0.000829
v 0.063369 0.099941 0.032422
v 0.063369 0.099941 -0.030764
v -0.066310 0.099941 0.032422
v -0.066310 0.099941 -0.030764
v 0.018049 0.098989 0.029300
v 0.018049 0.098989 -0.027643
v -0.020989 0.098989 0.029300
v -0.020989 0.098989 -0.027643
v 0.097691 0.099014 0.024659
v 0.097691 0.099014 -0.023002
v -0.100631 0.099014 0.024659
v -0.100631 0.099014 -0.023002
v 0.013730 0.124141 0.001750
v 0.013730 0.124141 -0.000093
v -0.016670 0.124141 0.001750
v -0.016670 0.124141 -0.000093
v 0.047507 0.126421 0.001851
v 0.047507 0.126421 -0.000194
v -0.050447 0.126421 0.001851
v -0.050447 0.126421 -0.000194
v 0.026747 0.024685 0.068861
v 0.026747 0.024685 -0.067204
v -0.029688 0.024685 0.068861
v -0.029688 0.024685 -0.067204
v 0.089701 0.024685 0.071245
v 0.089701 0.024685 -0.069588
v -0.092641 0.024685 0.071245
v -0.092641 0.024685 -0.069588
v 0.092041 0.062621 0.070985
v 0.092041 0.062621 -0.069328
v -0.094982 0.062621 0.070985
v -0.094982 0.062621 -0.069328
v 0.026875 0.062621 0.068610
v 0.026875 0.062621 -0.066953
v -0.029816 0.062621 0.068610
v -0.029816 0.062621 -0.066953
v 0.087994 0.083224 0.065372
v 0.087994 0.083224 -0.063714
v -0.090935 0.083224 0.065372
v -0.090935 0.083224 -0.063714
v 0.025561 0.083224 0.061369
v 0.025561 0.083224 -0.059712
v -0.028502 0.083224 0.061369
v -0.028502 0.083224 -0.059712
v 0.143190 0.024685 0.053944
v 0.143190 0.024685 -0.052286
v -0.146131 0.024685 0.053944
v -0.146131 0.024685 -0.052286
v 0.145240 0.062621 0.053748
v 0.145240 0.062621 -0.052091
v -0.148180 0.062621 0.053748
v -0.148180 0.062621 -0.052091
v 0.137872 0.081834 0.049513
v 0.137872 0.081834 -0.047856
v -0.140813 0.081834 0.049513
v -0.140813 0.081834 -0.047856
v 0.054910 0.112277 0.017833
v 0.054910 0.112277 -0.016176
v -0.057850 0.112277 0.017833
v -0.057850 0.112277 -0.016176
v 0.072246 0.093261 0.044787
v 0.072246 0.093261 -0.043129
v -0.075186 0.093261 0.044787
v -0.075186 0.093261 -0.043129
v 0.015914 0.110708 0.016153
v 0.015914 0.110708 -0.014496
v -0.018854 0.110708 0.016153
v -0.018854 0.110708 -0.014496
v 0.020555 0.092796 0.040443
v 0.020555 0.092796 -0.038786
v -0.023495 0.092796 0.040443
v -0.023495 0.092796 -0.038786
v 0.077998 0.112411 0.013655
v 0.077998 0.112411 -0.011998
v -0.080938 0.112411 0.013655
v -0.080938 0.112411 -0.011998
v 0.113605 0.091398 0.033986
v 0.113605 0.091398 -0.032329
v -0.116545 0.091398 0.033986
v -0.116545 0.091398 -0.032329
v 0.067853 0.124960 0.002275
v 0.067853 0.124960 -0.000618
v -0.070793 0.124960 0.002275
v -0.070793 0.124960 -0.000618
v 0.163960 0.003051 0.029612
v 0.163960 0.003051 -0.027955
v -0.166901 0.003051 0.029612
v -0.166901 0.003051 -0.027955
v 0.159932 0.046678 0.028009
v 0.159932 0.046678 -0.026351
v -0.162872 0.046678 0.028009
v -0.162872 0.046678 -0.026351
v 0.162919 0.077009 0.028826
v 0.162919 0.077009 -0.027169
v -0.165860 0.077009 0.028826
v -0.165860 0.077009 -0.027169
v 0.136825 0.082156 0.022528
v 0.136825 0.082156 -0.020871
v -0.139766 0.082156 0.022528
v -0.139766 0.082156 -0.020871
v 0.100814 0.097256 0.013175
v 0.100814 0.097256 -0.011518
v -0.103754 0.097256 0.013175
v -0.103754 0.097256 -0.011518
v 0.159504 0.024685 0.028347
v 0.159504 0.024685 -0.026690
v -0.162445 0.024685 0.028347
v -0.162445 0.024685 -0.026690
v 0.160487 0.062621 0.028246
v 0.160487 0.062621 -0.026589
v -0.163427 0.062621 0.028246
v -0.163427 0.062621 -0.026589
v 0.152148 0.080151 0.026052
v 0.152148 0.080151 -0.024395
v -0.155089 0.080151 0.026052
v -0.155089 0.080151 -0.024395
v 0.078958 0.111527 0.007474
v 0.078958 0.111527 -0.005817
v -0.081899 0.111527 0.007474
v -0.081899 0.111527 -0.005817
v 0.119135 0.088830 0.018007
v 0.119135 0.088830 -0.016350
v -0.122076 0.088830 0.018007
v -0.122076 0.088830 -0.016350
vt 0.432933 0.195589
vt 0.415574 0.195701
vt 0.416160 0.188888
vt 0.433787 0.188690
vt 0.452021 0.188363
vt 0.450838 0.195375
vt 0.450500 0.197717
vt 0.432690 0.197855
vt 0.415412 0.197926
vt 0.432933 0.209110
vt 0.432689 0.206844
vt 0.450500 0.206985
vt 0.450837 0.209326
vt 0.452020 0.216339
vt 0.433786 0.216009
vt 0.416158 0.215810
vt 0.415573 0.208998
vt 0.415411 0.206772
vt 0.329360 0.195584
vt 0.329603 0.197850
vt 0.311792 0.197709
vt 0.311455 0.195368
vt 0.310272 0.188355
vt 0.328507 0.188685
vt 0.346135 0.188884
vt 0.346720 0.195697
vt 0.346882 0.197923
vt 0.329359 0.209105
vt 0.346719 0.208994
vt 0.346134 0.215807
vt 0.328505 0.216005
vt 0.310271 0.216333
vt 0.311454 0.209319
vt 0.311791 0.206978
vt 0.329603 0.206839
vt 0.346881 0.206769
vt 0.398331 0.195718
vt 0.381147 0.195703
vt 0.381147 0.188970
vt 0.398629 0.188963
vt 0.398250 0.197936
vt 0.381147 0.197926
vt 0.398330 0.208978
vt 0.398250 0.206760
vt 0.398628 0.215733
vt 0.381146 0.215725
vt 0.381146 0.208991
vt 0.381146 0.206769
vt 0.363963 0.195716
vt 0.364043 0.197935
vt 0.363666 0.188961
vt 0.363962 0.208977
vt 0.363664 0.215732
vt 0.364043 0.206758
vt 0.432445 0.200106
vt 0.415253 0.200140
vt 0.450158 0.200038
vt 0.449812 0.202351
vt 0.432201 0.202350
vt 0.415096 0.202349
vt 0.432445 0.204593
vt 0.450157 0.204663
vt 0.415253 0.204558
vt 0.329847 0.200101
vt 0.330092 0.202345
vt 0.312480 0.202344
vt 0.312134 0.200031
vt 0.347040 0.200137
vt 0.347197 0.202346
vt 0.329847 0.204588
vt 0.347040 0.204554
vt 0.312134 0.204656
vt 0.398172 0.200145
vt 0.381147 0.200139
vt 0.398095 0.202348
vt 0.381147 0.202347
vt 0.398172 0.204552
vt 0.381147 0.204556
vt 0.364121 0.200143
vt 0.364198 0.202347
vt 0.364121 0.204550
vt 0.511246 0.193638
vt 0.489779 0.194505
vt 0.491936 0.187229
vt 0.513822 0.186299
vt 0.530951 0.185859
vt 0.532556 0.192643
vt 0.531997 0.196065
vt 0.510498 0.196644
vt 0.489187 0.197161
vt 0.511245 0.211069
vt 0.510498 0.208064
vt 0.531996 0.208645
vt 0.532555 0.212067
vt 0.530949 0.218851
vt 0.513821 0.218409
vt 0.491934 0.217476
vt 0.489778 0.210201
vt 0.489186 0.207545
vt 0.251042 0.193622
vt 0.251789 0.196629
vt 0.230289 0.196046
vt 0.229731 0.192623
vt 0.231337 0.185838
vt 0.248467 0.186281
vt 0.270355 0.187216
vt 0.272511 0.194492
vt 0.273103 0.197148
vt 0.251040 0.211057
vt 0.272510 0.210190
vt 0.270353 0.217466
vt 0.248464 0.218398
vt 0.231334 0.218838
vt 0.229729 0.212053
vt 0.230287 0.208630
vt 0.251788 0.208051
vt 0.273102 0.207534
vt 0.469714 0.195049
vt 0.471369 0.187897
vt 0.469260 0.197502
vt 0.469714 0.209655
vt 0.469260 0.207202
vt 0.471368 0.216807
vt 0.292577 0.195039
vt 0.293031 0.197492
vt 0.290923 0.187886
vt 0.292576 0.209646
vt 0.290921 0.216799
vt 0.293030 0.207193
vt 0.509717 0.199529
vt 0.488579 0.199769
vt 0.530699 0.199281
vt 0.530335 0.202355
vt 0.508919 0.202354
vt 0.487963 0.202353
vt 0.509717 0.205179
vt 0.530699 0.205428
vt 0.488578 0.204937
vt 0.252570 0.199514
vt 0.253368 0.202340
vt 0.231949 0.202338
vt 0.231586 0.199264
vt 0.273710 0.199757
vt 0.274326 0.202341
vt 0.252569 0.205165
vt 0.273710 0.204926
vt 0.231585 0.205413
vt 0.468797 0.199932
vt 0.468330 0.202352
vt 0.468797 0.204771
vt 0.293494 0.199923
vt 0.293961 0.202343
vt 0.293493 0.204762
vt 0.595295 0.437936
vt 0.563563 0.437816
vt 0.564658 0.413767
vt 0.596985 0.413930
vt 0.631128 0.413840
vt 0.628852 0.437853
vt 0.627338 0.462336
vt 0.594108 0.462403
vt 0.562794 0.462330
vt 0.404583 0.624900
vt 0.405771 0.649363
vt 0.372547 0.649298
vt 0.371032 0.624820
vt 0.368756 0.600811
vt 0.402892 0.600898
vt 0.435214 0.600730
vt 0.436311 0.624777
vt 0.437082 0.649288
vt 0.404657 0.437937
vt 0.405843 0.462402
vt 0.372616 0.462335
vt 0.371103 0.437854
vt 0.368828 0.413842
vt 0.402967 0.413932
vt 0.435292 0.413768
vt 0.436387 0.437817
vt 0.437156 0.462329
vt 0.595214 0.624887
vt 0.563483 0.624769
vt 0.564577 0.600719
vt 0.596903 0.600882
vt 0.631044 0.600791
vt 0.628770 0.624803
vt 0.627257 0.649285
vt 0.594029 0.649353
vt 0.562715 0.649281
vt 0.531781 0.437689
vt 0.499974 0.437624
vt 0.499974 0.413527
vt 0.532319 0.413606
vt 0.531403 0.462243
vt 0.499974 0.462196
vt 0.468090 0.624647
vt 0.468470 0.649200
vt 0.467550 0.600566
vt 0.499894 0.600483
vt 0.499896 0.624579
vt 0.499897 0.649151
vt 0.468168 0.437689
vt 0.468546 0.462243
vt 0.467629 0.413607
vt 0.531702 0.624643
vt 0.532239 0.600560
vt 0.531325 0.649196
vt 0.593928 0.487792
vt 0.562676 0.487770
vt 0.627347 0.487760
vt 0.628034 0.511246
vt 0.594232 0.511233
vt 0.562823 0.511257
vt 0.405952 0.674749
vt 0.405649 0.698186
vt 0.371852 0.698199
vt 0.372539 0.674717
vt 0.437201 0.674726
vt 0.437054 0.698211
vt 0.406023 0.487790
vt 0.405719 0.511229
vt 0.371919 0.511241
vt 0.372607 0.487757
vt 0.437274 0.487769
vt 0.437126 0.511255
vt 0.593850 0.674742
vt 0.562598 0.674721
vt 0.627267 0.674708
vt 0.627956 0.698193
vt 0.594155 0.698182
vt 0.562746 0.698208
vt 0.531344 0.487740
vt 0.499974 0.487722
vt 0.531401 0.511284
vt 0.499974 0.511297
vt 0.468530 0.674695
vt 0.468473 0.698238
vt 0.499898 0.674677
vt 0.499899 0.698251
vt 0.468604 0.487739
vt 0.468547 0.511283
vt 0.531268 0.674693
vt 0.531326 0.698236
vt 0.745746 0.434357
vt 0.705575 0.436279
vt 0.708619 0.411798
vt 0.748505 0.409188
vt 0.786396 0.406987
vt 0.784342 0.432742
vt 0.783573 0.459129
vt 0.744484 0.460120
vt 0.704023 0.461300
vt 0.254169 0.621330
vt 0.255431 0.647085
vt 0.216354 0.646095
vt 0.215584 0.619716
vt 0.213531 0.593970
vt 0.251410 0.596168
vt 0.291284 0.598776
vt 0.294329 0.623250
vt 0.295881 0.648264
vt 0.254222 0.434357
vt 0.255483 0.460116
vt 0.216400 0.459124
vt 0.215631 0.432741
vt 0.213578 0.406989
vt 0.251464 0.409190
vt 0.291345 0.411800
vt 0.294388 0.436279
vt 0.295940 0.461297
vt 0.745657 0.621302
vt 0.705488 0.623226
vt 0.708531 0.598746
vt 0.748415 0.596134
vt 0.786303 0.593931
vt 0.784251 0.619685
vt 0.783483 0.646071
vt 0.744396 0.647063
vt 0.703937 0.648245
vt 0.666111 0.437372
vt 0.668916 0.413239
vt 0.664475 0.462004
vt 0.333782 0.624341
vt 0.335419 0.648967
vt 0.330976 0.600214
vt 0.333848 0.437373
vt 0.335483 0.462001
vt 0.331043 0.413242
vt 0.666027 0.624321
vt 0.668831 0.600188
vt 0.664392 0.648951
vt 0.746215 0.487069
vt 0.705454 0.487400
vt 0.785370 0.486781
vt 0.787606 0.512381
vt 0.748565 0.512027
vt 0.707617 0.511571
vt 0.253701 0.674026
vt 0.251351 0.698978
vt 0.212322 0.699331
vt 0.214557 0.673739
vt 0.294450 0.674357
vt 0.292287 0.698522
vt 0.253752 0.487061
vt 0.251401 0.512017
vt 0.212365 0.512369
vt 0.214602 0.486772
vt 0.294507 0.487394
vt 0.292344 0.511562
vt 0.746129 0.674011
vt 0.705370 0.674344
vt 0.785282 0.673721
vt 0.787519 0.699319
vt 0.748480 0.698967
vt 0.707534 0.698513
vt 0.665177 0.487630
vt 0.666635 0.511335
vt 0.334717 0.674587
vt 0.333260 0.698287
vt 0.334780 0.487625
vt 0.333322 0.511328
vt 0.665095 0.674576
vt 0.666554 0.698279
vt 0.671005 0.565369
vt 0.711742 0.566559
vt 0.715347 0.585549
vt 0.674525 0.584089
vt 0.635091 0.583510
vt 0.632042 0.564844
vt 0.629646 0.546779
vt 0.668310 0.547217
vt 0.709069 0.548125
vt 0.328889 0.752309
vt 0.331584 0.734162
vt 0.370239 0.733726
vt 0.367842 0.751787
vt 0.364793 0.770449
vt 0.325367 0.771025
vt 0.284557 0.772480
vt 0.288161 0.753496
vt 0.290835 0.735067
vt 0.328950 0.565357
vt 0.331645 0.547207
vt 0.370305 0.546771
vt 0.367908 0.564834
vt 0.364858 0.583498
vt 0.325428 0.584074
vt 0.284612 0.585531
vt 0.288217 0.566543
vt 0.290890 0.548112
vt 0.670927 0.752311
vt 0.711663 0.753498
vt 0.715268 0.772486
vt 0.674449 0.771030
vt 0.635017 0.770453
vt 0.631967 0.751788
vt 0.629570 0.733724
vt 0.668231 0.734160
vt 0.708988 0.735065
vt 0.752195 0.568647
vt 0.790464 0.570307
vt 0.793076 0.590455
vt 0.755512 0.588266
vt 0.749778 0.549630
vt 0.788581 0.550810
vt 0.247720 0.755580
vt 0.250137 0.736569
vt 0.244403 0.775194
vt 0.206851 0.777380
vt 0.209463 0.757239
vt 0.211347 0.737747
vt 0.247769 0.568629
vt 0.250187 0.549614
vt 0.244452 0.588246
vt 0.206893 0.590432
vt 0.209505 0.570287
vt 0.211389 0.550792
vt 0.752113 0.755583
vt 0.790379 0.757241
vt 0.792992 0.777388
vt 0.755430 0.775201
vt 0.749695 0.736568
vt 0.788495 0.737745
vt 0.667266 0.530202
vt 0.708258 0.530804
vt 0.628555 0.529916
vt 0.332628 0.717150
vt 0.371331 0.716866
vt 0.291646 0.717750
vt 0.332690 0.530192
vt 0.371397 0.529909
vt 0.291702 0.530793
vt 0.667187 0.717145
vt 0.708176 0.717745
vt 0.628478 0.716862
vt 0.749161 0.531819
vt 0.788152 0.532612
vt 0.250755 0.718763
vt 0.211775 0.719556
vt 0.250805 0.531806
vt 0.211818 0.532598
vt 0.749076 0.718758
vt 0.788065 0.719549
vt 0.531840 0.565007
vt 0.564043 0.564873
vt 0.565271 0.583601
vt 0.532387 0.583764
vt 0.499971 0.583843
vt 0.499972 0.565076
vt 0.499973 0.546928
vt 0.531449 0.546871
vt 0.563131 0.546768
vt 0.468033 0.751959
vt 0.468425 0.733824
vt 0.499900 0.733881
vt 0.499900 0.752030
vt 0.499900 0.770797
vt 0.467485 0.770715
vt 0.434603 0.770548
vt 0.435832 0.751822
vt 0.436745 0.733718
vt 0.468105 0.565005
vt 0.468497 0.546869
vt 0.467556 0.583761
vt 0.434674 0.583595
vt 0.435903 0.564868
vt 0.436816 0.546764
vt 0.531767 0.751959
vt 0.563970 0.751822
vt 0.565199 0.770550
vt 0.532316 0.770716
vt 0.531375 0.733823
vt 0.563057 0.733718
vt 0.596916 0.564748
vt 0.599089 0.583431
vt 0.595225 0.546683
vt 0.402963 0.751694
vt 0.404655 0.733632
vt 0.400788 0.770375
vt 0.403031 0.564741
vt 0.404724 0.546677
vt 0.400857 0.583422
vt 0.596842 0.751695
vt 0.599017 0.770378
vt 0.595150 0.733631
vt 0.531369 0.529979
vt 0.562849 0.529909
vt 0.499973 0.530017
vt 0.468505 0.716932
vt 0.499900 0.716971
vt 0.437028 0.716862
vt 0.468578 0.529977
vt 0.437099 0.529906
vt 0.531295 0.716931
vt 0.562774 0.716860
vt 0.594497 0.529854
vt 0.405383 0.716805
vt 0.405453 0.529849
vt 0.594421 0.716802
vt 0.530312 0.042811
vt 0.565614 0.039470
vt 0.557842 0.050724
vt 0.523312 0.053811
vt 0.490677 0.056438
vt 0.496424 0.045460
vt 0.501952 0.035348
vt 0.537011 0.032809
vt 0.573075 0.029274
vt 0.530295 0.361897
vt 0.536992 0.371898
vt 0.501935 0.369357
vt 0.496408 0.359244
vt 0.490662 0.348266
vt 0.523296 0.350896
vt 0.557825 0.353987
vt 0.565594 0.365241
vt 0.573054 0.375437
vt 0.232005 0.042788
vt 0.225308 0.032786
vt 0.260365 0.035330
vt 0.265891 0.045443
vt 0.271637 0.056421
vt 0.239002 0.053789
vt 0.204474 0.050696
vt 0.196706 0.039441
vt 0.189247 0.029244
vt 0.231984 0.361897
vt 0.196681 0.365241
vt 0.204452 0.353986
vt 0.238983 0.350895
vt 0.271620 0.348266
vt 0.265873 0.359244
vt 0.260346 0.369358
vt 0.225286 0.371899
vt 0.189221 0.375437
vt 0.600386 0.035710
vt 0.630776 0.036643
vt 0.622776 0.047980
vt 0.592552 0.047195
vt 0.608042 0.025322
vt 0.638626 0.026401
vt 0.600365 0.369005
vt 0.608019 0.379394
vt 0.592533 0.357520
vt 0.622756 0.356739
vt 0.630754 0.368076
vt 0.638602 0.378319
vt 0.161936 0.035674
vt 0.154283 0.025285
vt 0.169767 0.047160
vt 0.139544 0.047938
vt 0.131548 0.036600
vt 0.123701 0.026357
vt 0.161908 0.369004
vt 0.131516 0.368074
vt 0.139515 0.356736
vt 0.169741 0.357518
vt 0.154252 0.379393
vt 0.123667 0.378318
vt 0.543522 0.022861
vt 0.580579 0.019143
vt 0.507279 0.025266
vt 0.512505 0.015199
vt 0.549939 0.012939
vt 0.588104 0.009043
vt 0.543502 0.381847
vt 0.549918 0.391769
vt 0.512486 0.389506
vt 0.507261 0.379439
vt 0.580557 0.385569
vt 0.588081 0.395669
vt 0.218799 0.022837
vt 0.212384 0.012914
vt 0.249816 0.015180
vt 0.255040 0.025247
vt 0.181745 0.019112
vt 0.174222 0.009011
vt 0.218775 0.381848
vt 0.181717 0.385570
vt 0.255020 0.379440
vt 0.249794 0.389508
vt 0.212359 0.391771
vt 0.174192 0.395671
vt 0.616309 0.014982
vt 0.647467 0.016188
vt 0.624882 0.004665
vt 0.656805 0.005990
vt 0.616285 0.389735
vt 0.624856 0.400051
vt 0.647442 0.388532
vt 0.656777 0.398731
vt 0.146019 0.014943
vt 0.137449 0.004626
vt 0.114862 0.016143
vt 0.105528 0.005944
vt 0.145986 0.389735
vt 0.114826 0.388532
vt 0.137414 0.400052
vt 0.105490 0.398731
vt 0.409097 0.049725
vt 0.437266 0.048392
vt 0.434574 0.060533
vt 0.407791 0.062560
vt 0.381156 0.063592
vt 0.381157 0.050412
vt 0.381158 0.036998
vt 0.410378 0.036827
vt 0.439893 0.036526
vt 0.409083 0.354972
vt 0.410363 0.367870
vt 0.381143 0.367697
vt 0.381143 0.354283
vt 0.381143 0.341103
vt 0.407778 0.342137
vt 0.434560 0.344166
vt 0.437251 0.356307
vt 0.439877 0.368173
vt 0.353217 0.049721
vt 0.351938 0.036823
vt 0.354520 0.062556
vt 0.327738 0.060525
vt 0.325049 0.048384
vt 0.322423 0.036517
vt 0.353203 0.354972
vt 0.325033 0.356307
vt 0.327724 0.344166
vt 0.354507 0.342137
vt 0.351923 0.367870
vt 0.322407 0.368174
vt 0.465892 0.047145
vt 0.461650 0.058585
vt 0.469998 0.036309
vt 0.465876 0.357556
vt 0.469982 0.368392
vt 0.461636 0.346116
vt 0.296423 0.047133
vt 0.292318 0.036297
vt 0.300663 0.058574
vt 0.296407 0.357556
vt 0.300648 0.346116
vt 0.292301 0.368393
vt 0.411668 0.023909
vt 0.442503 0.024655
vt 0.381159 0.023556
vt 0.381160 0.010099
vt 0.412963 0.010980
vt 0.445105 0.012781
vt 0.411652 0.380788
vt 0.412946 0.393717
vt 0.381143 0.394596
vt 0.381143 0.381140
vt 0.442487 0.380044
vt 0.445088 0.391918
vt 0.350649 0.023904
vt 0.349356 0.010975
vt 0.319815 0.024646
vt 0.317214 0.012773
vt 0.350633 0.380789
vt 0.319798 0.380046
vt 0.349339 0.393718
vt 0.317197 0.391919
vt 0.473990 0.025485
vt 0.477923 0.014667
vt 0.473972 0.379216
vt 0.477905 0.390035
vt 0.288328 0.025472
vt 0.284397 0.014653
vt 0.288310 0.379218
vt 0.284378 0.390037
vt 0.534208 0.192368
vt 0.534218 0.194157
vt 0.537242 0.186665
vt 0.537152 0.190331
vt 0.534207 0.212342
vt 0.534218 0.210553
vt 0.537151 0.214379
vt 0.537240 0.218046
vt 0.228078 0.192348
vt 0.228067 0.194137
vt 0.225134 0.190310
vt 0.225046 0.186643
vt 0.228075 0.212328
vt 0.228065 0.210539
vt 0.225042 0.218033
vt 0.225131 0.214366
vt 0.534339 0.196230
vt 0.535197 0.196170
vt 0.534736 0.200630
vt 0.533536 0.198189
vt 0.534338 0.208480
vt 0.533536 0.206521
vt 0.534736 0.204080
vt 0.535196 0.208540
vt 0.227946 0.196210
vt 0.228748 0.198170
vt 0.227547 0.200612
vt 0.227088 0.196150
vt 0.227945 0.208466
vt 0.227086 0.208526
vt 0.227547 0.204064
vt 0.228747 0.206506
vt 0.532586 0.199720
vt 0.532613 0.201507
vt 0.532585 0.204989
vt 0.532613 0.203203
vt 0.229699 0.199702
vt 0.229671 0.201489
vt 0.229698 0.204974
vt 0.229671 0.203187
vt 0.819080 0.432568
vt 0.820112 0.406776
vt 0.853575 0.407003
vt 0.853349 0.432720
vt 0.853762 0.459036
vt 0.819002 0.458992
vt 0.180858 0.619543
vt 0.180936 0.645958
vt 0.146188 0.646002
vt 0.146600 0.619695
vt 0.146375 0.593987
vt 0.179826 0.593759
vt 0.180898 0.432566
vt 0.180975 0.458986
vt 0.146220 0.459029
vt 0.146633 0.432717
vt 0.146409 0.407003
vt 0.179867 0.406777
vt 0.818987 0.619509
vt 0.820017 0.593718
vt 0.853478 0.593944
vt 0.853254 0.619659
vt 0.853668 0.645974
vt 0.818910 0.645932
vt 0.820831 0.486681
vt 0.855450 0.486549
vt 0.857178 0.511997
vt 0.822868 0.512309
vt 0.179107 0.673638
vt 0.177071 0.699258
vt 0.142773 0.698945
vt 0.144500 0.673506
vt 0.179145 0.486671
vt 0.177108 0.512295
vt 0.142803 0.511982
vt 0.144531 0.486538
vt 0.820741 0.673618
vt 0.855357 0.673485
vt 0.857086 0.698931
vt 0.822778 0.699245
vt 0.824651 0.570215
vt 0.858181 0.569585
vt 0.858721 0.589595
vt 0.826094 0.590328
vt 0.823620 0.550743
vt 0.857793 0.550213
vt 0.175287 0.757145
vt 0.176318 0.737680
vt 0.173844 0.777251
vt 0.141229 0.776517
vt 0.141769 0.756514
vt 0.142158 0.737149
vt 0.175323 0.570194
vt 0.176355 0.550724
vt 0.173880 0.590303
vt 0.141258 0.589569
vt 0.141799 0.569562
vt 0.142187 0.550193
vt 0.824564 0.757148
vt 0.858091 0.756516
vt 0.858632 0.776525
vt 0.826008 0.777259
vt 0.823532 0.737677
vt 0.857702 0.737146
vt 0.823412 0.532552
vt 0.857708 0.532118
vt 0.176527 0.719494
vt 0.142242 0.719059
vt 0.176564 0.532536
vt 0.142272 0.532100
vt 0.823323 0.719487
vt 0.857617 0.719051
vt 0.652929 0.047380
vt 0.670808 0.064150
vt 0.659827 0.073360
vt 0.643851 0.057836
vt 0.661539 0.037960
vt 0.680838 0.055876
vt 0.652908 0.357343
vt 0.661516 0.366764
vt 0.643831 0.346886
vt 0.659809 0.331365
vt 0.670788 0.340576
vt 0.680816 0.348852
vt 0.109394 0.047331
vt 0.100787 0.037910
vt 0.118469 0.057788
vt 0.102490 0.073307
vt 0.091513 0.064095
vt 0.081486 0.055819
vt 0.109361 0.357339
vt 0.091480 0.340570
vt 0.102460 0.331358
vt 0.118439 0.346882
vt 0.100752 0.366760
vt 0.081451 0.348846
vt 0.670809 0.028572
vt 0.690806 0.047681
vt 0.680408 0.019201
vt 0.700743 0.039527
vt 0.670784 0.376152
vt 0.680381 0.385523
vt 0.690782 0.357047
vt 0.700717 0.365202
vt 0.091520 0.028521
vt 0.081924 0.019149
vt 0.071521 0.047623
vt 0.061587 0.039467
vt 0.091483 0.376149
vt 0.071484 0.357042
vt 0.081885 0.385521
vt 0.061547 0.365197
vt 0.486885 0.129297
vt 0.480933 0.150243
vt 0.458772 0.151117
vt 0.462920 0.130382
vt 0.467557 0.111511
vt 0.493422 0.110184
vt 0.521977 0.108805
vt 0.512978 0.128383
vt 0.504610 0.149639
vt 0.486878 0.275408
vt 0.512970 0.276324
vt 0.521967 0.295903
vt 0.493413 0.294521
vt 0.467548 0.293192
vt 0.462913 0.274320
vt 0.458767 0.253586
vt 0.480927 0.254461
vt 0.504604 0.255068
vt 0.275416 0.129281
vt 0.249323 0.128363
vt 0.240327 0.108783
vt 0.268882 0.110167
vt 0.294747 0.111498
vt 0.299381 0.130371
vt 0.303526 0.151106
vt 0.281365 0.150229
vt 0.257687 0.149621
vt 0.275406 0.275403
vt 0.281358 0.254455
vt 0.303520 0.253581
vt 0.299373 0.274316
vt 0.294737 0.293189
vt 0.268870 0.294517
vt 0.240314 0.295899
vt 0.249312 0.276318
vt 0.257679 0.255060
vt 0.475435 0.171369
vt 0.454903 0.172027
vt 0.497238 0.170764
vt 0.475432 0.233335
vt 0.497234 0.233942
vt 0.454900 0.232675
vt 0.286860 0.171357
vt 0.265056 0.170749
vt 0.307393 0.172018
vt 0.286856 0.233328
vt 0.307389 0.232670
vt 0.265051 0.233933
vt 0.540758 0.127912
vt 0.529313 0.149705
vt 0.552819 0.107403
vt 0.578830 0.108432
vt 0.563481 0.129389
vt 0.548819 0.151230
vt 0.540750 0.276799
vt 0.563473 0.275324
vt 0.578819 0.296283
vt 0.552808 0.297309
vt 0.529307 0.255005
vt 0.548814 0.253481
vt 0.221542 0.127886
vt 0.198818 0.129358
vt 0.183475 0.108398
vt 0.209485 0.107374
vt 0.232983 0.149682
vt 0.213475 0.151204
vt 0.221530 0.276792
vt 0.232974 0.254996
vt 0.209470 0.297303
vt 0.183458 0.296276
vt 0.198805 0.275316
vt 0.213466 0.253472
vt 0.520090 0.170410
vt 0.537921 0.171027
vt 0.520086 0.234298
vt 0.537918 0.233684
vt 0.242202 0.170391
vt 0.224369 0.171003
vt 0.242197 0.234288
vt 0.224364 0.233673
vt 0.515899 0.066757
vt 0.508283 0.080666
vt 0.478690 0.082648
vt 0.484691 0.069116
vt 0.549409 0.064031
vt 0.540485 0.078368
vt 0.515885 0.337950
vt 0.549393 0.340679
vt 0.484677 0.335588
vt 0.478678 0.322055
vt 0.508270 0.324040
vt 0.540471 0.326342
vt 0.246413 0.066736
vt 0.212905 0.064004
vt 0.277620 0.069100
vt 0.283619 0.082634
vt 0.254027 0.080647
vt 0.221825 0.078342
vt 0.246395 0.337948
vt 0.254011 0.324038
vt 0.283605 0.322053
vt 0.277605 0.335587
vt 0.212885 0.340677
vt 0.221807 0.326339
vt 0.500673 0.094558
vt 0.472896 0.096190
vt 0.531244 0.092713
vt 0.500661 0.310148
vt 0.531232 0.311996
vt 0.472885 0.308513
vt 0.261634 0.094539
vt 0.231064 0.092689
vt 0.289411 0.096176
vt 0.261621 0.310145
vt 0.289398 0.308511
vt 0.231048 0.311992
vt 0.583750 0.060824
vt 0.574142 0.075605
vt 0.613485 0.061476
vt 0.603092 0.076217
vt 0.583733 0.343891
vt 0.613467 0.343242
vt 0.574127 0.329108
vt 0.603076 0.328500
vt 0.178565 0.060789
vt 0.148832 0.061435
vt 0.188170 0.075573
vt 0.159221 0.076178
vt 0.178542 0.343888
vt 0.188149 0.329105
vt 0.148805 0.343238
vt 0.159197 0.328496
vt 0.563889 0.090549
vt 0.591787 0.091289
vt 0.563876 0.314163
vt 0.591773 0.313428
vt 0.198419 0.090519
vt 0.170522 0.091251
vt 0.198401 0.314159
vt 0.170502 0.313422
vt 0.401277 0.133057
vt 0.400312 0.152947
vt 0.381150 0.153150
vt 0.381151 0.133432
vt 0.381152 0.115647
vt 0.402355 0.115086
vt 0.423563 0.113943
vt 0.421402 0.132260
vt 0.419470 0.152471
vt 0.401271 0.271639
vt 0.421395 0.272438
vt 0.423555 0.290755
vt 0.402346 0.289610
vt 0.381144 0.289048
vt 0.381144 0.271263
vt 0.381145 0.251545
vt 0.400307 0.251750
vt 0.419465 0.252228
vt 0.361024 0.133055
vt 0.340900 0.132255
vt 0.338741 0.113937
vt 0.359950 0.115084
vt 0.361987 0.152944
vt 0.342829 0.152466
vt 0.361017 0.271638
vt 0.361982 0.251749
vt 0.359941 0.289609
vt 0.338732 0.290754
vt 0.340893 0.272436
vt 0.342823 0.252225
vt 0.399359 0.173144
vt 0.381148 0.173224
vt 0.417591 0.172912
vt 0.399356 0.231553
vt 0.417588 0.231786
vt 0.381145 0.231471
vt 0.362937 0.173142
vt 0.344706 0.172908
vt 0.362934 0.231551
vt 0.344703 0.231783
vt 0.441520 0.131369
vt 0.438621 0.151860
vt 0.444784 0.112758
vt 0.441513 0.273331
vt 0.444775 0.291943
vt 0.438616 0.252840
vt 0.320781 0.131361
vt 0.317520 0.112749
vt 0.323678 0.151853
vt 0.320773 0.273328
vt 0.323672 0.252837
vt 0.317510 0.291940
vt 0.435863 0.172541
vt 0.435860 0.232159
vt 0.326433 0.172534
vt 0.326429 0.232155
vt 0.406427 0.075290
vt 0.405034 0.087967
vt 0.381154 0.088854
vt 0.381155 0.076333
vt 0.431770 0.073228
vt 0.428931 0.086203
vt 0.406415 0.329407
vt 0.431758 0.331471
vt 0.381143 0.328362
vt 0.381143 0.315840
vt 0.405023 0.316729
vt 0.428920 0.318496
vt 0.355883 0.075286
vt 0.330540 0.073221
vt 0.357274 0.087964
vt 0.333377 0.086196
vt 0.355870 0.329407
vt 0.357263 0.316729
vt 0.330527 0.331470
vt 0.333365 0.318495
vt 0.403642 0.100645
vt 0.381153 0.101373
vt 0.426134 0.099183
vt 0.403632 0.304052
vt 0.426124 0.305516
vt 0.381143 0.303322
vt 0.358664 0.100642
vt 0.336172 0.099176
vt 0.358654 0.304051
vt 0.336161 0.305515
vt 0.457253 0.071222
vt 0.452861 0.084462
vt 0.457240 0.333480
vt 0.452850 0.320239
vt 0.305058 0.071210
vt 0.309447 0.084452
vt 0.305044 0.333479
vt 0.309435 0.320238
vt 0.448635 0.097715
vt 0.448624 0.306986
vt 0.313672 0.097705
vt 0.313661 0.306984
vt 0.574402 0.134323
vt 0.556906 0.155007
vt 0.592891 0.114348
vt 0.600455 0.123370
vt 0.579326 0.141405
vt 0.559500 0.160113
vt 0.574394 0.270392
vt 0.579319 0.263311
vt 0.600445 0.281347
vt 0.592880 0.290368
vt 0.556901 0.249705
vt 0.559495 0.244600
vt 0.187896 0.134290
vt 0.182971 0.141370
vt 0.161847 0.123330
vt 0.169412 0.114311
vt 0.205387 0.154979
vt 0.202792 0.160084
vt 0.187883 0.270383
vt 0.205378 0.249696
vt 0.169395 0.290361
vt 0.161830 0.281339
vt 0.182958 0.263302
vt 0.202784 0.244589
vt 0.544663 0.173333
vt 0.546059 0.176587
vt 0.544660 0.231378
vt 0.546056 0.228124
vt 0.217626 0.173308
vt 0.216230 0.176563
vt 0.217621 0.231367
vt 0.216225 0.228112
vt 0.633177 0.070330
vt 0.621175 0.084042
vt 0.647007 0.084361
vt 0.632836 0.096449
vt 0.633159 0.334391
vt 0.646990 0.320362
vt 0.621160 0.320678
vt 0.632822 0.308273
vt 0.129139 0.070284
vt 0.115307 0.084311
vt 0.141137 0.083998
vt 0.129473 0.096401
vt 0.129112 0.334386
vt 0.141113 0.320672
vt 0.115280 0.320356
vt 0.129450 0.308266
vt 0.608114 0.098151
vt 0.617805 0.108918
vt 0.608101 0.306567
vt 0.617793 0.295802
vt 0.154193 0.098110
vt 0.144500 0.108874
vt 0.154173 0.306561
vt 0.144480 0.295794
vt 0.535964 0.195907
vt 0.539254 0.190755
vt 0.540266 0.192879
vt 0.536291 0.197484
vt 0.535963 0.208803
vt 0.536290 0.207226
vt 0.540265 0.211832
vt 0.539253 0.213956
vt 0.226321 0.195888
vt 0.225993 0.197465
vt 0.222019 0.192858
vt 0.223032 0.190733
vt 0.226319 0.208788
vt 0.223029 0.213942
vt 0.222017 0.211818
vt 0.225992 0.207211
vt 0.537104 0.198191
vt 0.541461 0.194814
vt 0.542445 0.196963
vt 0.536953 0.199696
vt 0.537104 0.206519
vt 0.536953 0.205014
vt 0.542445 0.207748
vt 0.541460 0.209897
vt 0.225179 0.198171
vt 0.225330 0.199677
vt 0.219838 0.196942
vt 0.220823 0.194793
vt 0.225178 0.206504
vt 0.220821 0.209882
vt 0.219837 0.207733
vt 0.225329 0.204999
vt 0.890541 0.432084
vt 0.890706 0.406117
vt 0.928483 0.405218
vt 0.927944 0.431442
vt 0.927815 0.458127
vt 0.890842 0.458588
vt 0.109422 0.619059
vt 0.109120 0.645554
vt 0.072160 0.645094
vt 0.072032 0.618418
vt 0.071492 0.592203
vt 0.109256 0.593102
vt 0.109447 0.432080
vt 0.109145 0.458580
vt 0.072177 0.458118
vt 0.072050 0.431437
vt 0.071511 0.405217
vt 0.109282 0.406117
vt 0.890443 0.619021
vt 0.890608 0.593056
vt 0.928383 0.592155
vt 0.927844 0.618378
vt 0.927717 0.645062
vt 0.890746 0.645524
vt 0.962848 0.431578
vt 0.963882 0.405404
vt 0.998092 0.406132
vt 0.996502 0.432102
vt 0.995425 0.458374
vt 0.962254 0.458134
vt 0.037140 0.618553
vt 0.037733 0.645100
vt 0.004574 0.645340
vt 0.003497 0.619078
vt 0.001908 0.593116
vt 0.036106 0.592389
vt 0.037151 0.431572
vt 0.037744 0.458124
vt 0.004577 0.458363
vt 0.003501 0.432095
vt 0.001913 0.406129
vt 0.036117 0.405402
vt 0.962747 0.618512
vt 0.963780 0.592340
vt 0.997988 0.593066
vt 0.996399 0.619035
vt 0.995324 0.645305
vt 0.962154 0.645067
vt 0.892078 0.486167
vt 0.928510 0.485735
vt 0.929369 0.511171
vt 0.893363 0.511631
vt 0.107885 0.673124
vt 0.106600 0.698579
vt 0.070606 0.698119
vt 0.071466 0.672692
vt 0.107909 0.486155
vt 0.106624 0.511616
vt 0.070622 0.511155
vt 0.071482 0.485723
vt 0.891983 0.673101
vt 0.928413 0.672668
vt 0.929273 0.698103
vt 0.893269 0.698564
vt 0.962542 0.485454
vt 0.995374 0.485248
vt 0.995805 0.509913
vt 0.963145 0.510576
vt 0.037445 0.672411
vt 0.036842 0.697524
vt 0.004194 0.696861
vt 0.004625 0.672205
vt 0.037455 0.485441
vt 0.036851 0.510559
vt 0.004196 0.509895
vt 0.004628 0.485234
vt 0.962443 0.672386
vt 0.995274 0.672179
vt 0.995706 0.696842
vt 0.963047 0.697506
vt 0.965208 0.568419
vt 0.998259 0.566821
vt 1.000000 0.586957
vt 0.966692 0.588924
vt 0.932143 0.590169
vt 0.931000 0.569521
vt 0.930112 0.549651
vt 0.964038 0.548695
vt 0.996867 0.547436
vt 0.034780 0.755346
vt 0.035950 0.735629
vt 0.069864 0.736586
vt 0.068976 0.756448
vt 0.067832 0.777089
vt 0.033296 0.775844
vt 0.000000 0.773878
vt 0.001741 0.753749
vt 0.003132 0.734371
vt 0.034788 0.568393
vt 0.035958 0.548672
vt 0.069879 0.549629
vt 0.068991 0.569495
vt 0.067847 0.590140
vt 0.033303 0.588895
vt 0.000000 0.586928
vt 0.001742 0.566794
vt 0.003133 0.547413
vt 0.965112 0.755346
vt 0.998161 0.753747
vt 0.999903 0.773882
vt 0.966597 0.775850
vt 0.932050 0.777096
vt 0.930906 0.756449
vt 0.930017 0.736581
vt 0.963941 0.735623
vt 0.996769 0.734363
vt 0.894477 0.569632
vt 0.895112 0.589967
vt 0.893993 0.550003
vt 0.105485 0.756560
vt 0.105969 0.736938
vt 0.104851 0.776888
vt 0.105508 0.569607
vt 0.105992 0.549982
vt 0.104873 0.589940
vt 0.894385 0.756561
vt 0.895021 0.776895
vt 0.893901 0.736934
vt 0.963497 0.530535
vt 0.996176 0.529555
vt 0.929736 0.531339
vt 0.036490 0.717476
vt 0.070240 0.718280
vt 0.003823 0.716496
vt 0.036499 0.530515
vt 0.070255 0.531319
vt 0.003825 0.529534
vt 0.963400 0.717464
vt 0.996078 0.716483
vt 0.929641 0.718269
vt 0.893811 0.531790
vt 0.106151 0.718731
vt 0.106174 0.531771
vt 0.893718 0.718722
vt 0.712955 0.126357
vt 0.720128 0.149365
vt 0.704412 0.152225
vt 0.696786 0.131153
vt 0.687465 0.110617
vt 0.703223 0.104060
vt 0.717299 0.098137
vt 0.727549 0.121940
vt 0.734563 0.146589
vt 0.712943 0.278379
vt 0.727535 0.282798
vt 0.717281 0.306599
vt 0.703208 0.300673
vt 0.687452 0.294114
vt 0.696775 0.273580
vt 0.704404 0.252510
vt 0.720119 0.255374
vt 0.734553 0.258152
vt 0.049353 0.126284
vt 0.034762 0.121863
vt 0.045018 0.098066
vt 0.059090 0.103993
vt 0.074844 0.110553
vt 0.065519 0.131084
vt 0.057887 0.152152
vt 0.042174 0.149287
vt 0.027742 0.146507
vt 0.049325 0.278366
vt 0.042149 0.255359
vt 0.057865 0.252497
vt 0.065494 0.273569
vt 0.074817 0.294104
vt 0.059060 0.300663
vt 0.044985 0.306588
vt 0.034731 0.282785
vt 0.027714 0.258137
vt 0.688374 0.083184
vt 0.674756 0.091153
vt 0.700576 0.076025
vt 0.688355 0.321546
vt 0.700556 0.328706
vt 0.674739 0.313575
vt 0.073944 0.083123
vt 0.061744 0.075961
vt 0.087558 0.091095
vt 0.073912 0.321538
vt 0.087530 0.313567
vt 0.061710 0.328698
vt 0.741078 0.117756
vt 0.748536 0.143937
vt 0.730062 0.092491
vt 0.742168 0.086986
vt 0.754073 0.113689
vt 0.762278 0.141348
vt 0.741062 0.286984
vt 0.754056 0.291054
vt 0.742147 0.317753
vt 0.730042 0.312246
vt 0.748525 0.260806
vt 0.762265 0.263398
vt 0.021237 0.117676
vt 0.008244 0.113605
vt 0.020155 0.086909
vt 0.032258 0.092418
vt 0.013772 0.143851
vt 0.000033 0.141257
vt 0.021203 0.286971
vt 0.013742 0.260790
vt 0.032222 0.312235
vt 0.020116 0.317742
vt 0.008208 0.291040
vt 0.000000 0.263382
vt 0.711931 0.069060
vt 0.722860 0.062193
vt 0.711909 0.335672
vt 0.722837 0.342541
vt 0.050393 0.068994
vt 0.039467 0.062125
vt 0.050356 0.335664
vt 0.039427 0.342533
vt 0.584058 0.149326
vt 0.606972 0.133718
vt 0.613028 0.144776
vt 0.588779 0.157668
vt 0.565868 0.171319
vt 0.562526 0.165626
vt 0.584052 0.255390
vt 0.562522 0.239087
vt 0.565864 0.233394
vt 0.588775 0.247048
vt 0.613021 0.259944
vt 0.606963 0.271001
vt 0.178236 0.149290
vt 0.199764 0.165597
vt 0.196421 0.171289
vt 0.173513 0.157631
vt 0.149268 0.144732
vt 0.155327 0.133676
vt 0.178225 0.255380
vt 0.155312 0.270993
vt 0.149254 0.259934
vt 0.173502 0.247038
vt 0.196414 0.233383
vt 0.199757 0.239076
vt 0.593669 0.166012
vt 0.619208 0.155933
vt 0.625451 0.167139
vt 0.598643 0.174356
vt 0.573043 0.182583
vt 0.569406 0.176964
vt 0.593665 0.238706
vt 0.569404 0.227751
vt 0.573041 0.222131
vt 0.598641 0.230362
vt 0.625447 0.237583
vt 0.619203 0.248788
vt 0.168620 0.165973
vt 0.192881 0.176933
vt 0.189242 0.182552
vt 0.163644 0.174316
vt 0.136838 0.167091
vt 0.143084 0.155887
vt 0.168611 0.238694
vt 0.143071 0.248777
vt 0.136827 0.237571
vt 0.163635 0.230350
vt 0.189237 0.222119
vt 0.192875 0.227739
vt 0.547850 0.180049
vt 0.549911 0.183607
vt 0.547847 0.224663
vt 0.549909 0.221105
vt 0.214438 0.180024
vt 0.212376 0.183582
vt 0.214433 0.224651
vt 0.212372 0.221092
vt 0.552116 0.187151
vt 0.554393 0.190689
vt 0.552114 0.217561
vt 0.554392 0.214023
vt 0.210169 0.187126
vt 0.207891 0.190663
vt 0.210166 0.217547
vt 0.207888 0.214010
vt 0.659157 0.100547
vt 0.669655 0.118160
vt 0.651072 0.126330
vt 0.642521 0.110807
vt 0.659142 0.304178
vt 0.642508 0.293917
vt 0.651061 0.278395
vt 0.669643 0.286568
vt 0.103153 0.100493
vt 0.119785 0.110756
vt 0.111231 0.126276
vt 0.092651 0.118101
vt 0.103128 0.304170
vt 0.092627 0.286558
vt 0.111210 0.278386
vt 0.119763 0.293909
vt 0.678531 0.136471
vt 0.686595 0.155132
vt 0.667444 0.158330
vt 0.659331 0.142235
vt 0.678522 0.268259
vt 0.659323 0.262493
vt 0.667438 0.246399
vt 0.686589 0.249601
vt 0.083770 0.136408
vt 0.102967 0.142177
vt 0.094850 0.158268
vt 0.075701 0.155064
vt 0.083749 0.268248
vt 0.075682 0.249588
vt 0.094834 0.246387
vt 0.102949 0.262482
vt 0.625792 0.121370
vt 0.632994 0.134766
vt 0.625782 0.283351
vt 0.632985 0.269957
vt 0.136510 0.121324
vt 0.129305 0.134717
vt 0.136491 0.283343
vt 0.129288 0.269947
vt 0.640326 0.148365
vt 0.647723 0.162065
vt 0.640319 0.256359
vt 0.647719 0.242661
vt 0.121969 0.148312
vt 0.114568 0.162009
vt 0.121954 0.256349
vt 0.114554 0.242650
vn -0.052400 0.742500 0.667700
vn -0.052300 0.741500 0.668900
vn -0.052900 0.727100 0.684400
vn -0.053000 0.729500 0.681900
vn -0.053100 0.731800 0.679400
vn -0.052500 0.743600 0.666500
vn -0.052800 0.753500 0.655300
vn -0.052800 0.753400 0.655400
vn -0.052400 0.742500 -0.667700
vn -0.052800 0.753400 -0.655400
vn -0.052800 0.753500 -0.655300
vn -0.052500 0.743600 -0.666500
vn -0.053100 0.731800 -0.679400
vn -0.053000 0.729500 -0.681900
vn -0.052900 0.727100 -0.684400
vn -0.052300 0.741500 -0.668900
vn 0.052400 0.742500 0.667700
vn 0.052800 0.753400 0.655400
vn 0.052800 0.753500 0.655300
vn 0.052500 0.743600 0.666500
vn 0.053100 0.731800 0.679400
vn 0.053000 0.729500 0.681900
vn 0.052900 0.727100 0.684400
vn 0.052300 0.741500 0.668900
vn 0.052400 0.742500 -0.667700
vn 0.052300 0.741500 -0.668900
vn 0.052900 0.727100 -0.684400
vn 0.053000 0.729500 -0.681900
vn 0.053100 0.731800 -0.679400
vn 0.052500 0.743600 -0.666500
vn 0.052800 0.753500 -0.655300
vn 0.052800 0.753400 -0.655400
vn -0.039200 0.741400 0.669900
vn 0.000000 0.741800 0.670500
vn 0.000000 0.726200 0.687500
vn -0.039600 0.726000 0.686500
vn -0.039600 0.754200 0.655400
vn 0.000000 0.755200 0.655400
vn -0.039200 0.741400 -0.669900
vn -0.039600 0.754200 -0.655400
vn -0.039600 0.726000 -0.686500
vn 0.000000 0.726200 -0.687500
vn 0.000000 0.741800 -0.670500
vn 0.000000 0.755200 -0.655400
vn 0.039200 0.741400 0.669900
vn 0.039600 0.754200 0.655400
vn 0.039600 0.726000 0.686500
vn 0.039200 0.741400 -0.669900
vn 0.039600 0.726000 -0.686500
vn 0.039600 0.754200 -0.655400
vn -0.069900 0.997500 0.000000
vn 0.069900 0.997500 0.000000
vn -0.052300 0.998600 0.000000
vn 0.000000 1.000000 0.000000
vn 0.052300 0.998600 0.000000
vn -0.051000 0.745700 0.664400
vn -0.052600 0.745700 0.664200
vn -0.053100 0.736300 0.674500
vn -0.046100 0.735400 0.676000
vn 0.029300 0.738500 0.673600
vn 0.114000 0.766800 0.631600
vn 0.286600 0.805900 0.518100
vn -0.052300 0.754100 0.654700
vn -0.052800 0.753500 0.655200
vn -0.051000 0.745700 -0.664400
vn -0.052300 0.754100 -0.654700
vn 0.286600 0.805900 -0.518100
vn 0.114000 0.766800 -0.631600
vn 0.029300 0.738500 -0.673600
vn -0.046100 0.735400 -0.676000
vn -0.053100 0.736300 -0.674500
vn -0.052600 0.745700 -0.664200
vn -0.052800 0.753500 -0.655200
vn 0.051000 0.745700 0.664400
vn 0.052300 0.754100 0.654700
vn -0.286600 0.805900 0.518100
vn -0.114000 0.766800 0.631600
vn -0.029300 0.738500 0.673600
vn 0.046100 0.735400 0.676000
vn 0.053100 0.736300 0.674500
vn 0.052600 0.745700 0.664200
vn 0.052800 0.753500 0.655200
vn 0.051000 0.745700 -0.664400
vn 0.052600 0.745700 -0.664200
vn 0.053100 0.736300 -0.674500
vn 0.046100 0.735400 -0.676000
vn -0.029300 0.738500 -0.673600
vn -0.114000 0.766800 -0.631600
vn -0.286600 0.805900 -0.518100
vn 0.052300 0.754100 -0.654700
vn 0.052800 0.753500 -0.655200
vn -0.052500 0.744700 0.665300
vn -0.053200 0.734200 0.676900
vn -0.052500 0.744700 -0.665300
vn -0.053200 0.734200 -0.676900
vn 0.052500 0.744700 0.665300
vn 0.053200 0.734200 0.676900
vn 0.052500 0.744700 -0.665300
vn 0.053200 0.734200 -0.676900
vn -0.052000 0.757300 0.650900
vn 0.214500 0.820900 0.529200
vn 0.152700 0.988300 0.000000
vn -0.068500 0.997700 0.000000
vn -0.052000 0.757300 -0.650900
vn 0.214500 0.820900 -0.529200
vn 0.052000 0.757300 0.650900
vn 0.068500 0.997700 0.000000
vn -0.152700 0.988300 0.000000
vn -0.214500 0.820900 0.529200
vn 0.052000 0.757300 -0.650900
vn -0.214500 0.820900 -0.529200
vn 0.027700 0.143400 0.989300
vn 0.050800 0.145100 0.988100
vn 0.050900 0.163200 0.985300
vn 0.026500 0.161300 0.986500
vn -0.038500 0.155500 0.987100
vn -0.035300 0.138900 0.989700
vn -0.034600 0.089700 0.995400
vn 0.027800 0.091400 0.995400
vn 0.050800 0.092400 0.994400
vn 0.027700 0.143400 -0.989300
vn 0.027800 0.091400 -0.995400
vn -0.034600 0.089700 -0.995400
vn -0.035300 0.138900 -0.989700
vn -0.038500 0.155500 -0.987100
vn 0.026500 0.161300 -0.986500
vn 0.050900 0.163200 -0.985300
vn 0.050800 0.145100 -0.988100
vn 0.050800 0.092400 -0.994400
vn -0.027700 0.143400 0.989300
vn -0.027800 0.091400 0.995400
vn 0.034600 0.089700 0.995400
vn 0.035300 0.138900 0.989700
vn 0.038500 0.155500 0.987100
vn -0.026500 0.161300 0.986500
vn -0.050900 0.163200 0.985300
vn -0.050800 0.145100 0.988100
vn -0.050800 0.092400 0.994400
vn -0.027700 0.143400 -0.989300
vn -0.050800 0.145100 -0.988100
vn -0.050900 0.163200 -0.985300
vn -0.026500 0.161300 -0.986500
vn 0.038500 0.155500 -0.987100
vn 0.035300 0.138900 -0.989700
vn 0.034600 0.089700 -0.995400
vn -0.027800 0.091400 -0.995400
vn -0.050800 0.092400 -0.994400
vn 0.038100 0.145300 0.988600
vn 0.000000 0.145400 0.989300
vn 0.000000 0.163300 0.986500
vn 0.038300 0.163400 0.985800
vn 0.038100 0.092700 0.994900
vn 0.000000 0.092900 0.995700
vn 0.038100 0.145300 -0.988600
vn 0.038100 0.092700 -0.994900
vn 0.038300 0.163400 -0.985800
vn 0.000000 0.163300 -0.986500
vn 0.000000 0.145400 -0.989300
vn 0.000000 0.092900 -0.995700
vn -0.038100 0.145300 0.988600
vn -0.038100 0.092700 0.994900
vn -0.038300 0.163400 0.985800
vn -0.038100 0.145300 -0.988600
vn -0.038300 0.163400 -0.985800
vn -0.038100 0.092700 -0.994900
vn 0.027500 0.036900 0.998900
vn 0.050700 0.037200 0.998000
vn -0.034300 0.037900 0.998700
vn -0.034100 0.006600 0.999400
vn 0.027200 0.005000 0.999600
vn 0.050400 0.005000 0.998700
vn 0.027500 0.036900 -0.998900
vn 0.027200 0.005000 -0.999600
vn -0.034100 0.006600 -0.999400
vn -0.034300 0.037900 -0.998700
vn 0.050700 0.037200 -0.998000
vn 0.050400 0.005000 -0.998700
vn -0.027500 0.036900 0.998900
vn -0.027200 0.005000 0.999600
vn 0.034100 0.006600 0.999400
vn 0.034300 0.037900 0.998700
vn -0.050700 0.037200 0.998000
vn -0.050400 0.005000 0.998700
vn -0.027500 0.036900 -0.998900
vn -0.050700 0.037200 -0.998000
vn 0.034300 0.037900 -0.998700
vn 0.034100 0.006600 -0.999400
vn -0.027200 0.005000 -0.999600
vn -0.050400 0.005000 -0.998700
vn 0.038000 0.037600 0.998600
vn 0.000000 0.037800 0.999300
vn 0.037900 0.005200 0.999200
vn 0.000000 0.005300 1.000000
vn 0.038000 0.037600 -0.998600
vn 0.037900 0.005200 -0.999200
vn 0.000000 0.037800 -0.999300
vn 0.000000 0.005300 -1.000000
vn -0.038000 0.037600 0.998600
vn -0.037900 0.005200 0.999200
vn -0.038000 0.037600 -0.998600
vn -0.037900 0.005200 -0.999200
vn -0.021100 0.148100 0.988700
vn -0.109900 0.133800 0.984900
vn -0.110100 0.148400 0.982800
vn -0.007700 0.168700 0.985600
vn 0.333100 0.218500 0.917200
vn 0.306500 0.186300 0.933400
vn 0.300600 0.100100 0.948500
vn -0.023100 0.095900 0.995100
vn -0.109100 0.091400 0.989800
vn -0.021100 0.148100 -0.988700
vn -0.023100 0.095900 -0.995100
vn 0.300600 0.100100 -0.948500
vn 0.306500 0.186300 -0.933400
vn 0.333100 0.218500 -0.917200
vn -0.007700 0.168700 -0.985600
vn -0.110100 0.148400 -0.982800
vn -0.109900 0.133800 -0.984900
vn -0.109100 0.091400 -0.989800
vn 0.021100 0.148100 0.988700
vn 0.023100 0.095900 0.995100
vn -0.300600 0.100100 0.948500
vn -0.306500 0.186300 0.933400
vn -0.333100 0.218500 0.917200
vn 0.007700 0.168700 0.985600
vn 0.110100 0.148400 0.982800
vn 0.109900 0.133800 0.984900
vn 0.109100 0.091400 0.989800
vn 0.021100 0.148100 -0.988700
vn 0.109900 0.133800 -0.984900
vn 0.110100 0.148400 -0.982800
vn 0.007700 0.168700 -0.985600
vn -0.333100 0.218500 -0.917200
vn -0.306500 0.186300 -0.933400
vn -0.300600 0.100100 -0.948500
vn 0.023100 0.095900 -0.995100
vn 0.109100 0.091400 -0.989800
vn -0.092500 0.134400 0.986600
vn -0.094600 0.149600 0.984200
vn -0.091300 0.089400 0.991800
vn -0.092500 0.134400 -0.986600
vn -0.091300 0.089400 -0.991800
vn -0.094600 0.149600 -0.984200
vn 0.092500 0.134400 0.986600
vn 0.091300 0.089400 0.991800
vn 0.094600 0.149600 0.984200
vn 0.092500 0.134400 -0.986600
vn 0.094600 0.149600 -0.984200
vn 0.091300 0.089400 -0.991800
vn -0.019700 0.040600 0.999000
vn -0.107700 0.045000 0.993100
vn 0.306500 0.014300 0.951800
vn 0.313800 -0.017100 0.949300
vn -0.016200 0.006500 0.999800
vn -0.106500 0.012200 0.994200
vn -0.019700 0.040600 -0.999000
vn -0.016200 0.006500 -0.999800
vn 0.313800 -0.017100 -0.949300
vn 0.306500 0.014300 -0.951800
vn -0.107700 0.045000 -0.993100
vn -0.106500 0.012200 -0.994200
vn 0.019700 0.040600 0.999000
vn 0.016200 0.006500 0.999800
vn -0.313800 -0.017100 0.949300
vn -0.306500 0.014300 0.951800
vn 0.107700 0.045000 0.993100
vn 0.106500 0.012200 0.994200
vn 0.019700 0.040600 -0.999000
vn 0.107700 0.045000 -0.993100
vn -0.306500 0.014300 -0.951800
vn -0.313800 -0.017100 -0.949300
vn 0.016200 0.006500 -0.999800
vn 0.106500 0.012200 -0.994200
vn -0.090000 0.041200 0.995100
vn -0.088800 0.009700 0.996000
vn -0.090000 0.041200 -0.995100
vn -0.088800 0.009700 -0.996000
vn 0.090000 0.041200 0.995100
vn 0.088800 0.009700 0.996000
vn 0.090000 0.041200 -0.995100
vn 0.088800 0.009700 -0.996000
vn -0.089900 -0.080200 0.992700
vn -0.107500 -0.079700 0.991000
vn -0.103200 0.288800 0.951800
vn -0.088900 0.290700 0.952600
vn -0.041300 0.306300 0.951000
vn -0.036000 -0.082900 0.995900
vn -0.033100 -0.108100 0.993600
vn -0.087900 -0.103100 0.990800
vn -0.106400 -0.102700 0.989000
vn -0.089900 -0.080200 -0.992700
vn -0.087900 -0.103100 -0.990800
vn -0.033100 -0.108100 -0.993600
vn -0.036000 -0.082900 -0.995900
vn -0.041300 0.306300 -0.951000
vn -0.088900 0.290700 -0.952600
vn -0.103200 0.288800 -0.951800
vn -0.107500 -0.079700 -0.991000
vn -0.106400 -0.102700 -0.989000
vn 0.089900 -0.080200 0.992700
vn 0.087900 -0.103100 0.990800
vn 0.033100 -0.108100 0.993600
vn 0.036000 -0.082900 0.995900
vn 0.041300 0.306300 0.951000
vn 0.088900 0.290700 0.952600
vn 0.103200 0.288800 0.951800
vn 0.107500 -0.079700 0.991000
vn 0.106400 -0.102700 0.989000
vn 0.089900 -0.080200 -0.992700
vn 0.107500 -0.079700 -0.991000
vn 0.103200 0.288800 -0.951800
vn 0.088900 0.290700 -0.952600
vn 0.041300 0.306300 -0.951000
vn 0.036000 -0.082900 -0.995900
vn 0.033100 -0.108100 -0.993600
vn 0.087900 -0.103100 -0.990800
vn 0.106400 -0.102700 -0.989000
vn -0.014500 -0.093800 0.995500
vn 0.322800 -0.127100 0.937900
vn 0.328000 0.352700 0.876300
vn -0.001500 0.310900 0.950400
vn -0.021500 -0.115700 0.993000
vn 0.302400 -0.150700 0.941200
vn -0.014500 -0.093800 -0.995500
vn -0.021500 -0.115700 -0.993000
vn -0.001500 0.310900 -0.950400
vn 0.328000 0.352700 -0.876300
vn 0.322800 -0.127100 -0.937900
vn 0.302400 -0.150700 -0.941200
vn 0.014500 -0.093800 0.995500
vn 0.021500 -0.115700 0.993000
vn 0.001500 0.310900 0.950400
vn -0.328000 0.352700 0.876300
vn -0.322800 -0.127100 0.937900
vn -0.302400 -0.150700 0.941200
vn 0.014500 -0.093800 -0.995500
vn -0.322800 -0.127100 -0.937900
vn -0.328000 0.352700 -0.876300
vn 0.001500 0.310900 -0.950400
vn 0.021500 -0.115700 -0.993000
vn -0.302400 -0.150700 -0.941200
vn -0.088100 -0.033800 0.995500
vn -0.106200 -0.033600 0.993700
vn -0.033400 -0.036300 0.998800
vn -0.088100 -0.033800 -0.995500
vn -0.033400 -0.036300 -0.998800
vn -0.106200 -0.033600 -0.993700
vn 0.088100 -0.033800 0.995500
vn 0.033400 -0.036300 0.998800
vn 0.106200 -0.033600 0.993700
vn 0.088100 -0.033800 -0.995500
vn 0.106200 -0.033600 -0.993700
vn 0.033400 -0.036300 -0.998800
vn -0.018700 -0.039400 0.999000
vn 0.309000 -0.054500 0.949500
vn -0.018700 -0.039400 -0.999000
vn 0.309000 -0.054500 -0.949500
vn 0.018700 -0.039400 0.999000
vn -0.309000 -0.054500 0.949500
vn 0.018700 -0.039400 -0.999000
vn -0.309000 -0.054500 -0.949500
vn 0.036400 -0.067900 0.997000
vn 0.047800 -0.075600 0.996000
vn 0.036400 0.366600 0.929700
vn 0.027700 0.393700 0.918800
vn 0.000000 0.404200 0.914700
vn 0.000000 -0.064600 0.997900
vn 0.000000 -0.114300 0.993400
vn 0.037600 -0.114300 0.992700
vn 0.049700 -0.114400 0.992200
vn 0.036400 -0.067900 -0.997000
vn 0.037600 -0.114300 -0.992700
vn 0.000000 -0.114300 -0.993400
vn 0.000000 -0.064600 -0.997900
vn 0.000000 0.404200 -0.914700
vn 0.027700 0.393700 -0.918800
vn 0.036400 0.366600 -0.929700
vn 0.047800 -0.075600 -0.996000
vn 0.049700 -0.114400 -0.992200
vn -0.036400 -0.067900 0.997000
vn -0.037600 -0.114300 0.992700
vn -0.027700 0.393700 0.918800
vn -0.036400 0.366600 0.929700
vn -0.047800 -0.075600 0.996000
vn -0.049700 -0.114400 0.992200
vn -0.036400 -0.067900 -0.997000
vn -0.047800 -0.075600 -0.996000
vn -0.036400 0.366600 -0.929700
vn -0.027700 0.393700 -0.918800
vn -0.037600 -0.114300 -0.992700
vn -0.049700 -0.114400 -0.992200
vn 0.024600 -0.082300 0.996300
vn 0.014900 0.334500 0.942300
vn 0.027000 -0.113100 0.993200
vn 0.024600 -0.082300 -0.996300
vn 0.027000 -0.113100 -0.993200
vn 0.014900 0.334500 -0.942300
vn -0.024600 -0.082300 0.996300
vn -0.027000 -0.113100 0.993200
vn -0.014900 0.334500 0.942300
vn -0.024600 -0.082300 -0.996300
vn -0.014900 0.334500 -0.942300
vn -0.027000 -0.113100 -0.993200
vn 0.037800 -0.038900 0.998500
vn 0.050100 -0.039000 0.998000
vn 0.000000 -0.038900 0.999200
vn 0.037800 -0.038900 -0.998500
vn 0.000000 -0.038900 -0.999200
vn 0.050100 -0.039000 -0.998000
vn -0.037800 -0.038900 0.998500
vn -0.050100 -0.039000 0.998000
vn -0.037800 -0.038900 -0.998500
vn -0.050100 -0.039000 -0.998000
vn 0.027200 -0.038600 0.998900
vn 0.027200 -0.038600 -0.998900
vn -0.027200 -0.038600 0.998900
vn -0.027200 -0.038600 -0.998900
vn -0.044100 0.878400 0.476000
vn -0.046700 0.878800 0.474800
vn -0.044000 0.884100 0.465100
vn -0.043700 0.883800 0.465700
vn -0.040900 0.888200 0.457600
vn -0.035300 0.886100 0.462100
vn -0.028700 0.886300 0.462200
vn -0.044100 0.876300 0.479700
vn -0.049300 0.876000 0.479800
vn -0.044100 0.878400 -0.476000
vn -0.044100 0.876300 -0.479700
vn -0.028700 0.886300 -0.462200
vn -0.035300 0.886100 -0.462100
vn -0.040900 0.888200 -0.457600
vn -0.043700 0.883800 -0.465700
vn -0.044000 0.884100 -0.465100
vn -0.046700 0.878800 -0.474800
vn -0.049300 0.876000 -0.479800
vn 0.044100 0.878400 0.476000
vn 0.044100 0.876300 0.479700
vn 0.028700 0.886300 0.462200
vn 0.035300 0.886100 0.462100
vn 0.040900 0.888200 0.457600
vn 0.043700 0.883800 0.465700
vn 0.044000 0.884100 0.465100
vn 0.046700 0.878800 0.474800
vn 0.049300 0.876000 0.479800
vn 0.044100 0.878400 -0.476000
vn 0.046700 0.878800 -0.474800
vn 0.044000 0.884100 -0.465100
vn 0.043700 0.883800 -0.465700
vn 0.040900 0.888200 -0.457600
vn 0.035300 0.886100 -0.462100
vn 0.028700 0.886300 -0.462200
vn 0.044100 0.876300 -0.479700
vn 0.049300 0.876000 -0.479800
vn -0.002800 0.898000 0.440000
vn 0.130700 0.936800 0.324400
vn 0.142300 0.932800 0.331100
vn -0.001100 0.899300 0.437200
vn -0.005800 0.897000 0.441900
vn 0.117300 0.939100 0.322900
vn -0.002800 0.898000 -0.440000
vn -0.005800 0.897000 -0.441900
vn -0.001100 0.899300 -0.437200
vn 0.142300 0.932800 -0.331000
vn 0.130700 0.936800 -0.324400
vn 0.117300 0.939100 -0.322900
vn 0.002800 0.898000 0.440000
vn 0.005800 0.897000 0.441900
vn 0.001100 0.899300 0.437200
vn -0.142300 0.932800 0.331100
vn -0.130700 0.936800 0.324400
vn -0.117300 0.939100 0.322900
vn 0.002800 0.898000 -0.440000
vn -0.130700 0.936800 -0.324400
vn -0.142300 0.932800 -0.331100
vn 0.001100 0.899300 -0.437200
vn 0.005800 0.897000 -0.441900
vn -0.117300 0.939100 -0.322900
vn -0.060500 0.744600 0.664700
vn -0.071200 0.741500 0.667200
vn -0.030200 0.763400 0.645100
vn -0.060500 0.744600 -0.664700
vn -0.030200 0.763400 -0.645100
vn -0.071200 0.741500 -0.667200
vn 0.060500 0.744600 0.664700
vn 0.030200 0.763400 0.645100
vn 0.071200 0.741500 0.667200
vn 0.060500 0.744600 -0.664700
vn 0.071200 0.741500 -0.667200
vn 0.030200 0.763400 -0.645100
vn -0.014400 0.768200 0.640000
vn 0.170200 0.830000 0.531200
vn -0.014400 0.768200 -0.640000
vn 0.170200 0.830000 -0.531200
vn 0.014400 0.768200 0.640000
vn -0.170200 0.830000 0.531200
vn 0.014400 0.768200 -0.640000
vn -0.170200 0.830000 -0.531200
vn -0.016200 0.926500 0.376000
vn -0.022200 0.915200 0.402300
vn -0.035900 0.905800 0.422100
vn -0.026600 0.913700 0.405400
vn 0.000000 0.917200 0.398400
vn 0.000000 0.930900 0.365300
vn 0.000000 0.935200 0.354100
vn -0.005300 0.930800 0.365300
vn -0.007300 0.919300 0.393400
vn -0.016200 0.926500 -0.376000
vn -0.005300 0.930800 -0.365300
vn 0.000000 0.935200 -0.354100
vn 0.000000 0.930900 -0.365300
vn 0.000000 0.917200 -0.398400
vn -0.026600 0.913700 -0.405400
vn -0.035900 0.905800 -0.422100
vn -0.022200 0.915200 -0.402300
vn -0.007300 0.919300 -0.393400
vn 0.016200 0.926500 0.376000
vn 0.005300 0.930800 0.365300
vn 0.026600 0.913700 0.405400
vn 0.035900 0.905800 0.422100
vn 0.022200 0.915200 0.402300
vn 0.007300 0.919300 0.393400
vn 0.016200 0.926500 -0.376000
vn 0.022200 0.915200 -0.402300
vn 0.035900 0.905800 -0.422100
vn 0.026600 0.913700 -0.405400
vn 0.005300 0.930800 -0.365300
vn 0.007300 0.919300 -0.393400
vn -0.026200 0.900400 0.434200
vn -0.037700 0.896500 0.441400
vn -0.013000 0.903200 0.429100
vn -0.026200 0.900400 -0.434200
vn -0.013000 0.903200 -0.429100
vn -0.037700 0.896500 -0.441400
vn 0.026200 0.900400 0.434200
vn 0.013000 0.903200 0.429100
vn 0.037700 0.896500 0.441400
vn 0.026200 0.900400 -0.434200
vn 0.037700 0.896500 -0.441400
vn 0.013000 0.903200 -0.429100
vn 0.008100 0.838000 0.545600
vn 0.011200 0.817700 0.575500
vn 0.000000 0.845600 0.533800
vn 0.008100 0.838000 -0.545600
vn 0.000000 0.845600 -0.533800
vn 0.011200 0.817700 -0.575500
vn -0.008100 0.838000 0.545600
vn -0.011200 0.817700 0.575500
vn -0.008100 0.838000 -0.545600
vn -0.011200 0.817700 -0.575500
vn 0.000600 0.791100 0.611600
vn 0.000600 0.791100 -0.611600
vn -0.000600 0.791100 0.611600
vn -0.000600 0.791100 -0.611600
vn 0.545400 0.747000 0.380200
vn 0.672800 0.704600 0.225600
vn 0.576200 0.743700 0.338900
vn 0.836400 0.547700 -0.020300
vn 0.545400 0.747000 -0.380200
vn 0.672800 0.704600 -0.225600
vn 0.836400 0.547700 0.020300
vn 0.576200 0.743700 -0.338900
vn -0.545400 0.747000 0.380200
vn -0.672800 0.704600 0.225600
vn -0.836400 0.547700 -0.020300
vn -0.576200 0.743700 0.338900
vn -0.545400 0.747000 -0.380200
vn -0.672800 0.704600 -0.225600
vn -0.576200 0.743700 -0.338900
vn -0.836400 0.547700 0.020300
vn 0.780200 0.615500 0.111000
vn 0.862200 0.506500 -0.001200
vn 0.880300 0.474400 0.000000
vn 0.751800 0.635900 0.174200
vn 0.780200 0.615500 -0.111000
vn 0.751800 0.635900 -0.174200
vn 0.862200 0.506500 0.001200
vn -0.780200 0.615500 0.111000
vn -0.751800 0.635900 0.174200
vn -0.880300 0.474400 0.000000
vn -0.862200 0.506500 -0.001200
vn -0.780200 0.615500 -0.111000
vn -0.862200 0.506400 0.001200
vn -0.751800 0.635900 -0.174200
vn 0.692600 0.721300 0.000000
vn -0.692600 0.721300 0.000000
vn 0.648000 0.196100 0.735900
vn 0.652100 0.232500 0.721600
vn 0.766400 0.219900 0.603500
vn 0.770500 0.183200 0.610500
vn 0.779800 0.074000 0.621600
vn 0.648300 0.086300 0.756500
vn 0.648000 0.196100 -0.735900
vn 0.648300 0.086300 -0.756500
vn 0.779800 0.074000 -0.621600
vn 0.770500 0.183200 -0.610500
vn 0.766400 0.219900 -0.603500
vn 0.652100 0.232500 -0.721600
vn -0.648000 0.196100 0.735900
vn -0.648300 0.086300 0.756500
vn -0.779800 0.074000 0.621600
vn -0.770500 0.183200 0.610500
vn -0.766400 0.219900 0.603500
vn -0.652100 0.232500 0.721600
vn -0.648000 0.196100 -0.735900
vn -0.652100 0.232500 -0.721600
vn -0.766400 0.219900 -0.603500
vn -0.770500 0.183200 -0.610500
vn -0.779800 0.074000 -0.621600
vn -0.648300 0.086300 -0.756500
vn 0.650100 -0.018200 0.759600
vn 0.783700 -0.027800 0.620400
vn 0.787300 -0.042500 0.615100
vn 0.653500 -0.039400 0.755900
vn 0.650100 -0.018200 -0.759600
vn 0.653500 -0.039400 -0.755900
vn 0.787300 -0.042500 -0.615100
vn 0.783700 -0.027800 -0.620400
vn -0.650100 -0.018200 0.759600
vn -0.653500 -0.039400 0.755900
vn -0.787300 -0.042500 0.615100
vn -0.783700 -0.027800 0.620400
vn -0.650100 -0.018200 -0.759600
vn -0.783700 -0.027800 -0.620400
vn -0.787300 -0.042500 -0.615100
vn -0.653500 -0.039400 -0.755900
vn 0.664800 -0.133700 0.734900
vn 0.790500 -0.120800 0.600500
vn 0.725300 0.426700 0.540200
vn 0.628300 0.391800 0.672000
vn 0.650300 -0.160700 0.742500
vn 0.784700 -0.147900 0.602000
vn 0.664800 -0.133700 -0.734900
vn 0.650300 -0.160700 -0.742500
vn 0.628300 0.391800 -0.672000
vn 0.725300 0.426700 -0.540200
vn 0.790500 -0.120800 -0.600500
vn 0.784700 -0.147900 -0.602000
vn -0.664800 -0.133700 0.734900
vn -0.650300 -0.160700 0.742500
vn -0.628300 0.391800 0.672000
vn -0.725300 0.426700 0.540200
vn -0.790500 -0.120800 0.600500
vn -0.784700 -0.147900 0.602000
vn -0.664800 -0.133700 -0.734900
vn -0.790500 -0.120800 -0.600500
vn -0.725300 0.426700 -0.540200
vn -0.628300 0.391800 -0.672000
vn -0.650300 -0.160700 -0.742500
vn -0.784700 -0.147900 -0.602000
vn 0.653900 -0.060700 0.754100
vn 0.789700 -0.054900 0.611000
vn 0.653900 -0.060700 -0.754100
vn 0.789700 -0.054900 -0.611000
vn -0.653900 -0.060700 0.754100
vn -0.789700 -0.054900 0.611000
vn -0.653900 -0.060700 -0.754100
vn -0.789700 -0.054900 -0.611000
vn 0.243900 0.954500 0.171600
vn 0.247900 0.966200 0.070200
vn 0.317800 0.945300 0.072600
vn 0.283200 0.942400 0.178200
vn 0.214200 0.960500 0.177300
vn 0.208900 0.973900 0.088200
vn 0.243900 0.954500 -0.171600
vn 0.214200 0.960500 -0.177300
vn 0.283200 0.942400 -0.178200
vn 0.317800 0.945300 -0.072600
vn 0.247900 0.966200 -0.070200
vn 0.208900 0.973900 -0.088200
vn -0.243900 0.954500 0.171600
vn -0.214200 0.960500 0.177300
vn -0.283200 0.942400 0.178200
vn -0.317800 0.945300 0.072600
vn -0.247900 0.966200 0.070200
vn -0.208900 0.973900 0.088200
vn -0.243900 0.954500 -0.171600
vn -0.247900 0.966200 -0.070200
vn -0.317800 0.945300 -0.072600
vn -0.283200 0.942400 -0.178200
vn -0.214200 0.960500 -0.177300
vn -0.208900 0.973900 -0.088200
vn 0.336300 0.876600 0.344100
vn 0.357000 0.903200 0.238100
vn 0.336300 0.876600 -0.344100
vn 0.357000 0.903200 -0.238100
vn -0.336300 0.876600 0.344100
vn -0.357000 0.903200 0.238100
vn -0.336300 0.876600 -0.344100
vn -0.357000 0.903200 -0.238100
vn -0.059000 0.745600 0.663700
vn -0.058000 0.730200 0.680800
vn -0.058800 0.728100 0.682900
vn -0.060600 0.744300 0.665100
vn -0.058000 0.803200 0.592800
vn -0.055800 0.803400 0.592800
vn -0.052600 0.803600 0.592800
vn -0.056300 0.746600 0.662900
vn -0.056500 0.731800 0.679200
vn -0.059000 0.745600 -0.663700
vn -0.056300 0.746600 -0.662900
vn -0.052600 0.803600 -0.592800
vn -0.055800 0.803400 -0.592800
vn -0.058000 0.803200 -0.592800
vn -0.060600 0.744300 -0.665100
vn -0.058800 0.728100 -0.682900
vn -0.058000 0.730200 -0.680800
vn -0.056500 0.731800 -0.679200
vn 0.059000 0.745600 0.663700
vn 0.056300 0.746600 0.662900
vn 0.052600 0.803600 0.592800
vn 0.055800 0.803400 0.592800
vn 0.058000 0.803200 0.592800
vn 0.060600 0.744300 0.665100
vn 0.058800 0.728100 0.682900
vn 0.058000 0.730200 0.680800
vn 0.056500 0.731800 0.679200
vn 0.059000 0.745600 -0.663700
vn 0.058000 0.730200 -0.680800
vn 0.058800 0.728100 -0.682900
vn 0.060600 0.744300 -0.665100
vn 0.058000 0.803200 -0.592800
vn 0.055800 0.803400 -0.592800
vn 0.052600 0.803600 -0.592800
vn 0.056300 0.746600 -0.662900
vn 0.056500 0.731800 -0.679200
vn -0.055500 0.731600 0.679400
vn -0.055700 0.729200 0.682000
vn -0.054900 0.733800 0.677100
vn -0.055500 0.731600 -0.679400
vn -0.054900 0.733800 -0.677100
vn -0.055700 0.729200 -0.682000
vn 0.055500 0.731600 0.679400
vn 0.054900 0.733800 0.677100
vn 0.055700 0.729200 0.682000
vn 0.055500 0.731600 -0.679400
vn 0.055700 0.729200 -0.682000
vn 0.054900 0.733800 -0.677100
vn -0.021500 0.758300 0.651600
vn -0.029700 0.739300 0.672600
vn -0.014800 0.817200 0.576200
vn 0.151600 0.875700 0.458300
vn 0.162200 0.824400 0.542200
vn 0.149300 0.792000 0.592000
vn -0.021500 0.758300 -0.651600
vn 0.162200 0.824400 -0.542200
vn 0.151600 0.875700 -0.458300
vn -0.014800 0.817200 -0.576200
vn -0.029700 0.739300 -0.672600
vn 0.149300 0.792000 -0.592000
vn 0.021500 0.758300 0.651600
vn -0.162200 0.824400 0.542200
vn -0.151600 0.875700 0.458300
vn 0.014800 0.817200 0.576200
vn 0.029700 0.739300 0.672600
vn -0.149300 0.792000 0.592000
vn 0.021500 0.758300 -0.651600
vn 0.029700 0.739300 -0.672600
vn 0.014800 0.817200 -0.576200
vn -0.151600 0.875700 -0.458300
vn -0.162200 0.824400 -0.542200
vn -0.149300 0.792000 -0.592000
vn -0.038300 0.737600 0.674200
vn 0.097900 0.767000 0.634100
vn -0.038300 0.737600 -0.674200
vn 0.097900 0.767000 -0.634100
vn 0.038300 0.737600 0.674200
vn -0.097900 0.767000 0.634100
vn 0.038300 0.737600 -0.674200
vn -0.097900 0.767000 -0.634100
vn -0.043800 0.888400 0.457000
vn -0.044800 0.889400 0.455000
vn -0.046500 0.890400 0.452800
vn -0.044400 0.890000 0.453700
vn -0.042600 0.888200 0.457400
vn -0.042800 0.888900 0.455900
vn -0.043800 0.888400 -0.457000
vn -0.042600 0.888200 -0.457400
vn -0.044400 0.890000 -0.453700
vn -0.046500 0.890400 -0.452800
vn -0.044800 0.889400 -0.455000
vn -0.042800 0.888900 -0.455900
vn 0.043800 0.888400 0.457000
vn 0.042600 0.888200 0.457400
vn 0.044400 0.890000 0.453700
vn 0.046500 0.890400 0.452800
vn 0.044800 0.889400 0.455000
vn 0.042800 0.888900 0.455900
vn 0.043800 0.888400 -0.457000
vn 0.044800 0.889400 -0.455000
vn 0.046500 0.890400 -0.452800
vn 0.044400 0.890000 -0.453700
vn 0.042600 0.888200 -0.457400
vn 0.042800 0.888900 -0.455900
vn -0.049000 0.866500 0.496800
vn -0.051100 0.867300 0.495100
vn -0.046300 0.866100 0.497700
vn -0.049000 0.866500 -0.496800
vn -0.046300 0.866100 -0.497700
vn -0.051100 0.867300 -0.495100
vn 0.049000 0.866500 0.496800
vn 0.046300 0.866100 0.497700
vn 0.051100 0.867300 0.495100
vn 0.049000 0.866500 -0.496800
vn 0.051100 0.867300 -0.495100
vn 0.046300 0.866100 -0.497700
vn -0.001900 0.900300 0.435200
vn -0.004900 0.899900 0.436000
vn 0.144900 0.930000 0.337700
vn 0.138000 0.930500 0.339200
vn -0.001900 0.900300 -0.435200
vn 0.144900 0.930000 -0.337700
vn -0.004900 0.899900 -0.436000
vn 0.138000 0.930500 -0.339200
vn 0.001900 0.900300 0.435200
vn -0.144900 0.930000 0.337700
vn 0.004900 0.899900 0.436000
vn -0.138000 0.930500 0.339200
vn 0.001900 0.900300 -0.435200
vn 0.004900 0.899900 -0.436000
vn -0.144900 0.930000 -0.337700
vn -0.138000 0.930500 -0.339200
vn -0.009200 0.878200 0.478200
vn 0.137400 0.918600 0.370500
vn -0.009200 0.878200 -0.478200
vn 0.137400 0.918600 -0.370500
vn 0.009200 0.878200 0.478200
vn -0.137400 0.918600 0.370500
vn 0.009200 0.878200 -0.478200
vn -0.137400 0.918600 -0.370500
vn -0.046300 0.740500 0.670400
vn -0.044400 0.722700 0.689700
vn 0.000000 0.723100 0.690700
vn 0.000000 0.741100 0.671300
vn 0.000000 0.804400 0.594100
vn -0.044700 0.803400 0.593800
vn -0.059700 0.802600 0.593400
vn -0.061800 0.740900 0.668700
vn -0.059200 0.723700 0.687600
vn -0.046300 0.740500 -0.670400
vn -0.061800 0.740900 -0.668700
vn -0.059700 0.802600 -0.593400
vn -0.044700 0.803400 -0.593800
vn 0.000000 0.804400 -0.594100
vn 0.000000 0.741100 -0.671300
vn 0.000000 0.723100 -0.690700
vn -0.044400 0.722700 -0.689700
vn -0.059200 0.723700 -0.687600
vn 0.046300 0.740500 0.670400
vn 0.061800 0.740900 0.668700
vn 0.059700 0.802600 0.593400
vn 0.044700 0.803400 0.593800
vn 0.044400 0.722700 0.689700
vn 0.059200 0.723700 0.687600
vn 0.046300 0.740500 -0.670400
vn 0.044400 0.722700 -0.689700
vn 0.044700 0.803400 -0.593800
vn 0.059700 0.802600 -0.593400
vn 0.061800 0.740900 -0.668700
vn 0.059200 0.723700 -0.687600
vn -0.041700 0.723300 0.689300
vn 0.000000 0.723500 0.690300
vn -0.055700 0.724400 0.687100
vn -0.041700 0.723300 -0.689300
vn -0.055700 0.724400 -0.687100
vn 0.000000 0.723500 -0.690300
vn 0.041700 0.723300 0.689300
vn 0.055700 0.724400 0.687100
vn 0.041700 0.723300 -0.689300
vn 0.055700 0.724400 -0.687100
vn -0.061400 0.742700 0.666800
vn -0.059100 0.725900 0.685200
vn -0.059200 0.803000 0.593000
vn -0.061400 0.742700 -0.666800
vn -0.059200 0.803000 -0.593000
vn -0.059100 0.725900 -0.685200
vn 0.061400 0.742700 0.666800
vn 0.059200 0.803000 0.593000
vn 0.059100 0.725900 0.685200
vn 0.061400 0.742700 -0.666800
vn 0.059100 0.725900 -0.685200
vn 0.059200 0.803000 -0.593000
vn -0.055700 0.726800 0.684500
vn -0.055700 0.726800 -0.684500
vn 0.055700 0.726800 0.684500
vn 0.055700 0.726800 -0.684500
vn -0.033300 0.900200 0.434100
vn -0.036000 0.895400 0.443700
vn 0.000000 0.897100 0.441700
vn 0.000000 0.902300 0.431000
vn -0.044600 0.896400 0.440900
vn -0.048100 0.893100 0.447200
vn -0.033300 0.900200 -0.434100
vn -0.044600 0.896400 -0.440900
vn 0.000000 0.902300 -0.431000
vn 0.000000 0.897100 -0.441700
vn -0.036000 0.895400 -0.443700
vn -0.048100 0.893100 -0.447200
vn 0.033300 0.900200 0.434100
vn 0.044600 0.896400 0.440900
vn 0.036000 0.895400 0.443700
vn 0.048100 0.893100 0.447200
vn 0.033300 0.900200 -0.434100
vn 0.036000 0.895400 -0.443700
vn 0.044600 0.896400 -0.440900
vn 0.048100 0.893100 -0.447200
vn -0.039600 0.871100 0.489500
vn 0.000000 0.872500 0.488500
vn -0.052900 0.869300 0.491500
vn -0.039600 0.871100 -0.489500
vn -0.052900 0.869300 -0.491500
vn 0.000000 0.872500 -0.488500
vn 0.039600 0.871100 0.489500
vn 0.052900 0.869300 0.491500
vn 0.039600 0.871100 -0.489500
vn 0.052900 0.869300 -0.491500
vn -0.044600 0.892900 0.447900
vn -0.047700 0.891700 0.450100
vn -0.044600 0.892900 -0.447900
vn -0.047700 0.891700 -0.450100
vn 0.044600 0.892900 0.447900
vn 0.047700 0.891700 0.450100
vn 0.044600 0.892900 -0.447900
vn 0.047700 0.891700 -0.450100
vn -0.052400 0.868300 0.493300
vn -0.052400 0.868300 -0.493300
vn 0.052400 0.868300 0.493300
vn 0.052400 0.868300 -0.493300
vn 0.434500 0.865400 0.249700
vn 0.505300 0.821600 0.263600
vn 0.367600 0.903400 0.220500
vn 0.466300 0.883200 0.049000
vn 0.553700 0.832100 0.030900
vn 0.684000 0.729300 -0.010900
vn 0.434500 0.865400 -0.249700
vn 0.553700 0.832100 -0.030900
vn 0.466300 0.883200 -0.049000
vn 0.367600 0.903400 -0.220500
vn 0.505300 0.821600 -0.263600
vn 0.684000 0.729300 0.010900
vn -0.434500 0.865400 0.249700
vn -0.553700 0.832100 0.030900
vn -0.466300 0.883200 0.049000
vn -0.367600 0.903400 0.220500
vn -0.505300 0.821600 0.263600
vn -0.684000 0.729300 -0.010900
vn -0.434500 0.865400 -0.249700
vn -0.505300 0.821600 -0.263600
vn -0.367600 0.903400 -0.220500
vn -0.466300 0.883200 -0.049000
vn -0.553700 0.832100 -0.030900
vn -0.684000 0.729300 0.010900
vn 0.565200 0.772300 0.289900
vn 0.799700 0.599100 -0.038100
vn 0.565200 0.772300 -0.289900
vn 0.799700 0.599100 0.038100
vn -0.565200 0.772300 0.289900
vn -0.799700 0.599100 -0.038100
vn -0.565200 0.772300 -0.289900
vn -0.799700 0.599100 0.038100
vn 0.309200 0.932900 0.184500
vn 0.309900 0.934000 0.177800
vn 0.373500 0.924700 0.073300
vn 0.387500 0.920100 0.056600
vn 0.309200 0.932900 -0.184500
vn 0.373500 0.924700 -0.073300
vn 0.309900 0.934000 -0.177800
vn 0.387500 0.920100 -0.056600
vn -0.309200 0.932900 0.184500
vn -0.373500 0.924700 0.073300
vn -0.309900 0.934000 0.177800
vn -0.387500 0.920100 0.056600
vn -0.309200 0.932900 -0.184500
vn -0.309900 0.934000 -0.177800
vn -0.373500 0.924700 -0.073300
vn -0.387500 0.920100 -0.056600
vn 0.319300 0.929700 0.183800
vn 0.406500 0.912400 0.046600
vn 0.319300 0.929700 -0.183800
vn 0.406500 0.912400 -0.046600
vn -0.319300 0.929700 0.183800
vn -0.406500 0.912400 0.046600
vn -0.319300 0.929700 -0.183800
vn -0.406500 0.912400 -0.046600
vn 0.841400 0.540300 0.006200
vn 0.822800 0.568100 0.011700
vn 0.818500 0.574000 0.024200
vn 0.858900 0.512000 0.005600
vn 0.841400 0.540300 -0.006200
vn 0.858900 0.512000 -0.005600
vn 0.818500 0.574000 -0.024200
vn 0.822800 0.568100 -0.011700
vn -0.841400 0.540300 0.006200
vn -0.858900 0.512000 0.005600
vn -0.818500 0.574000 0.024200
vn -0.822800 0.568100 0.011700
vn -0.841400 0.540300 -0.006200
vn -0.822800 0.568100 -0.011700
vn -0.818500 0.574000 -0.024200
vn -0.858900 0.512000 -0.005600
vn 0.846000 0.533100 0.008400
vn 0.818400 0.574400 0.018000
vn 0.818000 0.575200 0.000000
vn 0.857800 0.513900 0.000000
vn 0.846000 0.533100 -0.008400
vn 0.818400 0.574400 -0.018000
vn -0.846000 0.533100 0.008400
vn -0.857800 0.513900 0.000000
vn -0.818000 0.575200 0.000000
vn -0.818400 0.574400 0.018000
vn -0.846000 0.533100 -0.008400
vn -0.818400 0.574400 -0.018000
vn 0.823200 0.187700 0.535700
vn 0.815200 0.224200 0.533900
vn 0.895700 0.245700 0.370500
vn 0.905000 0.207600 0.371300
vn 0.925700 0.092400 0.366800
vn 0.840500 0.078700 0.536000
vn 0.823200 0.187700 -0.535700
vn 0.840500 0.078700 -0.536000
vn 0.925700 0.092400 -0.366800
vn 0.905000 0.207600 -0.371300
vn 0.895700 0.245700 -0.370500
vn 0.815200 0.224200 -0.533900
vn -0.823200 0.187700 0.535700
vn -0.840500 0.078700 0.536000
vn -0.925700 0.092400 0.366800
vn -0.905000 0.207600 0.371300
vn -0.895700 0.245700 0.370500
vn -0.815200 0.224200 0.533900
vn -0.823200 0.187700 -0.535700
vn -0.815200 0.224200 -0.533900
vn -0.895700 0.245700 -0.370500
vn -0.905000 0.207600 -0.371300
vn -0.925700 0.092400 -0.366800
vn -0.840500 0.078700 -0.536000
vn 0.961000 0.223800 0.162200
vn 0.950800 0.263200 0.163200
vn 0.963200 0.268600 0.000000
vn 0.973400 0.228900 0.000000
vn 0.994100 0.108400 0.000000
vn 0.981900 0.104300 0.157800
vn 0.961000 0.223800 -0.162200
vn 0.981900 0.104300 -0.157800
vn 0.950800 0.263200 -0.163200
vn -0.961000 0.223800 0.162200
vn -0.981900 0.104300 0.157800
vn -0.994100 0.108400 0.000000
vn -0.973400 0.228900 0.000000
vn -0.963200 0.268600 0.000000
vn -0.950800 0.263200 0.163200
vn -0.961000 0.223800 -0.162200
vn -0.950800 0.263200 -0.163200
vn -0.981900 0.104300 -0.157800
vn 0.848700 -0.022700 0.528400
vn 0.934100 -0.014500 0.356800
vn 0.937800 -0.024400 0.346200
vn 0.853800 -0.035000 0.519500
vn 0.848700 -0.022700 -0.528400
vn 0.853800 -0.035000 -0.519500
vn 0.937800 -0.024400 -0.346200
vn 0.934100 -0.014500 -0.356800
vn -0.848700 -0.022700 0.528400
vn -0.853800 -0.035000 0.519500
vn -0.937800 -0.024400 0.346200
vn -0.934100 -0.014500 0.356800
vn -0.848700 -0.022700 -0.528400
vn -0.934100 -0.014500 -0.356800
vn -0.937800 -0.024400 -0.346200
vn -0.853800 -0.035000 -0.519500
vn 0.988500 -0.006200 0.150900
vn 1.000000 -0.002400 0.000000
vn 0.999900 -0.009200 0.000000
vn 0.989500 -0.013900 0.143700
vn 0.988500 -0.006200 -0.150900
vn 0.989500 -0.013900 -0.143700
vn -0.988500 -0.006200 0.150900
vn -0.989500 -0.013900 0.143700
vn -0.999900 -0.009200 0.000000
vn -1.000000 -0.002400 0.000000
vn -0.988500 -0.006200 -0.150900
vn -0.989500 -0.013900 -0.143700
vn 0.975100 -0.172900 0.138600
vn 0.983900 -0.178300 0.000000
vn 0.875800 0.482600 0.000000
vn 0.875000 0.469100 0.119500
vn 0.838500 0.449900 0.307400
vn 0.926300 -0.154100 0.343900
vn 0.927800 -0.159900 0.337100
vn 0.976700 -0.165900 0.135600
vn 0.986100 -0.166300 0.000000
vn 0.975100 -0.172900 -0.138600
vn 0.976700 -0.165900 -0.135600
vn 0.927800 -0.159900 -0.337100
vn 0.926300 -0.154100 -0.343900
vn 0.838500 0.449900 -0.307400
vn 0.875000 0.469100 -0.119500
vn -0.975100 -0.172900 0.138600
vn -0.976700 -0.165900 0.135600
vn -0.927800 -0.159900 0.337100
vn -0.926300 -0.154100 0.343900
vn -0.838500 0.449900 0.307400
vn -0.875000 0.469100 0.119500
vn -0.875800 0.482600 0.000000
vn -0.983900 -0.178300 0.000000
vn -0.986100 -0.166300 0.000000
vn -0.975100 -0.172900 -0.138600
vn -0.875000 0.469100 -0.119500
vn -0.838500 0.449900 -0.307400
vn -0.926300 -0.154100 -0.343900
vn -0.927800 -0.159900 -0.337100
vn -0.976700 -0.165900 -0.135600
vn 0.846400 -0.128800 0.516700
vn 0.767500 0.440200 0.466000
vn 0.847300 -0.148600 0.509800
vn 0.846400 -0.128800 -0.516700
vn 0.847300 -0.148600 -0.509800
vn 0.767500 0.440200 -0.466000
vn -0.846400 -0.128800 0.516700
vn -0.847300 -0.148600 0.509800
vn -0.767500 0.440200 0.466000
vn -0.846400 -0.128800 -0.516700
vn -0.767500 0.440200 -0.466000
vn -0.847300 -0.148600 -0.509800
vn 0.989900 -0.030300 0.138500
vn 0.999600 -0.026100 0.000000
vn 0.939600 -0.039200 0.340000
vn 0.989900 -0.030300 -0.138500
vn 0.939600 -0.039200 -0.340000
vn -0.989900 -0.030300 0.138500
vn -0.939600 -0.039200 0.340000
vn -0.999600 -0.026100 0.000000
vn -0.989900 -0.030300 -0.138500
vn -0.939600 -0.039200 -0.340000
vn 0.856400 -0.047500 0.514100
vn 0.856400 -0.047500 -0.514100
vn -0.856400 -0.047500 0.514100
vn -0.856400 -0.047500 -0.514100
vn 0.090400 0.993600 -0.067800
vn 0.067900 0.997700 0.000000
vn 0.225300 0.974300 0.000000
vn 0.236200 0.969400 -0.066500
vn 0.260700 0.963900 -0.054300
vn 0.140600 0.988300 -0.058500
vn 0.095500 0.994900 -0.030700
vn 0.036600 0.998300 -0.045600
vn 0.008900 0.999900 0.000000
vn 0.090400 0.993600 0.067800
vn 0.036600 0.998300 0.045600
vn 0.095500 0.994900 0.030700
vn 0.140600 0.988300 0.058500
vn 0.260700 0.963900 0.054300
vn 0.236200 0.969400 0.066500
vn -0.090400 0.993600 -0.067800
vn -0.036600 0.998300 -0.045600
vn -0.095500 0.994900 -0.030700
vn -0.140600 0.988300 -0.058500
vn -0.260700 0.963900 -0.054300
vn -0.236200 0.969400 -0.066500
vn -0.225300 0.974300 0.000000
vn -0.067900 0.997700 0.000000
vn -0.008900 0.999900 0.000000
vn -0.090400 0.993600 0.067800
vn -0.236200 0.969400 0.066500
vn -0.260700 0.963900 0.054300
vn -0.140600 0.988300 0.058500
vn -0.095500 0.994900 0.030700
vn -0.036600 0.998300 0.045600
vn 0.196600 0.980500 0.001600
vn 0.291300 0.956600 0.005000
vn 0.155700 0.987400 0.026200
vn 0.196600 0.980500 -0.001600
vn 0.155700 0.987400 -0.026200
vn 0.291300 0.956600 -0.005000
vn -0.196600 0.980500 0.001600
vn -0.155700 0.987400 0.026200
vn -0.291300 0.956600 0.005000
vn -0.196600 0.980500 -0.001600
vn -0.291300 0.956600 -0.005000
vn -0.155700 0.987400 -0.026200
vn 0.263900 0.964400 0.014600
vn 0.234300 0.972100 0.000000
vn 0.310000 0.946400 0.090400
vn 0.263900 0.964400 -0.014600
vn 0.310000 0.946400 -0.090400
vn -0.263900 0.964400 0.014600
vn -0.310000 0.946400 0.090400
vn -0.234300 0.972100 0.000000
vn -0.263900 0.964400 -0.014600
vn -0.310000 0.946400 -0.090400
vn 0.334800 0.925200 0.178400
vn 0.334800 0.925200 -0.178400
vn -0.334800 0.925200 0.178400
vn -0.334800 0.925200 -0.178400
vn 0.552100 0.833800 -0.002700
vn 0.477800 0.878400 -0.006100
vn 0.478300 0.877800 -0.023800
vn 0.549300 0.835500 -0.013400
vn 0.662300 0.749100 0.005100
vn 0.668200 0.743900 0.001900
vn 0.552100 0.833800 0.002700
vn 0.668200 0.743900 -0.001900
vn 0.662300 0.749100 -0.005100
vn 0.549300 0.835500 0.013400
vn 0.478300 0.877800 0.023800
vn 0.477800 0.878400 0.006100
vn -0.552100 0.833800 -0.002700
vn -0.668200 0.743900 0.001900
vn -0.662300 0.749100 0.005100
vn -0.549300 0.835500 -0.013400
vn -0.478300 0.877800 -0.023800
vn -0.477800 0.878400 -0.006100
vn -0.552100 0.833800 0.002700
vn -0.477800 0.878400 0.006100
vn -0.478300 0.877800 0.023800
vn -0.549300 0.835500 0.013400
vn -0.662300 0.749100 -0.005100
vn -0.668200 0.743900 -0.001900
vn 0.544100 0.838900 -0.011000
vn 0.473300 0.880700 -0.018900
vn 0.470000 0.882700 0.000000
vn 0.540700 0.841200 0.000000
vn 0.654000 0.756500 0.000000
vn 0.657600 0.753300 0.002900
vn 0.544100 0.838900 0.011000
vn 0.657600 0.753400 -0.002900
vn 0.473300 0.880700 0.018900
vn -0.544100 0.838900 -0.011000
vn -0.657600 0.753400 0.002900
vn -0.654000 0.756500 0.000000
vn -0.540700 0.841200 0.000000
vn -0.470000 0.882700 0.000000
vn -0.473300 0.880700 -0.018900
vn -0.544100 0.838900 0.011000
vn -0.473300 0.880700 0.018900
vn -0.657600 0.753300 -0.002900
vn 0.780600 0.624900 0.010000
vn 0.773900 0.632700 0.024600
vn 0.780600 0.624900 -0.010000
vn 0.773900 0.632700 -0.024600
vn -0.780600 0.624900 0.010000
vn -0.773900 0.632700 0.024600
vn -0.780600 0.624900 -0.010000
vn -0.773900 0.632700 -0.024600
vn 0.772100 0.635200 0.018200
vn 0.771000 0.636800 0.000000
vn 0.772100 0.635200 -0.018200
vn -0.772100 0.635200 0.018200
vn -0.771000 0.636800 0.000000
vn -0.772100 0.635200 -0.018200
vn 0.373300 0.927600 0.008900
vn 0.366100 0.929700 -0.038500
vn 0.399200 0.916100 -0.036000
vn 0.399500 0.916700 -0.004600
vn 0.373300 0.927600 -0.008900
vn 0.399500 0.916700 0.004600
vn 0.399200 0.916100 0.036000
vn 0.366100 0.929700 0.038500
vn -0.373300 0.927600 0.008900
vn -0.399500 0.916700 -0.004600
vn -0.399200 0.916100 -0.036000
vn -0.366100 0.929700 -0.038500
vn -0.373300 0.927600 -0.008900
vn -0.366100 0.929700 0.038500
vn -0.399200 0.916100 0.036000
vn -0.399500 0.916700 0.004600
vn 0.363800 0.930200 -0.048000
vn 0.363400 0.931600 0.000000
vn 0.401900 0.915700 0.000000
vn 0.400100 0.915800 -0.035200
vn 0.363800 0.930200 0.048000
vn 0.400100 0.915800 0.035200
vn -0.363800 0.930200 -0.048000
vn -0.400100 0.915800 -0.035200
vn -0.401900 0.915700 0.000000
vn -0.363400 0.931600 0.000000
vn -0.363800 0.930200 0.048000
vn -0.400100 0.915800 0.035200
vn 0.422900 0.906100 -0.012100
vn 0.424500 0.904800 -0.033600
vn 0.422900 0.906100 0.012100
vn 0.424500 0.904800 0.033600
vn -0.422900 0.906100 -0.012100
vn -0.424500 0.904800 -0.033600
vn -0.422900 0.906100 0.012100
vn -0.424500 0.904800 0.033600
vn 0.420900 0.906700 -0.027600
vn 0.418900 0.908000 0.000000
vn 0.420900 0.906700 0.027600
vn -0.420900 0.906700 -0.027600
vn -0.418900 0.908000 0.000000
vn -0.420900 0.906700 0.027600
usemtl BigTent
s 1
f 1/1/1 609/2/2 1106/3/3 393/4/4
f 1/1/1 393/4/4 1034/5/5 469/6/6
f 1/1/1 469/6/6 1146/7/7 605/8/8
f 1/1/1 605/8/8 1226/9/8 609/2/2
f 2/10/9 606/11/10 1147/12/11 470/13/12
f 2/10/9 470/13/12 1035/14/13 394/15/14
f 2/10/9 394/15/14 1107/16/15 610/17/16
f 2/10/9 610/17/16 1227/18/10 606/11/10
f 3/19/17 607/20/18 1148/21/19 471/22/20
f 3/19/17 471/22/20 1036/23/21 395/24/22
f 3/19/17 395/24/22 1108/25/23 611/26/24
f 3/19/17 611/26/24 1228/27/18 607/20/18
f 4/28/25 612/29/26 1109/30/27 396/31/28
f 4/28/25 396/31/28 1037/32/29 472/33/30
f 4/28/25 472/33/30 1149/34/31 608/35/32
f 4/28/25 608/35/32 1229/36/32 612/29/26
f 5/37/33 349/38/34 1015/39/35 389/40/36
f 5/37/33 389/40/36 1106/3/3 609/2/2
f 5/37/33 609/2/2 1226/9/8 613/41/37
f 5/37/33 613/41/37 1086/42/38 349/38/34
f 6/43/39 614/44/40 1227/18/10 610/17/16
f 6/43/39 610/17/16 1107/16/15 390/45/41
f 6/43/39 390/45/41 1016/46/42 350/47/43
f 6/43/39 350/47/43 1087/48/44 614/44/40
f 7/49/45 615/50/46 1228/27/18 611/26/24
f 7/49/45 611/26/24 1108/25/23 391/51/47
f 7/49/45 391/51/47 1015/39/35 349/38/34
f 7/49/45 349/38/34 1086/42/38 615/50/46
f 8/52/48 350/47/43 1016/46/42 392/53/49
f 8/52/48 392/53/49 1109/30/27 612/29/26
f 8/52/48 612/29/26 1229/36/32 616/54/50
f 8/52/48 616/54/50 1087/48/44 350/47/43
f 9/55/8 617/56/8 1226/9/8 605/8/8
f 9/55/8 605/8/8 1146/7/7 473/57/7
f 9/55/8 473/57/7 1038/58/51 403/59/51
f 9/55/8 403/59/51 1112/60/51 617/56/8
f 10/61/10 403/59/51 1038/58/51 474/62/11
f 10/61/10 474/62/11 1147/12/11 606/11/10
f 10/61/10 606/11/10 1227/18/10 618/63/10
f 10/61/10 618/63/10 1112/60/51 403/59/51
f 11/64/18 404/65/52 1039/66/52 475/67/19
f 11/64/18 475/67/19 1148/21/19 607/20/18
f 11/64/18 607/20/18 1228/27/18 619/68/18
f 11/64/18 619/68/18 1113/69/52 404/65/52
f 12/70/32 620/71/32 1229/36/32 608/35/32
f 12/70/32 608/35/32 1149/34/31 476/72/31
f 12/70/32 476/72/31 1039/66/52 404/65/52
f 12/70/32 404/65/52 1113/69/52 620/71/32
f 13/73/37 351/74/38 1086/42/38 613/41/37
f 13/73/37 613/41/37 1226/9/8 617/56/8
f 13/73/37 617/56/8 1112/60/51 401/75/53
f 13/73/37 401/75/53 1017/76/54 351/74/38
f 14/77/40 401/75/53 1112/60/51 618/63/10
f 14/77/40 618/63/10 1227/18/10 614/44/40
f 14/77/40 614/44/40 1087/48/44 352/78/44
f 14/77/40 352/78/44 1017/76/54 401/75/53
f 15/79/46 402/80/55 1113/69/52 619/68/18
f 15/79/46 619/68/18 1228/27/18 615/50/46
f 15/79/46 615/50/46 1086/42/38 351/74/38
f 15/79/46 351/74/38 1017/76/54 402/80/55
f 16/81/50 352/78/44 1087/48/44 616/54/50
f 16/81/50 616/54/50 1229/36/32 620/71/32
f 16/81/50 620/71/32 1113/69/52 402/80/55
f 16/81/50 402/80/55 1017/76/54 352/78/44
f 17/82/56 625/83/57 1102/84/58 381/85/59
f 17/82/56 381/85/59 1001/86/60 333/87/61
f 17/82/56 333/87/61 1078/88/62 621/89/63
f 17/82/56 621/89/63 1230/90/64 625/83/57
f 18/91/65 622/92/66 1079/93/67 334/94/68
f 18/91/65 334/94/68 1002/95/69 382/96/70
f 18/91/65 382/96/70 1103/97/71 626/98/72
f 18/91/65 626/98/72 1231/99/73 622/92/66
f 19/100/74 623/101/75 1080/102/76 335/103/77
f 19/100/74 335/103/77 1003/104/78 383/105/79
f 19/100/74 383/105/79 1104/106/80 627/107/81
f 19/100/74 627/107/81 1232/108/82 623/101/75
f 20/109/83 628/110/84 1105/111/85 384/112/86
f 20/109/83 384/112/86 1004/113/87 336/114/88
f 20/109/83 336/114/88 1081/115/89 624/116/90
f 20/109/83 624/116/90 1233/117/91 628/110/84
f 21/118/92 469/6/6 1034/5/5 385/119/93
f 21/118/92 385/119/93 1102/84/58 625/83/57
f 21/118/92 625/83/57 1230/90/64 629/120/7
f 21/118/92 629/120/7 1146/7/7 469/6/6
f 22/121/94 630/122/11 1231/99/73 626/98/72
f 22/121/94 626/98/72 1103/97/71 386/123/95
f 22/121/94 386/123/95 1035/14/13 470/13/12
f 22/121/94 470/13/12 1147/12/11 630/122/11
f 23/124/96 631/125/19 1232/108/82 627/107/81
f 23/124/96 627/107/81 1104/106/80 387/126/97
f 23/124/96 387/126/97 1036/23/21 471/22/20
f 23/124/96 471/22/20 1148/21/19 631/125/19
f 24/127/98 472/33/30 1037/32/29 388/128/99
f 24/127/98 388/128/99 1105/111/85 628/110/84
f 24/127/98 628/110/84 1233/117/91 632/129/31
f 24/127/98 632/129/31 1149/34/31 472/33/30
f 25/130/100 633/131/7 1230/90/64 621/89/63
f 25/130/100 621/89/63 1078/88/62 337/132/101
f 25/130/100 337/132/101 1005/133/102 397/134/103
f 25/130/100 397/134/103 1110/135/51 633/131/7
f 26/136/104 397/134/103 1005/133/102 338/137/105
f 26/136/104 338/137/105 1079/93/67 622/92/66
f 26/136/104 622/92/66 1231/99/73 634/138/11
f 26/136/104 634/138/11 1110/135/51 397/134/103
f 27/139/106 398/140/107 1006/141/108 339/142/109
f 27/139/106 339/142/109 1080/102/76 623/101/75
f 27/139/106 623/101/75 1232/108/82 635/143/19
f 27/139/106 635/143/19 1111/144/52 398/140/107
f 28/145/110 636/146/31 1233/117/91 624/116/90
f 28/145/110 624/116/90 1081/115/89 340/147/111
f 28/145/110 340/147/111 1006/141/108 398/140/107
f 28/145/110 398/140/107 1111/144/52 636/146/31
f 29/148/7 473/57/7 1146/7/7 629/120/7
f 29/148/7 629/120/7 1230/90/64 633/131/7
f 29/148/7 633/131/7 1110/135/51 399/149/51
f 29/148/7 399/149/51 1038/58/51 473/57/7
f 30/150/11 399/149/51 1110/135/51 634/138/11
f 30/150/11 634/138/11 1231/99/73 630/122/11
f 30/150/11 630/122/11 1147/12/11 474/62/11
f 30/150/11 474/62/11 1038/58/51 399/149/51
f 31/151/19 400/152/52 1111/144/52 635/143/19
f 31/151/19 635/143/19 1232/108/82 631/125/19
f 31/151/19 631/125/19 1148/21/19 475/67/19
f 31/151/19 475/67/19 1039/66/52 400/152/52
f 32/153/31 476/72/31 1149/34/31 632/129/31
f 32/153/31 632/129/31 1233/117/91 636/146/31
f 32/153/31 636/146/31 1111/144/52 400/152/52
f 32/153/31 400/152/52 1039/66/52 476/72/31
f 33/154/112 641/155/113 1118/156/114 417/157/115
f 33/154/112 417/157/115 1040/158/116 477/159/117
f 33/154/112 477/159/117 1150/160/118 637/161/119
f 33/154/112 637/161/119 1234/162/120 641/155/113
f 34/163/121 638/164/122 1151/165/123 478/166/124
f 34/163/121 478/166/124 1041/167/125 418/168/126
f 34/163/121 418/168/126 1119/169/127 642/170/128
f 34/163/121 642/170/128 1235/171/129 638/164/122
f 35/172/130 639/173/131 1152/174/132 479/175/133
f 35/172/130 479/175/133 1042/176/134 419/177/135
f 35/172/130 419/177/135 1120/178/136 643/179/137
f 35/172/130 643/179/137 1236/180/138 639/173/131
f 36/181/139 644/182/140 1121/183/141 420/184/142
f 36/181/139 420/184/142 1043/185/143 480/186/144
f 36/181/139 480/186/144 1153/187/145 640/188/146
f 36/181/139 640/188/146 1237/189/147 644/182/140
f 37/190/148 353/191/149 1018/192/150 413/193/151
f 37/190/148 413/193/151 1118/156/114 641/155/113
f 37/190/148 641/155/113 1234/162/120 645/194/152
f 37/190/148 645/194/152 1088/195/153 353/191/149
f 38/196/154 646/197/155 1235/171/129 642/170/128
f 38/196/154 642/170/128 1119/169/127 414/198/156
f 38/196/154 414/198/156 1019/199/157 354/200/158
f 38/196/154 354/200/158 1089/201/159 646/197/155
f 39/202/160 647/203/161 1236/180/138 643/179/137
f 39/202/160 643/179/137 1120/178/136 415/204/162
f 39/202/160 415/204/162 1018/192/150 353/191/149
f 39/202/160 353/191/149 1088/195/153 647/203/161
f 40/205/163 354/200/158 1019/199/157 416/206/164
f 40/205/163 416/206/164 1121/183/141 644/182/140
f 40/205/163 644/182/140 1237/189/147 648/207/165
f 40/205/163 648/207/165 1089/201/159 354/200/158
f 41/208/166 649/209/167 1234/162/120 637/161/119
f 41/208/166 637/161/119 1150/160/118 481/210/168
f 41/208/166 481/210/168 1044/211/169 433/212/170
f 41/208/166 433/212/170 1126/213/171 649/209/167
f 42/214/172 434/215/173 1045/216/174 482/217/175
f 42/214/172 482/217/175 1151/165/123 638/164/122
f 42/214/172 638/164/122 1235/171/129 650/218/176
f 42/214/172 650/218/176 1127/219/177 434/215/173
f 43/220/178 435/221/179 1046/222/180 483/223/181
f 43/220/178 483/223/181 1152/174/132 639/173/131
f 43/220/178 639/173/131 1236/180/138 651/224/182
f 43/220/178 651/224/182 1128/225/183 435/221/179
f 44/226/184 652/227/185 1237/189/147 640/188/146
f 44/226/184 640/188/146 1153/187/145 484/228/186
f 44/226/184 484/228/186 1047/229/187 436/230/188
f 44/226/184 436/230/188 1129/231/189 652/227/185
f 45/232/190 355/233/191 1088/195/153 645/194/152
f 45/232/190 645/194/152 1234/162/120 649/209/167
f 45/232/190 649/209/167 1126/213/171 429/234/192
f 45/232/190 429/234/192 1020/235/193 355/233/191
f 46/236/194 430/237/195 1127/219/177 650/218/176
f 46/236/194 650/218/176 1235/171/129 646/197/155
f 46/236/194 646/197/155 1089/201/159 356/238/196
f 46/236/194 356/238/196 1021/239/197 430/237/195
f 47/240/198 431/241/199 1128/225/183 651/224/182
f 47/240/198 651/224/182 1236/180/138 647/203/161
f 47/240/198 647/203/161 1088/195/153 355/233/191
f 47/240/198 355/233/191 1020/235/193 431/241/199
f 48/242/200 356/238/196 1089/201/159 648/207/165
f 48/242/200 648/207/165 1237/189/147 652/227/185
f 48/242/200 652/227/185 1129/231/189 432/243/201
f 48/242/200 432/243/201 1021/239/197 356/238/196
f 49/244/202 657/245/203 1114/246/204 405/247/205
f 49/244/202 405/247/205 1007/248/206 341/249/207
f 49/244/202 341/249/207 1082/250/208 653/251/209
f 49/244/202 653/251/209 1238/252/210 657/245/203
f 50/253/211 654/254/212 1083/255/213 342/256/214
f 50/253/211 342/256/214 1008/257/215 406/258/216
f 50/253/211 406/258/216 1115/259/217 658/260/218
f 50/253/211 658/260/218 1239/261/219 654/254/212
f 51/262/220 655/263/221 1084/264/222 343/265/223
f 51/262/220 343/265/223 1009/266/224 407/267/225
f 51/262/220 407/267/225 1116/268/226 659/269/227
f 51/262/220 659/269/227 1240/270/228 655/263/221
f 52/271/229 660/272/230 1117/273/231 408/274/232
f 52/271/229 408/274/232 1010/275/233 344/276/234
f 52/271/229 344/276/234 1085/277/235 656/278/236
f 52/271/229 656/278/236 1241/279/237 660/272/230
f 53/280/238 477/159/117 1040/158/116 409/281/239
f 53/280/238 409/281/239 1114/246/204 657/245/203
f 53/280/238 657/245/203 1238/252/210 661/282/240
f 53/280/238 661/282/240 1150/160/118 477/159/117
f 54/283/241 662/284/242 1239/261/219 658/260/218
f 54/283/241 658/260/218 1115/259/217 410/285/243
f 54/283/241 410/285/243 1041/167/125 478/166/124
f 54/283/241 478/166/124 1151/165/123 662/284/242
f 55/286/244 663/287/245 1240/270/228 659/269/227
f 55/286/244 659/269/227 1116/268/226 411/288/246
f 55/286/244 411/288/246 1042/176/134 479/175/133
f 55/286/244 479/175/133 1152/174/132 663/287/245
f 56/289/247 480/186/144 1043/185/143 412/290/248
f 56/289/247 412/290/248 1117/273/231 660/272/230
f 56/289/247 660/272/230 1241/279/237 664/291/249
f 56/289/247 664/291/249 1153/187/145 480/186/144
f 57/292/250 665/293/251 1238/252/210 653/251/209
f 57/292/250 653/251/209 1082/250/208 345/294/252
f 57/292/250 345/294/252 1011/295/253 421/296/254
f 57/292/250 421/296/254 1122/297/255 665/293/251
f 58/298/256 422/299/257 1012/300/258 346/301/259
f 58/298/256 346/301/259 1083/255/213 654/254/212
f 58/298/256 654/254/212 1239/261/219 666/302/260
f 58/298/256 666/302/260 1123/303/261 422/299/257
f 59/304/262 423/305/263 1013/306/264 347/307/265
f 59/304/262 347/307/265 1084/264/222 655/263/221
f 59/304/262 655/263/221 1240/270/228 667/308/266
f 59/304/262 667/308/266 1124/309/267 423/305/263
f 60/310/268 668/311/269 1241/279/237 656/278/236
f 60/310/268 656/278/236 1085/277/235 348/312/270
f 60/310/268 348/312/270 1014/313/271 424/314/272
f 60/310/268 424/314/272 1125/315/273 668/311/269
f 61/316/274 481/210/168 1150/160/118 661/282/240
f 61/316/274 661/282/240 1238/252/210 665/293/251
f 61/316/274 665/293/251 1122/297/255 425/317/275
f 61/316/274 425/317/275 1044/211/169 481/210/168
f 62/318/276 426/319/277 1123/303/261 666/302/260
f 62/318/276 666/302/260 1239/261/219 662/284/242
f 62/318/276 662/284/242 1151/165/123 482/217/175
f 62/318/276 482/217/175 1045/216/174 426/319/277
f 63/320/278 427/321/279 1124/309/267 667/308/266
f 63/320/278 667/308/266 1240/270/228 663/287/245
f 63/320/278 663/287/245 1152/174/132 483/223/181
f 63/320/278 483/223/181 1046/222/180 427/321/279
f 64/322/280 484/228/186 1153/187/145 664/291/249
f 64/322/280 664/291/249 1241/279/237 668/311/269
f 64/322/280 668/311/269 1125/315/273 428/323/281
f 64/322/280 428/323/281 1047/229/187 484/228/186
f 65/324/282 673/325/283 1130/326/284 441/327/285
f 65/324/282 441/327/285 1048/328/286 489/329/287
f 65/324/282 489/329/287 1154/330/288 669/331/289
f 65/324/282 669/331/289 1242/332/290 673/325/283
f 66/333/291 670/334/292 1155/335/293 490/336/294
f 66/333/291 490/336/294 1049/337/295 442/338/296
f 66/333/291 442/338/296 1131/339/297 674/340/298
f 66/333/291 674/340/298 1243/341/299 670/334/292
f 67/342/300 671/343/301 1156/344/302 491/345/303
f 67/342/300 491/345/303 1050/346/304 443/347/305
f 67/342/300 443/347/305 1132/348/306 675/349/307
f 67/342/300 675/349/307 1244/350/308 671/343/301
f 68/351/309 676/352/310 1133/353/311 444/354/312
f 68/351/309 444/354/312 1051/355/313 492/356/314
f 68/351/309 492/356/314 1157/357/315 672/358/316
f 68/351/309 672/358/316 1245/359/317 676/352/310
f 69/360/318 361/361/319 1022/362/320 437/363/321
f 69/360/318 437/363/321 1130/326/284 673/325/283
f 69/360/318 673/325/283 1242/332/290 677/364/322
f 69/360/318 677/364/322 1090/365/323 361/361/319
f 70/366/324 678/367/325 1243/341/299 674/340/298
f 70/366/324 674/340/298 1131/339/297 438/368/326
f 70/366/324 438/368/326 1023/369/327 362/370/328
f 70/366/324 362/370/328 1091/371/329 678/367/325
f 71/372/330 679/373/331 1244/350/308 675/349/307
f 71/372/330 675/349/307 1132/348/306 439/374/332
f 71/372/330 439/374/332 1024/375/333 363/376/334
f 71/372/330 363/376/334 1092/377/335 679/373/331
f 72/378/336 364/379/337 1025/380/338 440/381/339
f 72/378/336 440/381/339 1133/353/311 676/352/310
f 72/378/336 676/352/310 1245/359/317 680/382/340
f 72/378/336 680/382/340 1093/383/341 364/379/337
f 73/384/342 681/385/343 1242/332/290 669/331/289
f 73/384/342 669/331/289 1154/330/288 485/386/344
f 73/384/342 485/386/344 1044/211/169 425/317/275
f 73/384/342 425/317/275 1122/297/255 681/385/343
f 74/387/345 426/319/277 1045/216/174 486/388/346
f 74/387/345 486/388/346 1155/335/293 670/334/292
f 74/387/345 670/334/292 1243/341/299 682/389/347
f 74/387/345 682/389/347 1123/303/261 426/319/277
f 75/390/348 427/321/279 1046/222/180 487/391/349
f 75/390/348 487/391/349 1156/344/302 671/343/301
f 75/390/348 671/343/301 1244/350/308 683/392/350
f 75/390/348 683/392/350 1124/309/267 427/321/279
f 76/393/351 684/394/352 1245/359/317 672/358/316
f 76/393/351 672/358/316 1157/357/315 488/395/353
f 76/393/351 488/395/353 1047/229/187 428/323/281
f 76/393/351 428/323/281 1125/315/273 684/394/352
f 77/396/354 357/397/355 1090/365/323 677/364/322
f 77/396/354 677/364/322 1242/332/290 681/385/343
f 77/396/354 681/385/343 1122/297/255 421/296/254
f 77/396/354 421/296/254 1011/295/253 357/397/355
f 78/398/356 422/299/257 1123/303/261 682/389/347
f 78/398/356 682/389/347 1243/341/299 678/367/325
f 78/398/356 678/367/325 1091/371/329 358/399/357
f 78/398/356 358/399/357 1012/300/258 422/299/257
f 79/400/358 423/305/263 1124/309/267 683/392/350
f 79/400/358 683/392/350 1244/350/308 679/373/331
f 79/400/358 679/373/331 1092/377/335 359/401/359
f 79/400/358 359/401/359 1013/306/264 423/305/263
f 80/402/360 360/403/361 1093/383/341 680/382/340
f 80/402/360 680/382/340 1245/359/317 684/394/352
f 80/402/360 684/394/352 1125/315/273 424/314/272
f 80/402/360 424/314/272 1014/313/271 360/403/361
f 81/404/362 689/405/363 1134/406/364 445/407/365
f 81/404/362 445/407/365 1026/408/366 367/409/367
f 81/404/362 367/409/367 1094/410/368 685/411/369
f 81/404/362 685/411/369 1246/412/370 689/405/363
f 82/413/371 686/414/372 1095/415/373 368/416/374
f 82/413/371 368/416/374 1027/417/375 446/418/376
f 82/413/371 446/418/376 1135/419/377 690/420/378
f 82/413/371 690/420/378 1247/421/379 686/414/372
f 83/422/380 687/423/381 1094/410/368 367/409/367
f 83/422/380 367/409/367 1026/408/366 447/424/382
f 83/422/380 447/424/382 1136/425/383 691/426/384
f 83/422/380 691/426/384 1248/427/385 687/423/381
f 84/428/386 692/429/387 1137/430/388 448/431/389
f 84/428/386 448/431/389 1027/417/375 368/416/374
f 84/428/386 368/416/374 1095/415/373 688/432/390
f 84/428/386 688/432/390 1249/433/391 692/429/387
f 85/434/392 489/329/287 1048/328/286 449/435/393
f 85/434/392 449/435/393 1134/406/364 689/405/363
f 85/434/392 689/405/363 1246/412/370 693/436/394
f 85/434/392 693/436/394 1154/330/288 489/329/287
f 86/437/395 694/438/396 1247/421/379 690/420/378
f 86/437/395 690/420/378 1135/419/377 450/439/397
f 86/437/395 450/439/397 1049/337/295 490/336/294
f 86/437/395 490/336/294 1155/335/293 694/438/396
f 87/440/398 695/441/399 1248/427/385 691/426/384
f 87/440/398 691/426/384 1136/425/383 451/442/400
f 87/440/398 451/442/400 1050/346/304 491/345/303
f 87/440/398 491/345/303 1156/344/302 695/441/399
f 88/443/401 492/356/314 1051/355/313 452/444/402
f 88/443/401 452/444/402 1137/430/388 692/429/387
f 88/443/401 692/429/387 1249/433/391 696/445/403
f 88/443/401 696/445/403 1157/357/315 492/356/314
f 89/446/404 697/447/405 1246/412/370 685/411/369
f 89/446/404 685/411/369 1094/410/368 365/448/406
f 89/446/404 365/448/406 1020/235/193 429/234/192
f 89/446/404 429/234/192 1126/213/171 697/447/405
f 90/449/407 430/237/195 1021/239/197 366/450/408
f 90/449/407 366/450/408 1095/415/373 686/414/372
f 90/449/407 686/414/372 1247/421/379 698/451/409
f 90/449/407 698/451/409 1127/219/177 430/237/195
f 91/452/410 431/241/199 1020/235/193 365/448/406
f 91/452/410 365/448/406 1094/410/368 687/423/381
f 91/452/410 687/423/381 1248/427/385 699/453/411
f 91/452/410 699/453/411 1128/225/183 431/241/199
f 92/454/412 700/455/413 1249/433/391 688/432/390
f 92/454/412 688/432/390 1095/415/373 366/450/408
f 92/454/412 366/450/408 1021/239/197 432/243/201
f 92/454/412 432/243/201 1129/231/189 700/455/413
f 93/456/414 485/386/344 1154/330/288 693/436/394
f 93/456/414 693/436/394 1246/412/370 697/447/405
f 93/456/414 697/447/405 1126/213/171 433/212/170
f 93/456/414 433/212/170 1044/211/169 485/386/344
f 94/457/415 434/215/173 1127/219/177 698/451/409
f 94/457/415 698/451/409 1247/421/379 694/438/396
f 94/457/415 694/438/396 1155/335/293 486/388/346
f 94/457/415 486/388/346 1045/216/174 434/215/173
f 95/458/416 435/221/179 1128/225/183 699/453/411
f 95/458/416 699/453/411 1248/427/385 695/441/399
f 95/458/416 695/441/399 1156/344/302 487/391/349
f 95/458/416 487/391/349 1046/222/180 435/221/179
f 96/459/417 488/395/353 1157/357/315 696/445/403
f 96/459/417 696/445/403 1249/433/391 700/455/413
f 96/459/417 700/455/413 1129/231/189 436/230/188
f 96/459/417 436/230/188 1047/229/187 488/395/353
f 97/460/418 705/461/419 1138/462/420 457/463/421
f 97/460/418 457/463/421 1052/464/422 497/465/423
f 97/460/418 497/465/423 1158/466/424 701/467/425
f 97/460/418 701/467/425 1250/468/426 705/461/419
f 98/469/427 702/470/428 1159/471/429 498/472/430
f 98/469/427 498/472/430 1053/473/431 458/474/432
f 98/469/427 458/474/432 1139/475/433 706/476/434
f 98/469/427 706/476/434 1251/477/435 702/470/428
f 99/478/436 703/479/437 1160/480/438 499/481/439
f 99/478/436 499/481/439 1054/482/440 459/483/441
f 99/478/436 459/483/441 1140/484/442 707/485/443
f 99/478/436 707/485/443 1252/486/444 703/479/437
f 100/487/445 708/488/446 1141/489/447 460/490/448
f 100/487/445 460/490/448 1055/491/449 500/492/450
f 100/487/445 500/492/450 1161/493/451 704/494/452
f 100/487/445 704/494/452 1253/495/453 708/488/446
f 101/496/454 373/497/455 1028/498/456 453/499/457
f 101/496/454 453/499/457 1138/462/420 705/461/419
f 101/496/454 705/461/419 1250/468/426 709/500/458
f 101/496/454 709/500/458 1096/501/459 373/497/455
f 102/502/460 710/503/461 1251/477/435 706/476/434
f 102/502/460 706/476/434 1139/475/433 454/504/462
f 102/502/460 454/504/462 1029/505/463 374/506/464
f 102/502/460 374/506/464 1097/507/465 710/503/461
f 103/508/466 711/509/467 1252/486/444 707/485/443
f 103/508/466 707/485/443 1140/484/442 455/510/468
f 103/508/466 455/510/468 1030/511/469 375/512/470
f 103/508/466 375/512/470 1098/513/471 711/509/467
f 104/514/472 376/515/473 1031/516/474 456/517/475
f 104/514/472 456/517/475 1141/489/447 708/488/446
f 104/514/472 708/488/446 1253/495/453 712/518/476
f 104/514/472 712/518/476 1099/519/477 376/515/473
f 105/520/478 713/521/479 1250/468/426 701/467/425
f 105/520/478 701/467/425 1158/466/424 493/522/480
f 105/520/478 493/522/480 1048/523/286 441/524/285
f 105/520/478 441/524/285 1130/525/284 713/521/479
f 106/526/481 442/527/296 1049/528/295 494/529/482
f 106/526/481 494/529/482 1159/471/429 702/470/428
f 106/526/481 702/470/428 1251/477/435 714/530/483
f 106/526/481 714/530/483 1131/531/297 442/527/296
f 107/532/484 443/533/305 1050/534/304 495/535/485
f 107/532/484 495/535/485 1160/480/438 703/479/437
f 107/532/484 703/479/437 1252/486/444 715/536/486
f 107/532/484 715/536/486 1132/537/306 443/533/305
f 108/538/487 716/539/488 1253/495/453 704/494/452
f 108/538/487 704/494/452 1161/493/451 496/540/489
f 108/538/487 496/540/489 1051/541/313 444/542/312
f 108/538/487 444/542/312 1133/543/311 716/539/488
f 109/544/490 369/545/491 1096/501/459 709/500/458
f 109/544/490 709/500/458 1250/468/426 713/521/479
f 109/544/490 713/521/479 1130/525/284 437/546/321
f 109/544/490 437/546/321 1022/547/320 369/545/491
f 110/548/492 438/549/326 1131/531/297 714/530/483
f 110/548/492 714/530/483 1251/477/435 710/503/461
f 110/548/492 710/503/461 1097/507/465 370/550/493
f 110/548/492 370/550/493 1023/551/327 438/549/326
f 111/552/494 439/553/332 1132/537/306 715/536/486
f 111/552/494 715/536/486 1252/486/444 711/509/467
f 111/552/494 711/509/467 1098/513/471 371/554/495
f 111/552/494 371/554/495 1024/555/333 439/553/332
f 112/556/496 372/557/497 1099/519/477 712/518/476
f 112/556/496 712/518/476 1253/495/453 716/539/488
f 112/556/496 716/539/488 1133/543/311 440/558/339
f 112/556/496 440/558/339 1025/559/338 372/557/497
f 113/560/498 721/561/499 1142/562/500 461/563/501
f 113/560/498 461/563/501 1032/564/502 379/565/503
f 113/560/498 379/565/503 1100/566/504 717/567/505
f 113/560/498 717/567/505 1254/568/506 721/561/499
f 114/569/507 718/570/508 1101/571/509 380/572/510
f 114/569/507 380/572/510 1033/573/511 462/574/512
f 114/569/507 462/574/512 1143/575/513 722/576/514
f 114/569/507 722/576/514 1255/577/515 718/570/508
f 115/578/516 719/579/517 1100/566/504 379/565/503
f 115/578/516 379/565/503 1032/564/502 463/580/518
f 115/578/516 463/580/518 1144/581/519 723/582/520
f 115/578/516 723/582/520 1256/583/521 719/579/517
f 116/584/522 724/585/523 1145/586/524 464/587/525
f 116/584/522 464/587/525 1033/573/511 380/572/510
f 116/584/522 380/572/510 1101/571/509 720/588/526
f 116/584/522 720/588/526 1257/589/527 724/585/523
f 117/590/528 497/465/423 1052/464/422 465/591/529
f 117/590/528 465/591/529 1142/562/500 721/561/499
f 117/590/528 721/561/499 1254/568/506 725/592/530
f 117/590/528 725/592/530 1158/466/424 497/465/423
f 118/593/531 726/594/532 1255/577/515 722/576/514
f 118/593/531 722/576/514 1143/575/513 466/595/533
f 118/593/531 466/595/533 1053/473/431 498/472/430
f 118/593/531 498/472/430 1159/471/429 726/594/532
f 119/596/534 727/597/535 1256/583/521 723/582/520
f 119/596/534 723/582/520 1144/581/519 467/598/536
f 119/596/534 467/598/536 1054/482/440 499/481/439
f 119/596/534 499/481/439 1160/480/438 727/597/535
f 120/599/537 500/492/450 1055/491/449 468/600/538
f 120/599/537 468/600/538 1145/586/524 724/585/523
f 120/599/537 724/585/523 1257/589/527 728/601/539
f 120/599/537 728/601/539 1161/493/451 500/492/450
f 121/602/540 729/603/541 1254/568/506 717/567/505
f 121/602/540 717/567/505 1100/566/504 377/604/542
f 121/602/540 377/604/542 1026/605/366 445/606/365
f 121/602/540 445/606/365 1134/607/364 729/603/541
f 122/608/543 446/609/376 1027/610/375 378/611/544
f 122/608/543 378/611/544 1101/571/509 718/570/508
f 122/608/543 718/570/508 1255/577/515 730/612/545
f 122/608/543 730/612/545 1135/613/377 446/609/376
f 123/614/546 447/615/382 1026/605/366 377/604/542
f 123/614/546 377/604/542 1100/566/504 719/579/517
f 123/614/546 719/579/517 1256/583/521 731/616/547
f 123/614/546 731/616/547 1136/617/383 447/615/382
f 124/618/548 732/619/549 1257/589/527 720/588/526
f 124/618/548 720/588/526 1101/571/509 378/611/544
f 124/618/548 378/611/544 1027/610/375 448/620/389
f 124/618/548 448/620/389 1137/621/388 732/619/549
f 125/622/550 493/522/480 1158/466/424 725/592/530
f 125/622/550 725/592/530 1254/568/506 729/603/541
f 125/622/550 729/603/541 1134/607/364 449/623/393
f 125/622/550 449/623/393 1048/523/286 493/522/480
f 126/624/551 450/625/397 1135/613/377 730/612/545
f 126/624/551 730/612/545 1255/577/515 726/594/532
f 126/624/551 726/594/532 1159/471/429 494/529/482
f 126/624/551 494/529/482 1049/528/295 450/625/397
f 127/626/552 451/627/400 1136/617/383 731/616/547
f 127/626/552 731/616/547 1256/583/521 727/597/535
f 127/626/552 727/597/535 1160/480/438 495/535/485
f 127/626/552 495/535/485 1050/534/304 451/627/400
f 128/628/553 496/540/489 1161/493/451 728/601/539
f 128/628/553 728/601/539 1257/589/527 732/619/549
f 128/628/553 732/619/549 1137/621/388 452/629/402
f 128/628/553 452/629/402 1051/541/313 496/540/489
f 129/630/554 733/631/555 1078/88/62 333/87/61
f 129/630/554 333/87/61 1001/86/60 501/632/556
f 129/630/554 501/632/556 1162/633/557 733/631/555
f 130/634/558 734/635/559 1163/636/560 502/637/561
f 130/634/558 502/637/561 1002/95/69 334/94/68
f 130/634/558 334/94/68 1079/93/67 734/635/559
f 131/638/562 735/639/563 1164/640/564 503/641/565
f 131/638/562 503/641/565 1003/104/78 335/103/77
f 131/638/562 335/103/77 1080/102/76 735/639/563
f 132/642/566 736/643/567 1081/115/89 336/114/88
f 132/642/566 336/114/88 1004/113/87 504/644/568
f 132/642/566 504/644/568 1165/645/569 736/643/567
f 133/646/570 733/631/555 1162/633/557 737/647/571
f 133/646/570 737/647/571 1182/648/572 741/649/573
f 133/646/570 741/649/573 1078/88/62 733/631/555
f 134/650/574 734/635/559 1079/93/67 742/651/575
f 134/650/574 742/651/575 1182/652/572 738/653/576
f 134/650/574 738/653/576 1163/636/560 734/635/559
f 135/654/577 735/639/563 1080/102/76 743/655/578
f 135/654/577 743/655/578 1183/656/579 739/657/580
f 135/654/577 739/657/580 1164/640/564 735/639/563
f 136/658/581 736/643/567 1165/645/569 740/659/582
f 136/658/581 740/659/582 1183/660/579 744/661/583
f 136/658/581 744/661/583 1081/115/89 736/643/567
f 137/662/555 521/663/584 1005/133/102 337/132/101
f 137/662/555 337/132/101 1078/88/62 741/649/573
f 137/662/555 741/649/573 1182/648/572 521/663/584
f 138/664/559 521/665/584 1182/652/572 742/651/575
f 138/664/559 742/651/575 1079/93/67 338/137/105
f 138/664/559 338/137/105 1005/133/102 521/665/584
f 139/666/563 522/667/585 1183/656/579 743/655/578
f 139/666/563 743/655/578 1080/102/76 339/142/109
f 139/666/563 339/142/109 1006/141/108 522/667/585
f 140/668/567 522/669/585 1006/141/108 340/147/111
f 140/668/567 340/147/111 1081/115/89 744/661/583
f 140/668/567 744/661/583 1183/660/579 522/669/585
f 141/670/586 341/249/207 1007/248/206 505/671/587
f 141/670/586 505/671/587 1166/672/588 745/673/589
f 141/670/586 745/673/589 1258/674/590 749/675/591
f 141/670/586 749/675/591 1082/250/208 341/249/207
f 142/676/592 750/677/593 1259/678/594 746/679/595
f 142/676/592 746/679/595 1167/680/596 506/681/597
f 142/676/592 506/681/597 1008/257/215 342/256/214
f 142/676/592 342/256/214 1083/255/213 750/677/593
f 143/682/598 751/683/599 1260/684/600 747/685/601
f 143/682/598 747/685/601 1168/686/602 507/687/603
f 143/682/598 507/687/603 1009/266/224 343/265/223
f 143/682/598 343/265/223 1084/264/222 751/683/599
f 144/688/604 344/276/234 1010/275/233 508/689/605
f 144/688/604 508/689/605 1169/690/606 748/691/607
f 144/688/604 748/691/607 1261/692/608 752/693/609
f 144/688/604 752/693/609 1085/277/235 344/276/234
f 145/694/610 345/294/252 1082/250/208 749/675/591
f 145/694/610 749/675/591 1258/674/590 753/695/611
f 145/694/610 753/695/611 1170/696/612 509/697/613
f 145/694/610 509/697/613 1011/295/253 345/294/252
f 146/698/614 510/699/615 1171/700/616 754/701/617
f 146/698/614 754/701/617 1259/678/594 750/677/593
f 146/698/614 750/677/593 1083/255/213 346/301/259
f 146/698/614 346/301/259 1012/300/258 510/699/615
f 147/702/618 511/703/619 1172/704/620 755/705/621
f 147/702/618 755/705/621 1260/684/600 751/683/599
f 147/702/618 751/683/599 1084/264/222 347/307/265
f 147/702/618 347/307/265 1013/306/264 511/703/619
f 148/706/622 348/312/270 1085/277/235 752/693/609
f 148/706/622 752/693/609 1261/692/608 756/707/623
f 148/706/622 756/707/623 1173/708/624 512/709/625
f 148/706/622 512/709/625 1014/313/271 348/312/270
f 149/710/626 761/711/627 1174/712/628 513/713/629
f 149/710/626 513/713/629 1022/362/320 361/361/319
f 149/710/626 361/361/319 1090/365/323 757/714/630
f 149/710/626 757/714/630 1262/715/631 761/711/627
f 150/716/632 758/717/633 1091/371/329 362/370/328
f 150/716/632 362/370/328 1023/369/327 514/718/634
f 150/716/632 514/718/634 1175/719/635 762/720/636
f 150/716/632 762/720/636 1263/721/637 758/717/633
f 151/722/638 759/723/639 1092/377/335 363/376/334
f 151/722/638 363/376/334 1024/375/333 515/724/640
f 151/722/638 515/724/640 1176/725/641 763/726/642
f 151/722/638 763/726/642 1264/727/643 759/723/639
f 152/728/644 764/729/645 1177/730/646 516/731/647
f 152/728/644 516/731/647 1025/380/338 364/379/337
f 152/728/644 364/379/337 1093/383/341 760/732/648
f 152/728/644 760/732/648 1265/733/649 764/729/645
f 153/734/650 765/735/651 1262/715/631 757/714/630
f 153/734/650 757/714/630 1090/365/323 357/397/355
f 153/734/650 357/397/355 1011/295/253 509/697/613
f 153/734/650 509/697/613 1170/696/612 765/735/651
f 154/736/652 510/699/615 1012/300/258 358/399/357
f 154/736/652 358/399/357 1091/371/329 758/717/633
f 154/736/652 758/717/633 1263/721/637 766/737/653
f 154/736/652 766/737/653 1171/700/616 510/699/615
f 155/738/654 511/703/619 1013/306/264 359/401/359
f 155/738/654 359/401/359 1092/377/335 759/723/639
f 155/738/654 759/723/639 1264/727/643 767/739/655
f 155/738/654 767/739/655 1172/704/620 511/703/619
f 156/740/656 768/741/657 1265/733/649 760/732/648
f 156/740/656 760/732/648 1093/383/341 360/403/361
f 156/740/656 360/403/361 1014/313/271 512/709/625
f 156/740/656 512/709/625 1173/708/624 768/741/657
f 157/742/658 773/743/659 1178/744/660 517/745/661
f 157/742/658 517/745/661 1028/498/456 373/497/455
f 157/742/658 373/497/455 1096/501/459 769/746/662
f 157/742/658 769/746/662 1266/747/663 773/743/659
f 158/748/664 770/749/665 1097/507/465 374/506/464
f 158/748/664 374/506/464 1029/505/463 518/750/666
f 158/748/664 518/750/666 1179/751/667 774/752/668
f 158/748/664 774/752/668 1267/753/669 770/749/665
f 159/754/670 771/755/671 1098/513/471 375/512/470
f 159/754/670 375/512/470 1030/511/469 519/756/672
f 159/754/670 519/756/672 1180/757/673 775/758/674
f 159/754/670 775/758/674 1268/759/675 771/755/671
f 160/760/676 776/761/677 1181/762/678 520/763/679
f 160/760/676 520/763/679 1031/516/474 376/515/473
f 160/760/676 376/515/473 1099/519/477 772/764/680
f 160/760/676 772/764/680 1269/765/681 776/761/677
f 161/766/682 777/767/683 1266/747/663 769/746/662
f 161/766/682 769/746/662 1096/501/459 369/545/491
f 161/766/682 369/545/491 1022/547/320 513/768/629
f 161/766/682 513/768/629 1174/769/628 777/767/683
f 162/770/684 514/771/634 1023/551/327 370/550/493
f 162/770/684 370/550/493 1097/507/465 770/749/665
f 162/770/684 770/749/665 1267/753/669 778/772/685
f 162/770/684 778/772/685 1175/773/635 514/771/634
f 163/774/686 515/775/640 1024/555/333 371/554/495
f 163/774/686 371/554/495 1098/513/471 771/755/671
f 163/774/686 771/755/671 1268/759/675 779/776/687
f 163/774/686 779/776/687 1176/777/641 515/775/640
f 164/778/688 780/779/689 1269/765/681 772/764/680
f 164/778/688 772/764/680 1099/519/477 372/557/497
f 164/778/688 372/557/497 1025/559/338 516/780/647
f 164/778/688 516/780/647 1177/781/646 780/779/689
f 165/782/690 785/783/691 1202/784/692 565/785/693
f 165/782/690 565/785/693 1072/786/694 589/787/695
f 165/782/690 589/787/695 1214/788/696 781/789/697
f 165/782/690 781/789/697 1270/790/698 785/783/691
f 166/791/699 782/792/700 1215/793/701 590/794/702
f 166/791/699 590/794/702 1073/795/703 566/796/704
f 166/791/699 566/796/704 1203/797/705 786/798/706
f 166/791/699 786/798/706 1271/799/707 782/792/700
f 167/800/708 783/801/709 1216/802/710 591/803/711
f 167/800/708 591/803/711 1074/804/712 567/805/713
f 167/800/708 567/805/713 1204/806/714 787/807/715
f 167/800/708 787/807/715 1272/808/716 783/801/709
f 168/809/717 788/810/718 1205/811/719 568/812/720
f 168/809/717 568/812/720 1075/813/721 592/814/722
f 168/809/717 592/814/722 1217/815/723 784/816/724
f 168/809/717 784/816/724 1273/817/725 788/810/718
f 169/818/726 385/119/93 1034/5/5 561/819/727
f 169/818/726 561/819/727 1202/784/692 785/783/691
f 169/818/726 785/783/691 1270/790/698 789/820/728
f 169/818/726 789/820/728 1102/84/58 385/119/93
f 170/821/729 790/822/730 1271/799/707 786/798/706
f 170/821/729 786/798/706 1203/797/705 562/823/731
f 170/821/729 562/823/731 1035/14/13 386/123/95
f 170/821/729 386/123/95 1103/97/71 790/822/730
f 171/824/732 791/825/733 1272/808/716 787/807/715
f 171/824/732 787/807/715 1204/806/714 563/826/734
f 171/824/732 563/826/734 1036/23/21 387/126/97
f 171/824/732 387/126/97 1104/106/80 791/825/733
f 172/827/735 388/128/99 1037/32/29 564/828/736
f 172/827/735 564/828/736 1205/811/719 788/810/718
f 172/827/735 788/810/718 1273/817/725 792/829/737
f 172/827/735 792/829/737 1105/111/85 388/128/99
f 173/830/738 793/831/739 1270/790/698 781/789/697
f 173/830/738 781/789/697 1214/788/696 585/832/740
f 173/830/738 585/832/740 1066/833/741 541/834/742
f 173/830/738 541/834/742 1190/835/743 793/831/739
f 174/836/744 542/837/745 1067/838/746 586/839/747
f 174/836/744 586/839/747 1215/793/701 782/792/700
f 174/836/744 782/792/700 1271/799/707 794/840/748
f 174/836/744 794/840/748 1191/841/749 542/837/745
f 175/842/750 543/843/751 1068/844/752 587/845/753
f 175/842/750 587/845/753 1216/802/710 783/801/709
f 175/842/750 783/801/709 1272/808/716 795/846/754
f 175/842/750 795/846/754 1192/847/755 543/843/751
f 176/848/756 796/849/757 1273/817/725 784/816/724
f 176/848/756 784/816/724 1217/815/723 588/850/758
f 176/848/756 588/850/758 1069/851/759 544/852/760
f 176/848/756 544/852/760 1193/853/761 796/849/757
f 177/854/762 793/831/739 1190/835/743 537/855/763
f 177/854/762 537/855/763 1001/86/60 381/85/59
f 177/854/762 381/85/59 1102/84/58 789/820/728
f 177/854/762 789/820/728 1270/790/698 793/831/739
f 178/856/764 790/822/730 1103/97/71 382/96/70
f 178/856/764 382/96/70 1002/95/69 538/857/765
f 178/856/764 538/857/765 1191/841/749 794/840/748
f 178/856/764 794/840/748 1271/799/707 790/822/730
f 179/858/766 791/825/733 1104/106/80 383/105/79
f 179/858/766 383/105/79 1003/104/78 539/859/767
f 179/858/766 539/859/767 1192/847/755 795/846/754
f 179/858/766 795/846/754 1272/808/716 791/825/733
f 180/860/768 796/849/757 1193/853/761 540/861/769
f 180/860/768 540/861/769 1004/113/87 384/112/86
f 180/860/768 384/112/86 1105/111/85 792/829/737
f 180/860/768 792/829/737 1273/817/725 796/849/757
f 181/862/770 801/863/771 1206/864/772 569/865/773
f 181/862/770 569/865/773 1052/464/422 457/463/421
f 181/862/770 457/463/421 1138/462/420 797/866/774
f 181/862/770 797/866/774 1274/867/775 801/863/771
f 182/868/776 798/869/777 1139/475/433 458/474/432
f 182/868/776 458/474/432 1053/473/431 570/870/778
f 182/868/776 570/870/778 1207/871/779 802/872/780
f 182/868/776 802/872/780 1275/873/781 798/869/777
f 183/874/782 799/875/783 1140/484/442 459/483/441
f 183/874/782 459/483/441 1054/482/440 571/876/784
f 183/874/782 571/876/784 1208/877/785 803/878/786
f 183/874/782 803/878/786 1276/879/787 799/875/783
f 184/880/788 804/881/789 1209/882/790 572/883/791
f 184/880/788 572/883/791 1055/491/449 460/490/448
f 184/880/788 460/490/448 1141/489/447 800/884/792
f 184/880/788 800/884/792 1277/885/793 804/881/789
f 185/886/794 589/787/695 1072/786/694 573/887/795
f 185/886/794 573/887/795 1206/864/772 801/863/771
f 185/886/794 801/863/771 1274/867/775 805/888/796
f 185/886/794 805/888/796 1214/788/696 589/787/695
f 186/889/797 806/890/798 1275/873/781 802/872/780
f 186/889/797 802/872/780 1207/871/779 574/891/799
f 186/889/797 574/891/799 1073/795/703 590/794/702
f 186/889/797 590/794/702 1215/793/701 806/890/798
f 187/892/800 807/893/801 1276/879/787 803/878/786
f 187/892/800 803/878/786 1208/877/785 575/894/802
f 187/892/800 575/894/802 1074/804/712 591/803/711
f 187/892/800 591/803/711 1216/802/710 807/893/801
f 188/895/803 592/814/722 1075/813/721 576/896/804
f 188/895/803 576/896/804 1209/882/790 804/881/789
f 188/895/803 804/881/789 1277/885/793 808/897/805
f 188/895/803 808/897/805 1217/815/723 592/814/722
f 189/898/806 809/899/807 1274/867/775 797/866/774
f 189/898/806 797/866/774 1138/462/420 453/499/457
f 189/898/806 453/499/457 1028/498/456 545/900/808
f 189/898/806 545/900/808 1194/901/809 809/899/807
f 190/902/810 546/903/811 1029/505/463 454/504/462
f 190/902/810 454/504/462 1139/475/433 798/869/777
f 190/902/810 798/869/777 1275/873/781 810/904/812
f 190/902/810 810/904/812 1195/905/813 546/903/811
f 191/906/814 547/907/815 1030/511/469 455/510/468
f 191/906/814 455/510/468 1140/484/442 799/875/783
f 191/906/814 799/875/783 1276/879/787 811/908/816
f 191/906/814 811/908/816 1196/909/817 547/907/815
f 192/910/818 812/911/819 1277/885/793 800/884/792
f 192/910/818 800/884/792 1141/489/447 456/517/475
f 192/910/818 456/517/475 1031/516/474 548/912/820
f 192/910/818 548/912/820 1197/913/821 812/911/819
f 193/914/822 585/832/740 1214/788/696 805/888/796
f 193/914/822 805/888/796 1274/867/775 809/899/807
f 193/914/822 809/899/807 1194/901/809 549/915/823
f 193/914/822 549/915/823 1066/833/741 585/832/740
f 194/916/824 550/917/825 1195/905/813 810/904/812
f 194/916/824 810/904/812 1275/873/781 806/890/798
f 194/916/824 806/890/798 1215/793/701 586/839/747
f 194/916/824 586/839/747 1067/838/746 550/917/825
f 195/918/826 551/919/827 1196/909/817 811/908/816
f 195/918/826 811/908/816 1276/879/787 807/893/801
f 195/918/826 807/893/801 1216/802/710 587/845/753
f 195/918/826 587/845/753 1068/844/752 551/919/827
f 196/920/828 588/850/758 1217/815/723 808/897/805
f 196/920/828 808/897/805 1277/885/793 812/911/819
f 196/920/828 812/911/819 1197/913/821 552/921/829
f 196/920/828 552/921/829 1069/851/759 588/850/758
f 197/922/830 817/923/831 1198/924/832 555/925/833
f 197/922/830 555/925/833 1070/926/834 593/927/835
f 197/922/830 593/927/835 1218/928/836 813/929/837
f 197/922/830 813/929/837 1278/930/838 817/923/831
f 198/931/839 814/932/840 1219/933/841 594/934/842
f 198/931/839 594/934/842 1071/935/843 556/936/844
f 198/931/839 556/936/844 1199/937/845 818/938/846
f 198/931/839 818/938/846 1279/939/847 814/932/840
f 199/940/848 815/941/849 1220/942/850 595/943/851
f 199/940/848 595/943/851 1070/926/834 555/925/833
f 199/940/848 555/925/833 1198/924/832 819/944/852
f 199/940/848 819/944/852 1280/945/853 815/941/849
f 200/946/854 820/947/855 1199/937/845 556/936/844
f 200/946/854 556/936/844 1071/935/843 596/948/856
f 200/946/854 596/948/856 1221/949/857 816/950/858
f 200/946/854 816/950/858 1281/951/859 820/947/855
f 201/952/860 389/40/36 1015/39/35 553/953/861
f 201/952/860 553/953/861 1198/924/832 817/923/831
f 201/952/860 817/923/831 1278/930/838 821/954/862
f 201/952/860 821/954/862 1106/3/3 389/40/36
f 202/955/863 822/956/864 1279/939/847 818/938/846
f 202/955/863 818/938/846 1199/937/845 554/957/865
f 202/955/863 554/957/865 1016/46/42 390/45/41
f 202/955/863 390/45/41 1107/16/15 822/956/864
f 203/958/866 823/959/867 1280/945/853 819/944/852
f 203/958/866 819/944/852 1198/924/832 553/953/861
f 203/958/866 553/953/861 1015/39/35 391/51/47
f 203/958/866 391/51/47 1108/25/23 823/959/867
f 204/960/868 392/53/49 1016/46/42 554/957/865
f 204/960/868 554/957/865 1199/937/845 820/947/855
f 204/960/868 820/947/855 1281/951/859 824/961/869
f 204/960/868 824/961/869 1109/30/27 392/53/49
f 205/962/870 825/963/871 1278/930/838 813/929/837
f 205/962/870 813/929/837 1218/928/836 597/964/872
f 205/962/870 597/964/872 1072/786/694 565/785/693
f 205/962/870 565/785/693 1202/784/692 825/963/871
f 206/965/873 566/796/704 1073/795/703 598/966/874
f 206/965/873 598/966/874 1219/933/841 814/932/840
f 206/965/873 814/932/840 1279/939/847 826/967/875
f 206/965/873 826/967/875 1203/797/705 566/796/704
f 207/968/876 567/805/713 1074/804/712 599/969/877
f 207/968/876 599/969/877 1220/942/850 815/941/849
f 207/968/876 815/941/849 1280/945/853 827/970/878
f 207/968/876 827/970/878 1204/806/714 567/805/713
f 208/971/879 828/972/880 1281/951/859 816/950/858
f 208/971/879 816/950/858 1221/949/857 600/973/881
f 208/971/879 600/973/881 1075/813/721 568/812/720
f 208/971/879 568/812/720 1205/811/719 828/972/880
f 209/974/882 393/4/4 1106/3/3 821/954/862
f 209/974/882 821/954/862 1278/930/838 825/963/871
f 209/974/882 825/963/871 1202/784/692 561/819/727
f 209/974/882 561/819/727 1034/5/5 393/4/4
f 210/975/883 562/823/731 1203/797/705 826/967/875
f 210/975/883 826/967/875 1279/939/847 822/956/864
f 210/975/883 822/956/864 1107/16/15 394/15/14
f 210/975/883 394/15/14 1035/14/13 562/823/731
f 211/976/884 563/826/734 1204/806/714 827/970/878
f 211/976/884 827/970/878 1280/945/853 823/959/867
f 211/976/884 823/959/867 1108/25/23 395/24/22
f 211/976/884 395/24/22 1036/23/21 563/826/734
f 212/977/885 396/31/28 1109/30/27 824/961/869
f 212/977/885 824/961/869 1281/951/859 828/972/880
f 212/977/885 828/972/880 1205/811/719 564/828/736
f 212/977/885 564/828/736 1037/32/29 396/31/28
f 213/978/886 833/979/887 1200/980/888 557/981/889
f 213/978/886 557/981/889 1032/564/502 461/563/501
f 213/978/886 461/563/501 1142/562/500 829/982/890
f 213/978/886 829/982/890 1282/983/891 833/979/887
f 214/984/892 830/985/893 1143/575/513 462/574/512
f 214/984/892 462/574/512 1033/573/511 558/986/894
f 214/984/892 558/986/894 1201/987/895 834/988/896
f 214/984/892 834/988/896 1283/989/897 830/985/893
f 215/990/898 831/991/899 1144/581/519 463/580/518
f 215/990/898 463/580/518 1032/564/502 557/981/889
f 215/990/898 557/981/889 1200/980/888 835/992/900
f 215/990/898 835/992/900 1284/993/901 831/991/899
f 216/994/902 836/995/903 1201/987/895 558/986/894
f 216/994/902 558/986/894 1033/573/511 464/587/525
f 216/994/902 464/587/525 1145/586/524 832/996/904
f 216/994/902 832/996/904 1285/997/905 836/995/903
f 217/998/906 593/927/835 1070/926/834 559/999/907
f 217/998/906 559/999/907 1200/980/888 833/979/887
f 217/998/906 833/979/887 1282/983/891 837/1000/908
f 217/998/906 837/1000/908 1218/928/836 593/927/835
f 218/1001/909 838/1002/910 1283/989/897 834/988/896
f 218/1001/909 834/988/896 1201/987/895 560/1003/911
f 218/1001/909 560/1003/911 1071/935/843 594/934/842
f 218/1001/909 594/934/842 1219/933/841 838/1002/910
f 219/1004/912 839/1005/913 1284/993/901 835/992/900
f 219/1004/912 835/992/900 1200/980/888 559/999/907
f 219/1004/912 559/999/907 1070/926/834 595/943/851
f 219/1004/912 595/943/851 1220/942/850 839/1005/913
f 220/1006/914 596/948/856 1071/935/843 560/1003/911
f 220/1006/914 560/1003/911 1201/987/895 836/995/903
f 220/1006/914 836/995/903 1285/997/905 840/1007/915
f 220/1006/914 840/1007/915 1221/949/857 596/948/856
f 221/1008/916 841/1009/917 1282/983/891 829/982/890
f 221/1008/916 829/982/890 1142/562/500 465/591/529
f 221/1008/916 465/591/529 1052/464/422 569/865/773
f 221/1008/916 569/865/773 1206/864/772 841/1009/917
f 222/1010/918 570/870/778 1053/473/431 466/595/533
f 222/1010/918 466/595/533 1143/575/513 830/985/893
f 222/1010/918 830/985/893 1283/989/897 842/1011/919
f 222/1010/918 842/1011/919 1207/871/779 570/870/778
f 223/1012/920 571/876/784 1054/482/440 467/598/536
f 223/1012/920 467/598/536 1144/581/519 831/991/899
f 223/1012/920 831/991/899 1284/993/901 843/1013/921
f 223/1012/920 843/1013/921 1208/877/785 571/876/784
f 224/1014/922 844/1015/923 1285/997/905 832/996/904
f 224/1014/922 832/996/904 1145/586/524 468/600/538
f 224/1014/922 468/600/538 1055/491/449 572/883/791
f 224/1014/922 572/883/791 1209/882/790 844/1015/923
f 225/1016/924 597/964/872 1218/928/836 837/1000/908
f 225/1016/924 837/1000/908 1282/983/891 841/1009/917
f 225/1016/924 841/1009/917 1206/864/772 573/887/795
f 225/1016/924 573/887/795 1072/786/694 597/964/872
f 226/1017/925 574/891/799 1207/871/779 842/1011/919
f 226/1017/925 842/1011/919 1283/989/897 838/1002/910
f 226/1017/925 838/1002/910 1219/933/841 598/966/874
f 226/1017/925 598/966/874 1073/795/703 574/891/799
f 227/1018/926 575/894/802 1208/877/785 843/1013/921
f 227/1018/926 843/1013/921 1284/993/901 839/1005/913
f 227/1018/926 839/1005/913 1220/942/850 599/969/877
f 227/1018/926 599/969/877 1074/804/712 575/894/802
f 228/1019/927 600/973/881 1221/949/857 840/1007/915
f 228/1019/927 840/1007/915 1285/997/905 844/1015/923
f 228/1019/927 844/1015/923 1209/882/790 576/896/804
f 228/1019/927 576/896/804 1075/813/721 600/973/881
f 229/1020/928 849/1021/929 1190/835/743 541/834/742
f 229/1020/928 541/834/742 1066/833/741 601/1022/930
f 229/1020/928 601/1022/930 1222/1023/931 845/1024/932
f 229/1020/928 845/1024/932 1286/1025/933 849/1021/929
f 230/1026/934 846/1027/935 1223/1028/936 602/1029/937
f 230/1026/934 602/1029/937 1067/838/746 542/837/745
f 230/1026/934 542/837/745 1191/841/749 850/1030/938
f 230/1026/934 850/1030/938 1287/1031/939 846/1027/935
f 231/1032/940 847/1033/941 1224/1034/942 603/1035/943
f 231/1032/940 603/1035/943 1068/844/752 543/843/751
f 231/1032/940 543/843/751 1192/847/755 851/1036/944
f 231/1032/940 851/1036/944 1288/1037/945 847/1033/941
f 232/1038/946 852/1039/947 1193/853/761 544/852/760
f 232/1038/946 544/852/760 1069/851/759 604/1040/948
f 232/1038/946 604/1040/948 1225/1041/949 848/1042/950
f 232/1038/946 848/1042/950 1289/1043/951 852/1039/947
f 233/1044/952 501/632/556 1001/86/60 537/855/763
f 233/1044/952 537/855/763 1190/835/743 849/1021/929
f 233/1044/952 849/1021/929 1286/1025/933 853/1045/953
f 233/1044/952 853/1045/953 1162/633/557 501/632/556
f 234/1046/954 854/1047/955 1287/1031/939 850/1030/938
f 234/1046/954 850/1030/938 1191/841/749 538/857/765
f 234/1046/954 538/857/765 1002/95/69 502/637/561
f 234/1046/954 502/637/561 1163/636/560 854/1047/955
f 235/1048/956 855/1049/957 1288/1037/945 851/1036/944
f 235/1048/956 851/1036/944 1192/847/755 539/859/767
f 235/1048/956 539/859/767 1003/104/78 503/641/565
f 235/1048/956 503/641/565 1164/640/564 855/1049/957
f 236/1050/958 504/644/568 1004/113/87 540/861/769
f 236/1050/958 540/861/769 1193/853/761 852/1039/947
f 236/1050/958 852/1039/947 1289/1043/951 856/1051/959
f 236/1050/958 856/1051/959 1165/645/569 504/644/568
f 237/1052/960 861/1053/961 1194/901/809 545/900/808
f 237/1052/960 545/900/808 1028/498/456 517/745/661
f 237/1052/960 517/745/661 1178/744/660 857/1054/962
f 237/1052/960 857/1054/962 1290/1055/963 861/1053/961
f 238/1056/964 858/1057/965 1179/751/667 518/750/666
f 238/1056/964 518/750/666 1029/505/463 546/903/811
f 238/1056/964 546/903/811 1195/905/813 862/1058/966
f 238/1056/964 862/1058/966 1291/1059/967 858/1057/965
f 239/1060/968 859/1061/969 1180/757/673 519/756/672
f 239/1060/968 519/756/672 1030/511/469 547/907/815
f 239/1060/968 547/907/815 1196/909/817 863/1062/970
f 239/1060/968 863/1062/970 1292/1063/971 859/1061/969
f 240/1064/972 864/1065/973 1197/913/821 548/912/820
f 240/1064/972 548/912/820 1031/516/474 520/763/679
f 240/1064/972 520/763/679 1181/762/678 860/1066/974
f 240/1064/972 860/1066/974 1293/1067/975 864/1065/973
f 241/1068/976 601/1022/930 1066/833/741 549/915/823
f 241/1068/976 549/915/823 1194/901/809 861/1053/961
f 241/1068/976 861/1053/961 1290/1055/963 865/1069/977
f 241/1068/976 865/1069/977 1222/1023/931 601/1022/930
f 242/1070/978 866/1071/979 1291/1059/967 862/1058/966
f 242/1070/978 862/1058/966 1195/905/813 550/917/825
f 242/1070/978 550/917/825 1067/838/746 602/1029/937
f 242/1070/978 602/1029/937 1223/1028/936 866/1071/979
f 243/1072/980 867/1073/981 1292/1063/971 863/1062/970
f 243/1072/980 863/1062/970 1196/909/817 551/919/827
f 243/1072/980 551/919/827 1068/844/752 603/1035/943
f 243/1072/980 603/1035/943 1224/1034/942 867/1073/981
f 244/1074/982 604/1040/948 1069/851/759 552/921/829
f 244/1074/982 552/921/829 1197/913/821 864/1065/973
f 244/1074/982 864/1065/973 1293/1067/975 868/1075/983
f 244/1074/982 868/1075/983 1225/1041/949 604/1040/948
f 245/1076/984 737/647/571 1162/633/557 873/1077/985
f 245/1076/984 873/1077/985 1294/1078/986 957/1079/987
f 245/1076/984 957/1079/987 1182/648/572 737/647/571
f 246/1080/988 738/653/576 1182/652/572 958/1081/989
f 246/1080/988 958/1081/989 1295/1082/990 874/1083/991
f 246/1080/988 874/1083/991 1163/636/560 738/653/576
f 247/1084/992 739/657/580 1183/656/579 959/1085/993
f 247/1084/992 959/1085/993 1296/1086/994 875/1087/995
f 247/1084/992 875/1087/995 1164/640/564 739/657/580
f 248/1088/996 740/659/582 1165/645/569 876/1089/997
f 248/1088/996 876/1089/997 1297/1090/998 960/1091/999
f 248/1088/996 960/1091/999 1183/660/579 740/659/582
f 249/1092/1000 957/1079/987 1294/1078/986 869/1093/1001
f 249/1092/1000 869/1093/1001 1056/1094/1002 523/1095/1003
f 249/1092/1000 523/1095/1003 1182/648/572 957/1079/987
f 250/1096/1004 958/1081/989 1182/652/572 523/1097/1003
f 250/1096/1004 523/1097/1003 1056/1098/1002 870/1099/1005
f 250/1096/1004 870/1099/1005 1295/1082/990 958/1081/989
f 251/1100/1006 959/1085/993 1183/656/579 524/1101/1007
f 251/1100/1006 524/1101/1007 1057/1102/1008 871/1103/1009
f 251/1100/1006 871/1103/1009 1296/1086/994 959/1085/993
f 252/1104/1010 960/1091/999 1297/1090/998 872/1105/1011
f 252/1104/1010 872/1105/1011 1057/1106/1008 524/1107/1007
f 252/1104/1010 524/1107/1007 1183/660/579 960/1091/999
f 253/1108/1012 745/673/589 1166/672/588 881/1109/1013
f 253/1108/1012 881/1109/1013 1298/1110/1014 961/1111/1015
f 253/1108/1012 961/1111/1015 1318/1112/1016 921/1113/1017
f 253/1108/1012 921/1113/1017 1258/674/590 745/673/589
f 254/1114/1018 922/1115/1019 1319/1116/1020 962/1117/1021
f 254/1114/1018 962/1117/1021 1299/1118/1022 882/1119/1023
f 254/1114/1018 882/1119/1023 1167/680/596 746/679/595
f 254/1114/1018 746/679/595 1259/678/594 922/1115/1019
f 255/1120/1024 923/1121/1025 1320/1122/1026 963/1123/1027
f 255/1120/1024 963/1123/1027 1300/1124/1028 883/1125/1029
f 255/1120/1024 883/1125/1029 1168/686/602 747/685/601
f 255/1120/1024 747/685/601 1260/684/600 923/1121/1025
f 256/1126/1030 748/691/607 1169/690/606 884/1127/1031
f 256/1126/1030 884/1127/1031 1301/1128/1032 964/1129/1033
f 256/1126/1030 964/1129/1033 1321/1130/1034 924/1131/1035
f 256/1126/1030 924/1131/1035 1261/692/608 748/691/607
f 257/1132/1036 961/1111/1015 1298/1110/1014 877/1133/1037
f 257/1132/1036 877/1133/1037 1058/1134/1038 525/1135/1039
f 257/1132/1036 525/1135/1039 1184/1136/1040 917/1137/1041
f 257/1132/1036 917/1137/1041 1318/1112/1016 961/1111/1015
f 258/1138/1042 918/1139/1043 1184/1140/1040 525/1141/1039
f 258/1138/1042 525/1141/1039 1058/1142/1038 878/1143/1044
f 258/1138/1042 878/1143/1044 1299/1118/1022 962/1117/1021
f 258/1138/1042 962/1117/1021 1319/1116/1020 918/1139/1043
f 259/1144/1045 919/1145/1046 1185/1146/1047 526/1147/1048
f 259/1144/1045 526/1147/1048 1059/1148/1049 879/1149/1050
f 259/1144/1045 879/1149/1050 1300/1124/1028 963/1123/1027
f 259/1144/1045 963/1123/1027 1320/1122/1026 919/1145/1046
f 260/1150/1051 964/1129/1033 1301/1128/1032 880/1151/1052
f 260/1150/1051 880/1151/1052 1059/1152/1049 526/1153/1048
f 260/1150/1051 526/1153/1048 1185/1154/1047 920/1155/1053
f 260/1150/1051 920/1155/1053 1321/1130/1034 964/1129/1033
f 261/1156/1054 753/695/611 1258/674/590 921/1113/1017
f 261/1156/1054 921/1113/1017 1318/1112/1016 965/1157/1055
f 261/1156/1054 965/1157/1055 1302/1158/1056 889/1159/1057
f 261/1156/1054 889/1159/1057 1170/696/612 753/695/611
f 262/1160/1058 890/1161/1059 1303/1162/1060 966/1163/1061
f 262/1160/1058 966/1163/1061 1319/1116/1020 922/1115/1019
f 262/1160/1058 922/1115/1019 1259/678/594 754/701/617
f 262/1160/1058 754/701/617 1171/700/616 890/1161/1059
f 263/1164/1062 891/1165/1063 1304/1166/1064 967/1167/1065
f 263/1164/1062 967/1167/1065 1320/1122/1026 923/1121/1025
f 263/1164/1062 923/1121/1025 1260/684/600 755/705/621
f 263/1164/1062 755/705/621 1172/704/620 891/1165/1063
f 264/1168/1066 756/707/623 1261/692/608 924/1131/1035
f 264/1168/1066 924/1131/1035 1321/1130/1034 968/1169/1067
f 264/1168/1066 968/1169/1067 1305/1170/1068 892/1171/1069
f 264/1168/1066 892/1171/1069 1173/708/624 756/707/623
f 265/1172/1070 965/1157/1055 1318/1112/1016 917/1137/1041
f 265/1172/1070 917/1137/1041 1184/1136/1040 527/1173/1071
f 265/1172/1070 527/1173/1071 1060/1174/1072 885/1175/1073
f 265/1172/1070 885/1175/1073 1302/1158/1056 965/1157/1055
f 266/1176/1074 886/1177/1075 1060/1178/1072 527/1179/1071
f 266/1176/1074 527/1179/1071 1184/1140/1040 918/1139/1043
f 266/1176/1074 918/1139/1043 1319/1116/1020 966/1163/1061
f 266/1176/1074 966/1163/1061 1303/1162/1060 886/1177/1075
f 267/1180/1076 887/1181/1077 1061/1182/1078 528/1183/1079
f 267/1180/1076 528/1183/1079 1185/1146/1047 919/1145/1046
f 267/1180/1076 919/1145/1046 1320/1122/1026 967/1167/1065
f 267/1180/1076 967/1167/1065 1304/1166/1064 887/1181/1077
f 268/1184/1080 968/1169/1067 1321/1130/1034 920/1155/1053
f 268/1184/1080 920/1155/1053 1185/1154/1047 528/1185/1079
f 268/1184/1080 528/1185/1079 1061/1186/1078 888/1187/1081
f 268/1184/1080 888/1187/1081 1305/1170/1068 968/1169/1067
f 269/1188/1082 531/1189/1083 1062/1190/1084 893/1191/1085
f 269/1188/1082 893/1191/1085 1306/1192/1086 969/1193/1087
f 269/1188/1082 969/1193/1087 1322/1194/1088 925/1195/1089
f 269/1188/1082 925/1195/1089 1186/1196/1090 531/1189/1083
f 270/1197/1091 926/1198/1092 1323/1199/1093 970/1200/1094
f 270/1197/1091 970/1200/1094 1307/1201/1095 894/1202/1096
f 270/1197/1091 894/1202/1096 1062/1203/1084 531/1204/1083
f 270/1197/1091 531/1204/1083 1186/1205/1090 926/1198/1092
f 271/1206/1097 927/1207/1098 1324/1208/1099 971/1209/1100
f 271/1206/1097 971/1209/1100 1308/1210/1101 895/1211/1102
f 271/1206/1097 895/1211/1102 1063/1212/1103 532/1213/1104
f 271/1206/1097 532/1213/1104 1187/1214/1105 927/1207/1098
f 272/1215/1106 532/1216/1104 1063/1217/1103 896/1218/1107
f 272/1215/1106 896/1218/1107 1309/1219/1108 972/1220/1109
f 272/1215/1106 972/1220/1109 1325/1221/1110 928/1222/1111
f 272/1215/1106 928/1222/1111 1187/1223/1105 532/1216/1104
f 273/1224/1112 969/1193/1087 1306/1192/1086 897/1225/1113
f 273/1224/1112 897/1225/1113 1174/712/628 761/711/627
f 273/1224/1112 761/711/627 1262/715/631 929/1226/1114
f 273/1224/1112 929/1226/1114 1322/1194/1088 969/1193/1087
f 274/1227/1115 930/1228/1116 1263/721/637 762/720/636
f 274/1227/1115 762/720/636 1175/719/635 898/1229/1117
f 274/1227/1115 898/1229/1117 1307/1201/1095 970/1200/1094
f 274/1227/1115 970/1200/1094 1323/1199/1093 930/1228/1116
f 275/1230/1118 931/1231/1119 1264/727/643 763/726/642
f 275/1230/1118 763/726/642 1176/725/641 899/1232/1120
f 275/1230/1118 899/1232/1120 1308/1210/1101 971/1209/1100
f 275/1230/1118 971/1209/1100 1324/1208/1099 931/1231/1119
f 276/1233/1121 972/1220/1109 1309/1219/1108 900/1234/1122
f 276/1233/1121 900/1234/1122 1177/730/646 764/729/645
f 276/1233/1121 764/729/645 1265/733/649 932/1235/1123
f 276/1233/1121 932/1235/1123 1325/1221/1110 972/1220/1109
f 277/1236/1124 529/1237/1125 1186/1196/1090 925/1195/1089
f 277/1236/1124 925/1195/1089 1322/1194/1088 973/1238/1126
f 277/1236/1124 973/1238/1126 1302/1158/1056 885/1175/1073
f 277/1236/1124 885/1175/1073 1060/1174/1072 529/1237/1125
f 278/1239/1127 886/1177/1075 1303/1162/1060 974/1240/1128
f 278/1239/1127 974/1240/1128 1323/1199/1093 926/1198/1092
f 278/1239/1127 926/1198/1092 1186/1205/1090 529/1241/1125
f 278/1239/1127 529/1241/1125 1060/1178/1072 886/1177/1075
f 279/1242/1129 887/1181/1077 1304/1166/1064 975/1243/1130
f 279/1242/1129 975/1243/1130 1324/1208/1099 927/1207/1098
f 279/1242/1129 927/1207/1098 1187/1214/1105 530/1244/1131
f 279/1242/1129 530/1244/1131 1061/1182/1078 887/1181/1077
f 280/1245/1132 530/1246/1131 1187/1223/1105 928/1222/1111
f 280/1245/1132 928/1222/1111 1325/1221/1110 976/1247/1133
f 280/1245/1132 976/1247/1133 1305/1170/1068 888/1187/1081
f 280/1245/1132 888/1187/1081 1061/1186/1078 530/1246/1131
f 281/1248/1134 973/1238/1126 1322/1194/1088 929/1226/1114
f 281/1248/1134 929/1226/1114 1262/715/631 765/735/651
f 281/1248/1134 765/735/651 1170/696/612 889/1159/1057
f 281/1248/1134 889/1159/1057 1302/1158/1056 973/1238/1126
f 282/1249/1135 890/1161/1059 1171/700/616 766/737/653
f 282/1249/1135 766/737/653 1263/721/637 930/1228/1116
f 282/1249/1135 930/1228/1116 1323/1199/1093 974/1240/1128
f 282/1249/1135 974/1240/1128 1303/1162/1060 890/1161/1059
f 283/1250/1136 891/1165/1063 1172/704/620 767/739/655
f 283/1250/1136 767/739/655 1264/727/643 931/1231/1119
f 283/1250/1136 931/1231/1119 1324/1208/1099 975/1243/1130
f 283/1250/1136 975/1243/1130 1304/1166/1064 891/1165/1063
f 284/1251/1137 976/1247/1133 1325/1221/1110 932/1235/1123
f 284/1251/1137 932/1235/1123 1265/733/649 768/741/657
f 284/1251/1137 768/741/657 1173/708/624 892/1171/1069
f 284/1251/1137 892/1171/1069 1305/1170/1068 976/1247/1133
f 285/1252/1138 535/1253/1139 1064/1254/1140 901/1255/1141
f 285/1252/1138 901/1255/1141 1310/1256/1142 977/1257/1143
f 285/1252/1138 977/1257/1143 1326/1258/1144 933/1259/1145
f 285/1252/1138 933/1259/1145 1188/1260/1146 535/1253/1139
f 286/1261/1147 934/1262/1148 1327/1263/1149 978/1264/1150
f 286/1261/1147 978/1264/1150 1311/1265/1151 902/1266/1152
f 286/1261/1147 902/1266/1152 1064/1267/1140 535/1268/1139
f 286/1261/1147 535/1268/1139 1188/1269/1146 934/1262/1148
f 287/1270/1153 935/1271/1154 1328/1272/1155 979/1273/1156
f 287/1270/1153 979/1273/1156 1312/1274/1157 903/1275/1158
f 287/1270/1153 903/1275/1158 1065/1276/1159 536/1277/1160
f 287/1270/1153 536/1277/1160 1189/1278/1161 935/1271/1154
f 288/1279/1162 536/1280/1160 1065/1281/1159 904/1282/1163
f 288/1279/1162 904/1282/1163 1313/1283/1164 980/1284/1165
f 288/1279/1162 980/1284/1165 1329/1285/1166 936/1286/1167
f 288/1279/1162 936/1286/1167 1189/1287/1161 536/1280/1160
f 289/1288/1168 977/1257/1143 1310/1256/1142 905/1289/1169
f 289/1288/1168 905/1289/1169 1178/744/660 773/743/659
f 289/1288/1168 773/743/659 1266/747/663 937/1290/1170
f 289/1288/1168 937/1290/1170 1326/1258/1144 977/1257/1143
f 290/1291/1171 938/1292/1172 1267/753/669 774/752/668
f 290/1291/1171 774/752/668 1179/751/667 906/1293/1173
f 290/1291/1171 906/1293/1173 1311/1265/1151 978/1264/1150
f 290/1291/1171 978/1264/1150 1327/1263/1149 938/1292/1172
f 291/1294/1174 939/1295/1175 1268/759/675 775/758/674
f 291/1294/1174 775/758/674 1180/757/673 907/1296/1176
f 291/1294/1174 907/1296/1176 1312/1274/1157 979/1273/1156
f 291/1294/1174 979/1273/1156 1328/1272/1155 939/1295/1175
f 292/1297/1177 980/1284/1165 1313/1283/1164 908/1298/1178
f 292/1297/1177 908/1298/1178 1181/762/678 776/761/677
f 292/1297/1177 776/761/677 1269/765/681 940/1299/1179
f 292/1297/1177 940/1299/1179 1329/1285/1166 980/1284/1165
f 293/1300/1180 533/1301/1181 1188/1260/1146 933/1259/1145
f 293/1300/1180 933/1259/1145 1326/1258/1144 981/1302/1182
f 293/1300/1180 981/1302/1182 1306/1303/1086 893/1304/1085
f 293/1300/1180 893/1304/1085 1062/1305/1084 533/1301/1181
f 294/1306/1183 894/1307/1096 1307/1308/1095 982/1309/1184
f 294/1306/1183 982/1309/1184 1327/1263/1149 934/1262/1148
f 294/1306/1183 934/1262/1148 1188/1269/1146 533/1310/1181
f 294/1306/1183 533/1310/1181 1062/1311/1084 894/1307/1096
f 295/1312/1185 895/1313/1102 1308/1314/1101 983/1315/1186
f 295/1312/1185 983/1315/1186 1328/1272/1155 935/1271/1154
f 295/1312/1185 935/1271/1154 1189/1278/1161 534/1316/1187
f 295/1312/1185 534/1316/1187 1063/1317/1103 895/1313/1102
f 296/1318/1188 534/1319/1187 1189/1287/1161 936/1286/1167
f 296/1318/1188 936/1286/1167 1329/1285/1166 984/1320/1189
f 296/1318/1188 984/1320/1189 1309/1321/1108 896/1322/1107
f 296/1318/1188 896/1322/1107 1063/1323/1103 534/1319/1187
f 297/1324/1190 981/1302/1182 1326/1258/1144 937/1290/1170
f 297/1324/1190 937/1290/1170 1266/747/663 777/767/683
f 297/1324/1190 777/767/683 1174/769/628 897/1325/1113
f 297/1324/1190 897/1325/1113 1306/1303/1086 981/1302/1182
f 298/1326/1191 898/1327/1117 1175/773/635 778/772/685
f 298/1326/1191 778/772/685 1267/753/669 938/1292/1172
f 298/1326/1191 938/1292/1172 1327/1263/1149 982/1309/1184
f 298/1326/1191 982/1309/1184 1307/1308/1095 898/1327/1117
f 299/1328/1192 899/1329/1120 1176/777/641 779/776/687
f 299/1328/1192 779/776/687 1268/759/675 939/1295/1175
f 299/1328/1192 939/1295/1175 1328/1272/1155 983/1315/1186
f 299/1328/1192 983/1315/1186 1308/1314/1101 899/1329/1120
f 300/1330/1193 984/1320/1189 1329/1285/1166 940/1299/1179
f 300/1330/1193 940/1299/1179 1269/765/681 780/779/689
f 300/1330/1193 780/779/689 1177/781/646 900/1331/1122
f 300/1330/1193 900/1331/1122 1309/1321/1108 984/1320/1189
f 301/1332/1194 845/1024/932 1222/1023/931 913/1333/1195
f 301/1332/1194 913/1333/1195 1314/1334/1196 985/1335/1197
f 301/1332/1194 985/1335/1197 1330/1336/1198 945/1337/1199
f 301/1332/1194 945/1337/1199 1286/1025/933 845/1024/932
f 302/1338/1200 946/1339/1201 1331/1340/1202 986/1341/1203
f 302/1338/1200 986/1341/1203 1315/1342/1204 914/1343/1205
f 302/1338/1200 914/1343/1205 1223/1028/936 846/1027/935
f 302/1338/1200 846/1027/935 1287/1031/939 946/1339/1201
f 303/1344/1206 947/1345/1207 1332/1346/1208 987/1347/1209
f 303/1344/1206 987/1347/1209 1316/1348/1210 915/1349/1211
f 303/1344/1206 915/1349/1211 1224/1034/942 847/1033/941
f 303/1344/1206 847/1033/941 1288/1037/945 947/1345/1207
f 304/1350/1212 848/1042/950 1225/1041/949 916/1351/1213
f 304/1350/1212 916/1351/1213 1317/1352/1214 988/1353/1215
f 304/1350/1212 988/1353/1215 1333/1354/1216 948/1355/1217
f 304/1350/1212 948/1355/1217 1289/1043/951 848/1042/950
f 305/1356/1218 985/1335/1197 1314/1334/1196 909/1357/1219
f 305/1356/1218 909/1357/1219 1076/1358/1220 583/1359/1221
f 305/1356/1218 583/1359/1221 1212/1360/1222 941/1361/1223
f 305/1356/1218 941/1361/1223 1330/1336/1198 985/1335/1197
f 306/1362/1224 942/1363/1225 1212/1364/1222 583/1365/1221
f 306/1362/1224 583/1365/1221 1076/1366/1220 910/1367/1226
f 306/1362/1224 910/1367/1226 1315/1342/1204 986/1341/1203
f 306/1362/1224 986/1341/1203 1331/1340/1202 942/1363/1225
f 307/1368/1227 943/1369/1228 1213/1370/1229 584/1371/1230
f 307/1368/1227 584/1371/1230 1077/1372/1231 911/1373/1232
f 307/1368/1227 911/1373/1232 1316/1348/1210 987/1347/1209
f 307/1368/1227 987/1347/1209 1332/1346/1208 943/1369/1228
f 308/1374/1233 988/1353/1215 1317/1352/1214 912/1375/1234
f 308/1374/1233 912/1375/1234 1077/1376/1231 584/1377/1230
f 308/1374/1233 584/1377/1230 1213/1378/1229 944/1379/1235
f 308/1374/1233 944/1379/1235 1333/1354/1216 988/1353/1215
f 309/1380/1236 853/1045/953 1286/1025/933 945/1337/1199
f 309/1380/1236 945/1337/1199 1330/1336/1198 989/1381/1237
f 309/1380/1236 989/1381/1237 1294/1078/986 873/1077/985
f 309/1380/1236 873/1077/985 1162/633/557 853/1045/953
f 310/1382/1238 874/1083/991 1295/1082/990 990/1383/1239
f 310/1382/1238 990/1383/1239 1331/1340/1202 946/1339/1201
f 310/1382/1238 946/1339/1201 1287/1031/939 854/1047/955
f 310/1382/1238 854/1047/955 1163/636/560 874/1083/991
f 311/1384/1240 875/1087/995 1296/1086/994 991/1385/1241
f 311/1384/1240 991/1385/1241 1332/1346/1208 947/1345/1207
f 311/1384/1240 947/1345/1207 1288/1037/945 855/1049/957
f 311/1384/1240 855/1049/957 1164/640/564 875/1087/995
f 312/1386/1242 856/1051/959 1289/1043/951 948/1355/1217
f 312/1386/1242 948/1355/1217 1333/1354/1216 992/1387/1243
f 312/1386/1242 992/1387/1243 1297/1090/998 876/1089/997
f 312/1386/1242 876/1089/997 1165/645/569 856/1051/959
f 313/1388/1244 989/1381/1237 1330/1336/1198 941/1361/1223
f 313/1388/1244 941/1361/1223 1212/1360/1222 581/1389/1245
f 313/1388/1244 581/1389/1245 1056/1094/1002 869/1093/1001
f 313/1388/1244 869/1093/1001 1294/1078/986 989/1381/1237
f 314/1390/1246 870/1099/1005 1056/1098/1002 581/1391/1245
f 314/1390/1246 581/1391/1245 1212/1364/1222 942/1363/1225
f 314/1390/1246 942/1363/1225 1331/1340/1202 990/1383/1239
f 314/1390/1246 990/1383/1239 1295/1082/990 870/1099/1005
f 315/1392/1247 871/1103/1009 1057/1102/1008 582/1393/1248
f 315/1392/1247 582/1393/1248 1213/1370/1229 943/1369/1228
f 315/1392/1247 943/1369/1228 1332/1346/1208 991/1385/1241
f 315/1392/1247 991/1385/1241 1296/1086/994 871/1103/1009
f 316/1394/1249 992/1387/1243 1333/1354/1216 944/1379/1235
f 316/1394/1249 944/1379/1235 1213/1378/1229 582/1395/1248
f 316/1394/1249 582/1395/1248 1057/1106/1008 872/1105/1011
f 316/1394/1249 872/1105/1011 1297/1090/998 992/1387/1243
f 317/1396/1250 857/1054/962 1178/744/660 905/1289/1169
f 317/1396/1250 905/1289/1169 1310/1256/1142 993/1397/1251
f 317/1396/1250 993/1397/1251 1334/1398/1252 953/1399/1253
f 317/1396/1250 953/1399/1253 1290/1055/963 857/1054/962
f 318/1400/1254 954/1401/1255 1335/1402/1256 994/1403/1257
f 318/1400/1254 994/1403/1257 1311/1265/1151 906/1293/1173
f 318/1400/1254 906/1293/1173 1179/751/667 858/1057/965
f 318/1400/1254 858/1057/965 1291/1059/967 954/1401/1255
f 319/1404/1258 955/1405/1259 1336/1406/1260 995/1407/1261
f 319/1404/1258 995/1407/1261 1312/1274/1157 907/1296/1176
f 319/1404/1258 907/1296/1176 1180/757/673 859/1061/969
f 319/1404/1258 859/1061/969 1292/1063/971 955/1405/1259
f 320/1408/1262 860/1066/974 1181/762/678 908/1298/1178
f 320/1408/1262 908/1298/1178 1313/1283/1164 996/1409/1263
f 320/1408/1262 996/1409/1263 1337/1410/1264 956/1411/1265
f 320/1408/1262 956/1411/1265 1293/1067/975 860/1066/974
f 321/1412/1266 993/1397/1251 1310/1256/1142 901/1255/1141
f 321/1412/1266 901/1255/1141 1064/1254/1140 577/1413/1267
f 321/1412/1266 577/1413/1267 1210/1414/1268 949/1415/1269
f 321/1412/1266 949/1415/1269 1334/1398/1252 993/1397/1251
f 322/1416/1270 950/1417/1271 1210/1418/1268 577/1419/1267
f 322/1416/1270 577/1419/1267 1064/1267/1140 902/1266/1152
f 322/1416/1270 902/1266/1152 1311/1265/1151 994/1403/1257
f 322/1416/1270 994/1403/1257 1335/1402/1256 950/1417/1271
f 323/1420/1272 951/1421/1273 1211/1422/1274 578/1423/1275
f 323/1420/1272 578/1423/1275 1065/1276/1159 903/1275/1158
f 323/1420/1272 903/1275/1158 1312/1274/1157 995/1407/1261
f 323/1420/1272 995/1407/1261 1336/1406/1260 951/1421/1273
f 324/1424/1276 996/1409/1263 1313/1283/1164 904/1282/1163
f 324/1424/1276 904/1282/1163 1065/1281/1159 578/1425/1275
f 324/1424/1276 578/1425/1275 1211/1426/1274 952/1427/1277
f 324/1424/1276 952/1427/1277 1337/1410/1264 996/1409/1263
f 325/1428/1278 865/1069/977 1290/1055/963 953/1399/1253
f 325/1428/1278 953/1399/1253 1334/1398/1252 997/1429/1279
f 325/1428/1278 997/1429/1279 1314/1334/1196 913/1333/1195
f 325/1428/1278 913/1333/1195 1222/1023/931 865/1069/977
f 326/1430/1280 914/1343/1205 1315/1342/1204 998/1431/1281
f 326/1430/1280 998/1431/1281 1335/1402/1256 954/1401/1255
f 326/1430/1280 954/1401/1255 1291/1059/967 866/1071/979
f 326/1430/1280 866/1071/979 1223/1028/936 914/1343/1205
f 327/1432/1282 915/1349/1211 1316/1348/1210 999/1433/1283
f 327/1432/1282 999/1433/1283 1336/1406/1260 955/1405/1259
f 327/1432/1282 955/1405/1259 1292/1063/971 867/1073/981
f 327/1432/1282 867/1073/981 1224/1034/942 915/1349/1211
f 328/1434/1284 868/1075/983 1293/1067/975 956/1411/1265
f 328/1434/1284 956/1411/1265 1337/1410/1264 1000/1435/1285
f 328/1434/1284 1000/1435/1285 1317/1352/1214 916/1351/1213
f 328/1434/1284 916/1351/1213 1225/1041/949 868/1075/983
f 329/1436/1286 997/1429/1279 1334/1398/1252 949/1415/1269
f 329/1436/1286 949/1415/1269 1210/1414/1268 579/1437/1287
f 329/1436/1286 579/1437/1287 1076/1358/1220 909/1357/1219
f 329/1436/1286 909/1357/1219 1314/1334/1196 997/1429/1279
f 330/1438/1288 910/1367/1226 1076/1366/1220 579/1439/1287
f 330/1438/1288 579/1439/1287 1210/1418/1268 950/1417/1271
f 330/1438/1288 950/1417/1271 1335/1402/1256 998/1431/1281
f 330/1438/1288 998/1431/1281 1315/1342/1204 910/1367/1226
f 331/1440/1289 911/1373/1232 1077/1372/1231 580/1441/1290
f 331/1440/1289 580/1441/1290 1211/1422/1274 951/1421/1273
f 331/1440/1289 951/1421/1273 1336/1406/1260 999/1433/1283
f 331/1440/1289 999/1433/1283 1316/1348/1210 911/1373/1232
f 332/1442/1291 1000/1435/1285 1337/1410/1264 952/1427/1277
f 332/1442/1291 952/1427/1277 1211/1426/1274 580/1443/1290
f 332/1442/1291 580/1443/1290 1077/1376/1231 912/1375/1234
f 332/1442/1291 912/1375/1234 1317/1352/1214 1000/1435/1285
